Experiment_ID,Cell_Line,Concentration,Exposure_Time,ROS,LDH,Apoptosis,Cell_Viability,Toxicity_Score,IC50,Safe_Range
EXP-ZNO-00001,Caco-2,190.17,48,70.33,62.06,63.42,11.75,73.16,39.23,0 - 17.65
EXP-ZNO-00002,HepG2,194.0,72,86.96,73.19,68.43,5.0,90.44,28.59,0 - 12.87
EXP-ZNO-00003,PC12,86.67,72,89.54,77.92,73.04,6.65,100.31,27.23,0 - 12.25
EXP-ZNO-00004,A549,103.09,48,87.06,72.4,72.46,15.08,97.92,29.81,0 - 13.42
EXP-ZNO-00005,Caco-2,189.8,12,66.13,66.96,56.4,15.12,70.46,63.73,0 - 28.68
EXP-ZNO-00006,A549,52.13,6,53.71,53.26,44.21,51.63,59.46,61.73,0 - 27.78
EXP-ZNO-00007,HepG2,193.93,72,78.71,67.47,70.46,7.29,86.93,28.59,0 - 12.87
EXP-ZNO-00008,PC12,56.55,6,48.14,44.04,41.87,51.3,53.89,64.98,0 - 29.24
EXP-ZNO-00009,A549,154.37,24,88.01,86.83,76.91,7.8,105.92,38.0,0 - 17.1
EXP-ZNO-00010,CHO,146.06,72,67.06,54.49,54.02,13.89,65.47,37.44,0 - 16.85
EXP-ZNO-00011,A549,144.49,6,81.9,69.41,68.39,19.12,92.99,61.73,0 - 27.78
EXP-ZNO-00012,HeLa,112.87,48,77.37,69.83,69.18,10.97,80.84,35.31,0 - 15.89
EXP-ZNO-00013,HEK293,15.86,72,19.23,14.89,11.23,78.45,15.76,40.85,0 - 18.38
EXP-ZNO-00014,PC12,71.58,48,80.87,65.01,62.03,19.15,87.0,31.38,0 - 14.12
EXP-ZNO-00015,HepG2,83.77,24,69.06,58.76,56.03,24.65,72.14,42.0,0 - 18.9
EXP-ZNO-00016,Jurkat,73.04,48,83.2,75.56,71.05,18.65,103.1,23.54,0 - 10.59
EXP-ZNO-00017,HeLa,122.11,24,71.37,60.38,55.48,18.28,72.51,45.0,0 - 20.25
EXP-ZNO-00018,PC12,16.63,48,28.61,27.12,29.96,68.0,34.83,31.38,0 - 14.12
EXP-ZNO-00019,MCF-7,163.38,24,100.0,84.72,77.56,9.93,111.72,35.0,0 - 15.75
EXP-ZNO-00020,HEK293,142.37,24,64.74,54.75,42.3,16.46,58.88,60.0,0 - 27.0
EXP-ZNO-00021,CHO,135.3,6,55.27,43.55,37.47,37.54,48.99,89.35,0 - 40.21
EXP-ZNO-00022,Jurkat,106.17,48,100.0,84.62,87.26,8.04,119.29,23.54,0 - 10.59
EXP-ZNO-00023,A549,145.33,24,89.01,80.71,73.08,13.62,100.87,38.0,0 - 17.1
EXP-ZNO-00024,HepG2,130.57,24,68.24,60.95,55.95,19.26,75.13,42.0,0 - 18.9
EXP-ZNO-00025,HEK293,131.69,24,49.1,45.46,47.58,24.46,52.31,60.0,0 - 27.0
EXP-ZNO-00026,MCF-7,100.78,72,100.0,87.91,77.44,8.56,113.15,23.83,0 - 10.72
EXP-ZNO-00027,A549,5.35,48,5.32,7.98,6.54,93.91,7.54,29.81,0 - 13.42
EXP-ZNO-00028,A549,170.68,48,90.84,83.94,82.37,5.0,108.74,29.81,0 - 13.42
EXP-ZNO-00029,MCF-7,79.24,6,56.9,49.63,52.32,43.23,68.82,56.86,0 - 25.59
EXP-ZNO-00030,Jurkat,141.93,24,100.0,87.19,84.92,5.0,121.31,30.0,0 - 13.5
EXP-ZNO-00031,CHO,16.78,72,11.57,22.72,11.07,76.71,17.12,37.44,0 - 16.85
EXP-ZNO-00032,PC12,167.87,72,95.25,74.97,77.75,5.0,102.88,27.23,0 - 12.25
EXP-ZNO-00033,CHO,54.67,72,46.49,43.94,44.57,37.18,48.59,37.44,0 - 16.85
EXP-ZNO-00034,CHO,26.98,48,23.74,28.24,19.85,66.43,25.87,43.15,0 - 19.42
EXP-ZNO-00035,PC12,37.27,72,61.99,56.54,51.91,35.08,70.29,27.23,0 - 12.25
EXP-ZNO-00036,HepG2,132.21,6,73.07,54.0,60.27,25.53,72.44,68.23,0 - 30.7
EXP-ZNO-00037,PC12,151.69,24,81.82,75.26,60.71,12.5,92.59,40.0,0 - 18.0
EXP-ZNO-00038,HeLa,80.0,72,68.73,55.52,50.84,25.37,67.02,30.64,0 - 13.79
EXP-ZNO-00039,PC12,100.88,24,76.52,68.45,65.63,20.89,86.22,40.0,0 - 18.0
EXP-ZNO-00040,CHO,77.94,48,65.37,52.63,47.09,25.59,58.71,43.15,0 - 19.42
EXP-ZNO-00041,A549,192.26,6,89.51,74.23,68.93,15.72,97.82,61.73,0 - 27.78
EXP-ZNO-00042,NIH-3T3,125.97,12,46.11,36.43,38.69,35.61,42.15,82.85,0 - 37.28
EXP-ZNO-00043,PC12,150.25,72,90.14,85.96,81.09,5.05,104.14,27.23,0 - 12.25
EXP-ZNO-00044,Jurkat,21.07,24,44.31,33.98,36.27,63.27,49.09,30.0,0 - 13.5
EXP-ZNO-00045,A549,11.17,6,5.3,12.47,2.46,94.02,7.55,61.73,0 - 27.78
EXP-ZNO-00046,NIH-3T3,120.69,24,54.07,53.11,44.85,22.07,51.58,65.0,0 - 29.25
EXP-ZNO-00047,Jurkat,167.47,12,95.11,87.66,85.72,8.72,117.87,38.24,0 - 17.21
EXP-ZNO-00048,MCF-7,102.91,72,88.97,84.68,77.52,10.76,108.43,23.83,0 - 10.72
EXP-ZNO-00049,HEK293,75.56,48,41.68,37.83,33.27,40.64,41.38,47.08,0 - 21.18
EXP-ZNO-00050,CHO,164.65,72,72.17,57.79,51.44,11.58,67.53,37.44,0 - 16.85
EXP-ZNO-00051,HeLa,173.79,6,68.74,57.6,56.36,19.59,71.05,73.1,0 - 32.9
EXP-ZNO-00052,Jurkat,139.3,6,82.87,78.88,71.32,22.23,101.39,48.74,0 - 21.93
EXP-ZNO-00053,Jurkat,56.55,24,85.13,75.98,66.5,19.92,101.97,30.0,0 - 13.5
EXP-ZNO-00054,MCF-7,16.01,48,38.71,30.86,23.97,70.63,38.31,27.46,0 - 12.36
EXP-ZNO-00055,A549,188.14,72,97.47,89.13,78.87,5.0,110.63,25.87,0 - 11.64
EXP-ZNO-00056,HepG2,96.33,6,63.04,51.46,50.88,35.8,63.06,68.23,0 - 30.7
EXP-ZNO-00057,HeLa,7.85,12,11.18,4.87,4.31,94.56,6.33,57.36,0 - 25.81
EXP-ZNO-00058,NIH-3T3,151.54,72,61.37,54.1,50.3,6.0,59.95,44.25,0 - 19.91
EXP-ZNO-00059,HEK293,134.5,6,42.06,33.32,38.2,43.62,40.23,97.47,0 - 43.86
EXP-ZNO-00060,MCF-7,163.37,48,100.0,78.3,79.64,6.74,112.9,27.46,0 - 12.36
EXP-ZNO-00061,NIH-3T3,128.05,72,64.11,55.34,44.88,15.2,56.2,44.25,0 - 19.91
EXP-ZNO-00062,MCF-7,109.72,48,92.4,82.66,70.78,12.65,106.46,27.46,0 - 12.36
EXP-ZNO-00063,HeLa,159.4,72,81.26,69.57,63.06,5.0,83.65,30.64,0 - 13.79
EXP-ZNO-00064,A549,92.29,6,78.32,60.63,61.24,29.1,83.27,61.73,0 - 27.78
EXP-ZNO-00065,HEK293,179.41,6,54.08,47.63,43.56,22.67,53.69,97.47,0 - 43.86
EXP-ZNO-00066,NIH-3T3,107.12,6,31.35,27.36,24.31,52.21,30.33,105.59,0 - 47.52
EXP-ZNO-00067,Jurkat,159.98,12,97.59,85.73,82.58,11.28,115.86,38.24,0 - 17.21
EXP-ZNO-00068,HEK293,152.11,12,51.75,46.17,39.43,29.77,49.56,76.47,0 - 34.41
EXP-ZNO-00069,Caco-2,106.66,24,58.3,57.83,51.04,19.84,64.67,50.0,0 - 22.5
EXP-ZNO-00070,PC12,168.22,6,73.37,65.37,59.73,21.36,83.67,64.98,0 - 29.24
EXP-ZNO-00071,Jurkat,71.34,48,91.63,77.28,76.57,22.73,104.05,23.54,0 - 10.59
EXP-ZNO-00072,A549,57.11,12,48.32,40.56,46.93,47.49,58.85,48.43,0 - 21.79
EXP-ZNO-00073,HepG2,186.77,72,87.98,75.32,75.21,5.0,92.06,28.59,0 - 12.87
EXP-ZNO-00074,Jurkat,111.57,12,100.0,85.83,83.98,9.59,117.88,38.24,0 - 17.21
EXP-ZNO-00075,HepG2,85.37,48,70.89,58.46,59.44,21.74,74.54,32.95,0 - 14.83
EXP-ZNO-00076,HEK293,106.75,72,55.49,48.29,49.32,20.94,55.48,40.85,0 - 18.38
EXP-ZNO-00077,NIH-3T3,152.17,6,30.17,29.25,31.19,45.22,33.99,105.59,0 - 47.52
EXP-ZNO-00078,A549,185.33,24,94.57,84.36,78.16,9.23,106.41,38.0,0 - 17.1
EXP-ZNO-00079,A549,37.69,72,70.27,65.1,63.9,30.03,82.07,25.87,0 - 11.64
EXP-ZNO-00080,CHO,125.01,24,73.82,53.29,58.81,11.4,68.29,55.0,0 - 24.75
EXP-ZNO-00081,Caco-2,108.94,12,48.93,52.4,46.18,32.08,55.61,63.73,0 - 28.68
EXP-ZNO-00082,HeLa,148.42,48,78.16,63.66,62.2,12.8,78.11,35.31,0 - 15.89
EXP-ZNO-00083,HEK293,152.61,12,56.84,44.06,41.29,28.45,50.95,76.47,0 - 34.41
EXP-ZNO-00084,MCF-7,128.41,24,99.24,78.24,71.81,13.66,106.91,35.0,0 - 15.75
EXP-ZNO-00085,PC12,189.48,12,100.0,81.15,75.64,6.44,103.84,50.98,0 - 22.94
EXP-ZNO-00086,HEK293,184.54,72,70.52,67.15,60.56,5.0,68.65,40.85,0 - 18.38
EXP-ZNO-00087,HepG2,147.42,24,77.45,71.97,58.52,13.47,82.24,42.0,0 - 18.9
EXP-ZNO-00088,Jurkat,67.37,72,96.61,93.97,85.23,6.58,120.79,20.42,0 - 9.19
EXP-ZNO-00089,MCF-7,96.43,12,81.63,65.01,68.79,24.95,92.4,44.61,0 - 20.07
EXP-ZNO-00090,HepG2,3.11,12,6.49,1.11,3.15,95.04,4.64,53.53,0 - 24.09
EXP-ZNO-00091,CHO,60.27,6,37.2,26.91,24.85,58.43,32.39,89.35,0 - 40.21
EXP-ZNO-00092,HeLa,75.86,72,68.51,59.97,49.58,24.89,67.69,30.64,0 - 13.79
EXP-ZNO-00093,MCF-7,107.12,12,95.82,86.64,78.39,8.47,112.1,44.61,0 - 20.07
EXP-ZNO-00094,A549,54.51,12,66.68,55.92,52.95,41.5,70.7,48.43,0 - 21.79
EXP-ZNO-00095,HeLa,44.78,6,26.94,27.33,20.25,65.84,29.61,73.1,0 - 32.9
EXP-ZNO-00096,MCF-7,49.01,24,67.12,56.39,57.29,38.5,76.53,35.0,0 - 15.75
EXP-ZNO-00097,NIH-3T3,81.58,72,54.73,46.18,41.57,27.53,48.27,44.25,0 - 19.91
EXP-ZNO-00098,MCF-7,182.17,12,100.0,87.46,86.39,5.0,116.97,44.61,0 - 20.07
EXP-ZNO-00099,Caco-2,166.22,48,80.51,66.42,62.11,5.0,78.74,39.23,0 - 17.65
EXP-ZNO-00100,CHO,178.96,24,73.12,67.31,57.8,11.46,69.89,55.0,0 - 24.75
EXP-ZNO-00101,Caco-2,28.3,6,8.13,14.86,18.08,81.86,14.86,81.23,0 - 36.55
EXP-ZNO-00102,PC12,41.68,48,61.23,44.97,46.78,43.79,62.23,31.38,0 - 14.12
EXP-ZNO-00103,HeLa,81.17,12,50.74,43.05,39.89,42.05,51.56,57.36,0 - 25.81
EXP-ZNO-00104,HEK293,144.45,6,47.45,43.22,38.28,35.06,46.06,97.47,0 - 43.86
EXP-ZNO-00105,HepG2,97.01,72,85.2,73.19,70.35,5.81,89.95,28.59,0 - 12.87
EXP-ZNO-00106,MCF-7,69.2,72,84.23,83.29,80.04,14.02,105.42,23.83,0 - 10.72
EXP-ZNO-00107,Jurkat,163.91,24,100.0,83.49,80.87,8.73,117.38,30.0,0 - 13.5
EXP-ZNO-00108,HeLa,158.11,72,86.07,71.5,68.33,7.9,84.24,30.64,0 - 13.79
EXP-ZNO-00109,HeLa,138.61,72,69.36,66.38,64.6,11.22,77.91,30.64,0 - 13.79
EXP-ZNO-00110,NIH-3T3,38.92,6,7.87,12.65,12.03,82.75,11.12,105.59,0 - 47.52
EXP-ZNO-00111,HEK293,64.16,24,32.37,36.71,29.31,49.43,35.41,60.0,0 - 27.0
EXP-ZNO-00112,CHO,107.91,6,44.1,26.7,35.76,46.72,40.35,89.35,0 - 40.21
EXP-ZNO-00113,MCF-7,174.08,24,100.0,85.51,80.51,6.24,114.73,35.0,0 - 15.75
EXP-ZNO-00114,Jurkat,196.82,48,100.0,97.85,84.6,5.31,123.13,23.54,0 - 10.59
EXP-ZNO-00115,HeLa,93.73,24,70.24,65.27,57.03,20.5,72.14,45.0,0 - 20.25
EXP-ZNO-00116,Jurkat,78.63,6,80.7,69.34,63.97,29.87,92.56,48.74,0 - 21.93
EXP-ZNO-00117,CHO,180.79,24,66.21,62.19,55.71,10.96,67.9,55.0,0 - 24.75
EXP-ZNO-00118,Jurkat,191.48,6,98.52,80.76,81.18,12.68,113.95,48.74,0 - 21.93
EXP-ZNO-00119,Jurkat,119.66,24,87.62,94.86,84.89,14.08,113.68,30.0,0 - 13.5
EXP-ZNO-00120,Jurkat,179.04,6,100.0,80.6,77.96,11.97,114.14,48.74,0 - 21.93
EXP-ZNO-00121,Jurkat,191.15,24,100.0,98.95,85.25,5.73,123.19,30.0,0 - 13.5
EXP-ZNO-00122,HepG2,144.82,24,79.53,72.64,62.34,10.85,84.76,42.0,0 - 18.9
EXP-ZNO-00123,NIH-3T3,170.32,72,62.0,51.65,51.06,15.91,55.88,44.25,0 - 19.91
EXP-ZNO-00124,HeLa,173.7,24,74.25,65.56,59.86,10.42,78.45,45.0,0 - 20.25
EXP-ZNO-00125,Jurkat,136.19,72,100.0,92.74,89.7,5.41,123.06,20.42,0 - 9.19
EXP-ZNO-00126,MCF-7,111.46,48,100.0,88.19,74.5,8.37,112.77,27.46,0 - 12.36
EXP-ZNO-00127,CHO,126.98,12,57.65,48.52,48.22,26.03,56.72,70.1,0 - 31.55
EXP-ZNO-00128,NIH-3T3,157.87,72,56.47,54.66,51.49,13.28,56.46,44.25,0 - 19.91
EXP-ZNO-00129,HepG2,12.06,6,0.0,9.68,7.93,93.85,6.0,68.23,0 - 30.7
EXP-ZNO-00130,PC12,32.21,12,29.86,31.06,25.07,69.26,34.23,50.98,0 - 22.94
EXP-ZNO-00131,HEK293,154.68,12,47.39,46.35,48.6,24.19,52.38,76.47,0 - 34.41
EXP-ZNO-00132,MCF-7,40.47,72,73.97,58.76,66.33,32.98,83.83,23.83,0 - 10.72
EXP-ZNO-00133,CHO,37.51,48,34.9,30.35,28.79,57.36,33.45,43.15,0 - 19.42
EXP-ZNO-00134,NIH-3T3,193.52,48,57.36,50.36,53.48,7.75,58.54,51.0,0 - 22.95
EXP-ZNO-00135,Jurkat,32.58,6,29.79,38.29,35.21,67.78,43.02,48.74,0 - 21.93
EXP-ZNO-00136,MCF-7,139.15,24,95.48,82.47,75.34,11.94,108.5,35.0,0 - 15.75
EXP-ZNO-00137,CHO,48.79,6,20.06,22.08,12.16,76.52,18.8,89.35,0 - 40.21
EXP-ZNO-00138,HeLa,16.18,72,24.3,28.72,22.86,70.09,27.55,30.64,0 - 13.79
EXP-ZNO-00139,MCF-7,8.72,12,13.02,10.33,0.52,94.15,8.95,44.61,0 - 20.07
EXP-ZNO-00140,CHO,125.25,12,59.82,55.57,44.34,28.64,56.37,70.1,0 - 31.55
EXP-ZNO-00141,HEK293,156.87,12,53.21,43.48,46.5,25.13,52.34,76.47,0 - 34.41
EXP-ZNO-00142,Jurkat,123.34,72,96.87,94.62,87.58,5.0,122.47,20.42,0 - 9.19
EXP-ZNO-00143,NIH-3T3,32.75,24,17.75,18.59,13.28,68.94,19.09,65.0,0 - 29.25
EXP-ZNO-00144,HepG2,168.17,6,66.67,64.64,58.08,24.07,73.19,68.23,0 - 30.7
EXP-ZNO-00145,HEK293,8.5,48,8.25,0.0,4.48,97.91,2.86,47.08,0 - 21.18
EXP-ZNO-00146,MCF-7,84.63,48,82.37,83.41,77.17,16.54,102.86,27.46,0 - 12.36
EXP-ZNO-00147,HeLa,155.31,24,75.21,76.31,58.67,5.0,82.79,45.0,0 - 20.25
EXP-ZNO-00148,HepG2,87.71,72,74.44,74.07,69.51,12.8,84.03,28.59,0 - 12.87
EXP-ZNO-00149,HEK293,19.5,12,10.76,4.76,5.46,90.91,7.0,76.47,0 - 34.41
EXP-ZNO-00150,CHO,193.98,48,71.59,56.79,60.61,5.0,71.49,43.15,0 - 19.42
EXP-ZNO-00151,Jurkat,90.16,6,78.19,67.05,71.05,26.55,95.0,48.74,0 - 21.93
EXP-ZNO-00152,NIH-3T3,95.19,48,48.42,44.81,39.18,31.32,45.3,51.0,0 - 22.95
EXP-ZNO-00153,HEK293,197.35,12,60.49,51.18,47.45,17.1,58.09,76.47,0 - 34.41
EXP-ZNO-00154,NIH-3T3,101.69,6,32.23,30.71,16.71,54.64,28.99,105.59,0 - 47.52
EXP-ZNO-00155,MCF-7,106.68,48,94.35,78.3,74.35,13.46,106.3,27.46,0 - 12.36
EXP-ZNO-00156,HepG2,132.5,12,72.11,63.57,59.23,20.09,76.44,53.53,0 - 24.09
EXP-ZNO-00157,HeLa,23.07,48,29.43,27.65,17.02,67.76,28.71,35.31,0 - 15.89
EXP-ZNO-00158,MCF-7,121.19,12,85.82,76.21,70.46,17.73,100.37,44.61,0 - 20.07
EXP-ZNO-00159,HEK293,81.13,12,43.51,38.74,32.97,43.08,40.73,76.47,0 - 34.41
EXP-ZNO-00160,HeLa,66.01,6,40.96,23.47,31.72,59.28,36.83,73.1,0 - 32.9
EXP-ZNO-00161,Jurkat,47.89,6,57.58,47.75,50.12,48.51,67.52,48.74,0 - 21.93
EXP-ZNO-00162,Jurkat,108.7,24,100.0,84.17,84.85,5.0,120.71,30.0,0 - 13.5
EXP-ZNO-00163,Caco-2,143.24,12,68.9,57.0,50.17,19.21,66.74,63.73,0 - 28.68
EXP-ZNO-00164,HEK293,96.1,72,59.23,55.39,57.23,15.65,60.28,40.85,0 - 18.38
EXP-ZNO-00165,A549,122.26,12,73.61,67.63,65.51,23.98,87.24,48.43,0 - 21.79
EXP-ZNO-00166,PC12,37.32,72,53.99,47.09,46.19,42.06,61.82,27.23,0 - 12.25
EXP-ZNO-00167,HepG2,75.02,6,57.66,43.33,40.83,46.81,53.29,68.23,0 - 30.7
EXP-ZNO-00168,CHO,72.47,12,39.97,28.67,33.17,49.14,38.43,70.1,0 - 31.55
EXP-ZNO-00169,HEK293,146.53,12,54.06,48.02,41.86,28.42,51.07,76.47,0 - 34.41
EXP-ZNO-00170,NIH-3T3,147.51,6,44.64,42.07,40.14,37.02,42.2,105.59,0 - 47.52
EXP-ZNO-00171,PC12,78.49,6,44.11,47.49,44.0,51.59,53.76,64.98,0 - 29.24
EXP-ZNO-00172,HeLa,198.26,24,81.71,65.03,61.32,11.53,79.53,45.0,0 - 20.25
EXP-ZNO-00173,CHO,178.89,72,70.05,59.82,59.93,5.03,71.51,37.44,0 - 16.85
EXP-ZNO-00174,MCF-7,160.17,48,91.93,87.76,83.33,7.62,112.8,27.46,0 - 12.36
EXP-ZNO-00175,HepG2,65.2,48,79.34,65.57,57.71,18.6,78.81,32.95,0 - 14.83
EXP-ZNO-00176,PC12,192.35,48,90.87,76.58,68.98,9.88,97.83,31.38,0 - 14.12
EXP-ZNO-00177,Jurkat,69.84,48,89.62,81.83,81.04,14.94,110.35,23.54,0 - 10.59
EXP-ZNO-00178,NIH-3T3,124.91,48,53.41,48.68,44.54,19.64,51.88,51.0,0 - 22.95
EXP-ZNO-00179,HepG2,141.89,48,76.86,76.08,66.04,5.65,88.06,32.95,0 - 14.83
EXP-ZNO-00180,HEK293,103.38,12,46.36,38.24,35.12,40.47,42.53,76.47,0 - 34.41
EXP-ZNO-00181,A549,173.68,12,87.21,77.91,69.93,12.51,100.04,48.43,0 - 21.79
EXP-ZNO-00182,MCF-7,69.55,24,79.46,68.72,65.47,25.86,91.36,35.0,0 - 15.75
EXP-ZNO-00183,HepG2,184.59,6,76.57,71.71,57.62,11.29,83.02,68.23,0 - 30.7
EXP-ZNO-00184,Jurkat,73.82,72,96.35,78.52,77.23,13.0,111.97,20.42,0 - 9.19
EXP-ZNO-00185,HEK293,55.91,12,22.55,19.06,18.9,61.52,25.03,76.47,0 - 34.41
EXP-ZNO-00186,Jurkat,97.18,12,93.85,75.87,67.54,20.04,104.34,38.24,0 - 17.21
EXP-ZNO-00187,Jurkat,15.39,24,28.67,20.13,26.37,76.04,32.1,30.0,0 - 13.5
EXP-ZNO-00188,CHO,46.91,6,17.8,20.82,17.61,74.08,20.06,89.35,0 - 40.21
EXP-ZNO-00189,MCF-7,177.38,72,96.26,82.76,84.75,5.0,114.85,23.83,0 - 10.72
EXP-ZNO-00190,HepG2,2.7,72,0.0,1.03,3.92,96.26,2.74,28.59,0 - 12.87
EXP-ZNO-00191,Caco-2,43.43,72,46.97,37.62,41.88,42.42,47.6,34.04,0 - 15.32
EXP-ZNO-00192,Caco-2,97.9,72,65.62,60.41,62.09,14.36,70.6,34.04,0 - 15.32
EXP-ZNO-00193,Jurkat,79.2,72,100.0,94.24,82.74,7.08,120.91,20.42,0 - 9.19
EXP-ZNO-00194,HeLa,186.1,12,71.31,65.37,65.0,12.76,77.44,57.36,0 - 25.81
EXP-ZNO-00195,CHO,90.3,24,57.85,47.02,42.49,29.67,54.15,55.0,0 - 24.75
EXP-ZNO-00196,CHO,149.37,6,52.42,35.71,41.83,34.48,49.39,89.35,0 - 40.21
EXP-ZNO-00197,HEK293,194.16,24,70.51,58.44,53.55,9.36,64.79,60.0,0 - 27.0
EXP-ZNO-00198,HeLa,195.21,6,68.1,66.56,58.82,15.74,74.56,73.1,0 - 32.9
EXP-ZNO-00199,PC12,25.48,72,50.08,41.16,45.59,52.17,53.99,27.23,0 - 12.25
EXP-ZNO-00200,MCF-7,9.23,24,5.95,7.62,5.56,90.98,9.6,35.0,0 - 15.75
EXP-ZNO-00201,PC12,33.15,6,24.64,29.05,16.8,74.61,28.18,64.98,0 - 29.24
EXP-ZNO-00202,Caco-2,52.06,6,21.99,18.28,20.64,76.18,21.04,81.23,0 - 36.55
EXP-ZNO-00203,Caco-2,11.24,48,11.42,3.02,6.81,87.32,9.59,39.23,0 - 17.65
EXP-ZNO-00204,NIH-3T3,163.65,48,53.27,54.0,50.95,12.89,55.96,51.0,0 - 22.95
EXP-ZNO-00205,NIH-3T3,148.81,72,61.65,51.58,43.89,15.23,55.23,44.25,0 - 19.91
EXP-ZNO-00206,PC12,148.47,6,80.36,69.61,63.57,20.29,87.29,64.98,0 - 29.24
EXP-ZNO-00207,MCF-7,62.53,24,81.57,69.83,64.15,29.04,89.86,35.0,0 - 15.75
EXP-ZNO-00208,HEK293,152.32,12,50.22,46.62,42.54,24.37,52.05,76.47,0 - 34.41
EXP-ZNO-00209,CHO,199.27,24,74.53,64.87,54.34,5.66,71.96,55.0,0 - 24.75
EXP-ZNO-00210,NIH-3T3,6.3,72,1.2,0.0,0.0,95.82,1.86,44.25,0 - 19.91
EXP-ZNO-00211,Caco-2,102.27,48,67.56,53.54,53.16,19.97,66.06,39.23,0 - 17.65
EXP-ZNO-00212,MCF-7,54.33,24,75.31,65.72,55.75,34.06,82.82,35.0,0 - 15.75
EXP-ZNO-00213,HepG2,157.83,72,74.59,64.24,60.32,14.49,80.17,28.59,0 - 12.87
EXP-ZNO-00214,HEK293,119.85,6,43.8,43.13,30.94,42.57,41.3,97.47,0 - 43.86
EXP-ZNO-00215,HepG2,77.07,48,67.48,57.35,57.61,22.2,73.12,32.95,0 - 14.83
EXP-ZNO-00216,A549,11.7,72,29.85,22.05,16.17,72.81,30.36,25.87,0 - 11.64
EXP-ZNO-00217,HEK293,87.32,6,30.12,28.8,25.59,55.61,30.92,97.47,0 - 43.86
EXP-ZNO-00218,HEK293,191.34,6,51.41,49.75,44.61,23.91,53.11,97.47,0 - 43.86
EXP-ZNO-00219,CHO,54.75,12,24.69,23.59,22.37,64.98,26.41,70.1,0 - 31.55
EXP-ZNO-00220,HeLa,69.79,24,55.03,50.71,45.32,35.67,57.58,45.0,0 - 20.25
EXP-ZNO-00221,PC12,84.05,12,67.51,65.47,55.26,26.39,78.68,50.98,0 - 22.94
EXP-ZNO-00222,Jurkat,121.9,72,100.0,91.13,84.82,5.0,122.06,20.42,0 - 9.19
EXP-ZNO-00223,PC12,170.2,6,72.2,65.28,61.57,24.93,81.65,64.98,0 - 29.24
EXP-ZNO-00224,HepG2,97.2,12,69.49,49.86,51.22,26.19,69.26,53.53,0 - 24.09
EXP-ZNO-00225,Caco-2,12.92,48,6.79,8.07,5.84,88.38,8.79,39.23,0 - 17.65
EXP-ZNO-00226,Caco-2,33.36,72,33.33,27.06,30.26,54.92,35.91,34.04,0 - 15.32
EXP-ZNO-00227,NIH-3T3,174.18,48,66.49,55.28,51.31,7.41,60.47,51.0,0 - 22.95
EXP-ZNO-00228,HepG2,90.61,48,81.25,67.67,66.8,8.04,86.52,32.95,0 - 14.83
EXP-ZNO-00229,PC12,158.67,48,87.84,83.57,74.01,8.31,100.11,31.38,0 - 14.12
EXP-ZNO-00230,PC12,139.33,48,96.98,80.77,75.26,5.0,103.85,31.38,0 - 14.12
EXP-ZNO-00231,CHO,146.66,72,61.98,61.72,53.84,14.49,65.24,37.44,0 - 16.85
EXP-ZNO-00232,NIH-3T3,145.17,72,55.55,49.98,49.96,13.77,55.37,44.25,0 - 19.91
EXP-ZNO-00233,NIH-3T3,37.89,24,26.37,18.11,14.85,71.86,19.43,65.0,0 - 29.25
EXP-ZNO-00234,Jurkat,51.24,72,84.9,68.83,70.03,23.58,98.82,20.42,0 - 9.19
EXP-ZNO-00235,CHO,20.58,12,8.78,2.98,11.7,85.06,10.29,70.1,0 - 31.55
EXP-ZNO-00236,HepG2,168.37,6,73.1,61.42,61.25,17.99,77.73,68.23,0 - 30.7
EXP-ZNO-00237,MCF-7,63.33,12,71.09,61.44,58.27,32.25,82.56,44.61,0 - 20.07
EXP-ZNO-00238,NIH-3T3,152.75,24,49.26,44.59,43.16,24.53,48.6,65.0,0 - 29.25
EXP-ZNO-00239,Jurkat,12.29,24,16.33,11.76,10.76,83.85,19.13,30.0,0 - 13.5
EXP-ZNO-00240,NIH-3T3,82.85,24,46.05,35.48,32.37,40.58,39.28,65.0,0 - 29.25
EXP-ZNO-00241,PC12,58.8,6,47.38,36.82,38.07,55.17,49.59,64.98,0 - 29.24
EXP-ZNO-00242,CHO,108.37,72,63.26,56.98,52.34,15.48,64.18,37.44,0 - 16.85
EXP-ZNO-00243,Jurkat,15.31,24,27.35,26.96,21.08,72.88,34.11,30.0,0 - 13.5
EXP-ZNO-00244,CHO,167.71,72,62.98,64.52,55.38,8.83,68.55,37.44,0 - 16.85
EXP-ZNO-00245,NIH-3T3,13.2,72,6.41,6.96,6.36,92.14,5.77,44.25,0 - 19.91
EXP-ZNO-00246,CHO,182.18,48,72.24,60.67,58.44,5.0,71.83,43.15,0 - 19.42
EXP-ZNO-00247,HepG2,126.45,72,81.84,66.34,66.41,8.64,86.06,28.59,0 - 12.87
EXP-ZNO-00248,A549,190.13,48,92.92,87.85,74.83,11.3,104.8,29.81,0 - 13.42
EXP-ZNO-00249,HepG2,1.08,6,0.8,2.46,0.0,98.23,1.48,68.23,0 - 30.7
EXP-ZNO-00250,HeLa,39.62,24,46.32,38.48,31.27,49.08,45.19,45.0,0 - 20.25
EXP-ZNO-00251,HepG2,2.03,6,4.01,7.1,0.0,96.94,3.57,68.23,0 - 30.7
EXP-ZNO-00252,Jurkat,163.43,6,91.24,86.17,77.29,15.35,110.62,48.74,0 - 21.93
EXP-ZNO-00253,Caco-2,6.42,6,4.24,0.76,0.0,98.5,1.63,81.23,0 - 36.55
EXP-ZNO-00254,A549,176.51,48,100.0,81.31,82.89,5.0,110.56,29.81,0 - 13.42
EXP-ZNO-00255,PC12,164.33,48,90.03,83.14,73.98,5.0,102.44,31.38,0 - 14.12
EXP-ZNO-00256,MCF-7,24.64,72,46.64,44.67,39.52,54.26,56.03,23.83,0 - 10.72
EXP-ZNO-00257,Jurkat,72.7,12,83.94,72.38,69.65,26.6,97.23,38.24,0 - 17.21
EXP-ZNO-00258,HEK293,148.33,24,56.16,50.25,51.57,22.92,55.29,60.0,0 - 27.0
EXP-ZNO-00259,HeLa,80.17,72,78.28,64.2,58.8,12.84,77.69,30.64,0 - 13.79
EXP-ZNO-00260,Jurkat,172.42,72,100.0,89.37,79.98,5.0,120.77,20.42,0 - 9.19
EXP-ZNO-00261,Jurkat,116.65,24,100.0,96.57,83.18,5.0,122.8,30.0,0 - 13.5
EXP-ZNO-00262,NIH-3T3,9.43,48,0.0,8.14,1.94,93.86,3.67,51.0,0 - 22.95
EXP-ZNO-00263,HeLa,135.59,6,63.1,47.39,45.6,34.66,59.24,73.1,0 - 32.9
EXP-ZNO-00264,CHO,106.62,24,54.02,49.85,47.94,21.8,58.12,55.0,0 - 24.75
EXP-ZNO-00265,NIH-3T3,180.07,12,59.19,49.38,44.56,19.86,52.8,82.85,0 - 37.28
EXP-ZNO-00266,HepG2,196.03,48,69.46,65.86,61.12,14.08,79.69,32.95,0 - 14.83
EXP-ZNO-00267,Caco-2,71.56,24,49.91,39.31,37.66,38.34,49.74,50.0,0 - 22.5
EXP-ZNO-00268,Caco-2,69.78,48,62.8,61.82,48.17,23.42,63.98,39.23,0 - 17.65
EXP-ZNO-00269,HEK293,156.59,24,59.6,46.61,50.73,23.41,55.09,60.0,0 - 27.0
EXP-ZNO-00270,CHO,170.59,48,68.13,60.06,52.15,12.36,66.85,43.15,0 - 19.42
EXP-ZNO-00271,MCF-7,71.02,24,80.69,75.74,65.86,25.29,93.42,35.0,0 - 15.75
EXP-ZNO-00272,Jurkat,188.84,12,97.6,90.21,85.41,7.43,119.79,38.24,0 - 17.21
EXP-ZNO-00273,HepG2,98.54,12,74.27,54.13,53.64,26.12,71.36,53.53,0 - 24.09
EXP-ZNO-00274,HeLa,178.94,24,73.9,76.56,71.59,5.0,84.5,45.0,0 - 20.25
EXP-ZNO-00275,Caco-2,95.56,72,63.78,57.19,58.32,15.56,68.69,34.04,0 - 15.32
EXP-ZNO-00276,MCF-7,6.59,72,17.97,17.04,15.17,87.15,18.56,23.83,0 - 10.72
EXP-ZNO-00277,MCF-7,56.11,6,53.51,46.46,39.75,52.37,59.31,56.86,0 - 25.59
EXP-ZNO-00278,CHO,164.47,72,70.59,59.61,58.6,8.48,69.85,37.44,0 - 16.85
EXP-ZNO-00279,Caco-2,144.77,6,70.78,57.76,56.52,22.79,66.41,81.23,0 - 36.55
EXP-ZNO-00280,A549,173.85,24,98.24,83.84,81.68,5.0,110.37,38.0,0 - 17.1
EXP-ZNO-00281,HepG2,29.47,48,38.13,30.95,25.22,59.19,38.28,32.95,0 - 14.83
EXP-ZNO-00282,CHO,4.89,24,1.12,0.0,0.77,100.0,0.31,55.0,0 - 24.75
EXP-ZNO-00283,NIH-3T3,71.88,24,35.75,35.02,35.97,47.48,35.25,65.0,0 - 29.25
EXP-ZNO-00284,CHO,127.6,48,76.79,58.71,54.2,9.04,70.0,43.15,0 - 19.42
EXP-ZNO-00285,HepG2,29.0,48,30.28,33.09,31.98,57.86,38.73,32.95,0 - 14.83
EXP-ZNO-00286,Jurkat,80.79,48,95.79,84.33,76.45,16.68,110.42,23.54,0 - 10.59
EXP-ZNO-00287,CHO,93.66,12,47.13,42.7,42.58,37.51,48.12,70.1,0 - 31.55
EXP-ZNO-00288,HEK293,181.49,48,67.88,59.74,53.28,9.6,64.37,47.08,0 - 21.18
EXP-ZNO-00289,A549,23.65,72,45.93,44.93,42.25,51.67,55.71,25.87,0 - 11.64
EXP-ZNO-00290,NIH-3T3,56.05,6,14.44,23.43,13.31,74.03,17.11,105.59,0 - 47.52
EXP-ZNO-00291,NIH-3T3,21.41,12,10.53,13.44,9.77,84.09,10.83,82.85,0 - 37.28
EXP-ZNO-00292,A549,1.07,48,3.08,0.0,5.48,98.26,2.77,29.81,0 - 13.42
EXP-ZNO-00293,MCF-7,131.64,6,89.41,72.78,66.76,18.37,99.53,56.86,0 - 25.59
EXP-ZNO-00294,CHO,147.85,48,59.96,63.15,51.6,14.47,64.77,43.15,0 - 19.42
EXP-ZNO-00295,HepG2,178.1,6,69.15,67.59,58.12,14.7,79.1,68.23,0 - 30.7
EXP-ZNO-00296,HepG2,25.31,6,7.53,18.68,7.66,79.74,16.37,68.23,0 - 30.7
EXP-ZNO-00297,HepG2,2.48,48,9.34,1.88,4.2,98.58,3.66,32.95,0 - 14.83
EXP-ZNO-00298,HeLa,195.21,48,79.22,66.57,61.57,9.59,80.27,35.31,0 - 15.89
EXP-ZNO-00299,NIH-3T3,154.74,6,45.48,31.91,36.2,38.94,39.87,105.59,0 - 47.52
EXP-ZNO-00300,CHO,79.9,72,60.33,51.26,47.88,20.2,60.15,37.44,0 - 16.85
EXP-ZNO-00301,Caco-2,12.04,48,8.79,6.2,5.93,88.1,9.05,39.23,0 - 17.65
EXP-ZNO-00302,PC12,124.67,6,75.47,62.74,56.38,28.58,78.97,64.98,0 - 29.24
EXP-ZNO-00303,CHO,77.94,48,53.75,44.34,41.37,33.08,51.36,43.15,0 - 19.42
EXP-ZNO-00304,Jurkat,138.17,12,96.56,76.56,74.82,15.41,109.61,38.24,0 - 17.21
EXP-ZNO-00305,MCF-7,189.84,72,95.71,89.73,89.99,5.0,117.0,23.83,0 - 10.72
EXP-ZNO-00306,HepG2,96.53,72,76.83,57.05,62.8,17.0,78.59,28.59,0 - 12.87
EXP-ZNO-00307,HepG2,39.79,6,35.6,19.5,23.22,69.18,30.38,68.23,0 - 30.7
EXP-ZNO-00308,PC12,165.96,48,98.13,79.01,81.22,5.0,104.83,31.38,0 - 14.12
EXP-ZNO-00309,MCF-7,151.58,12,93.69,88.97,84.5,8.2,113.32,44.61,0 - 20.07
EXP-ZNO-00310,HEK293,154.44,12,56.93,45.86,48.7,21.2,55.22,76.47,0 - 34.41
EXP-ZNO-00311,CHO,103.18,12,44.83,36.43,49.25,38.48,47.32,70.1,0 - 31.55
EXP-ZNO-00312,Caco-2,127.27,6,50.06,49.28,39.12,34.68,53.14,81.23,0 - 36.55
EXP-ZNO-00313,HEK293,113.03,72,62.65,55.69,49.35,9.36,62.57,40.85,0 - 18.38
EXP-ZNO-00314,Jurkat,7.69,72,17.49,10.71,20.97,83.49,21.46,20.42,0 - 9.19
EXP-ZNO-00315,A549,103.58,72,90.08,75.72,75.85,14.74,100.06,25.87,0 - 11.64
EXP-ZNO-00316,PC12,99.76,48,76.94,70.64,64.65,15.86,89.41,31.38,0 - 14.12
EXP-ZNO-00317,Caco-2,127.39,48,69.78,65.58,55.87,13.04,71.87,39.23,0 - 17.65
EXP-ZNO-00318,HEK293,103.37,24,53.71,48.85,43.85,25.39,52.66,60.0,0 - 27.0
EXP-ZNO-00319,NIH-3T3,0.5,6,3.17,1.8,1.93,91.03,4.54,105.59,0 - 47.52
EXP-ZNO-00320,A549,193.39,48,89.03,84.94,78.49,8.21,105.86,29.81,0 - 13.42
EXP-ZNO-00321,Caco-2,60.93,12,39.68,38.27,36.56,48.56,42.64,63.73,0 - 28.68
EXP-ZNO-00322,HepG2,196.98,48,90.48,80.9,72.76,5.0,93.08,32.95,0 - 14.83
EXP-ZNO-00323,Caco-2,142.01,12,67.88,58.25,49.26,18.76,66.81,63.73,0 - 28.68
EXP-ZNO-00324,Jurkat,151.92,24,100.0,83.66,86.09,5.91,120.26,30.0,0 - 13.5
EXP-ZNO-00325,Jurkat,139.59,12,91.42,81.59,76.53,18.1,107.84,38.24,0 - 17.21
EXP-ZNO-00326,HeLa,161.51,12,69.37,66.63,63.09,13.21,76.73,57.36,0 - 25.81
EXP-ZNO-00327,Caco-2,62.74,6,43.94,35.2,34.34,49.52,42.24,81.23,0 - 36.55
EXP-ZNO-00328,HeLa,87.81,12,49.74,48.1,48.22,36.77,56.01,57.36,0 - 25.81
EXP-ZNO-00329,HeLa,86.2,24,69.99,59.21,57.99,19.64,71.76,45.0,0 - 20.25
EXP-ZNO-00330,Caco-2,174.35,12,68.4,60.57,50.2,18.35,67.56,63.73,0 - 28.68
EXP-ZNO-00331,A549,166.65,12,81.22,79.36,69.65,13.41,98.27,48.43,0 - 21.79
EXP-ZNO-00332,HeLa,86.39,6,50.44,38.61,34.58,45.12,48.51,73.1,0 - 32.9
EXP-ZNO-00333,MCF-7,137.25,6,87.2,74.49,74.19,19.97,99.7,56.86,0 - 25.59
EXP-ZNO-00334,Caco-2,157.16,24,69.5,63.33,57.66,13.1,71.72,50.0,0 - 22.5
EXP-ZNO-00335,MCF-7,23.1,12,24.26,29.63,18.77,74.75,30.92,44.61,0 - 20.07
EXP-ZNO-00336,A549,103.6,12,77.92,70.49,61.14,28.96,85.02,48.43,0 - 21.79
EXP-ZNO-00337,PC12,119.27,24,83.89,81.98,70.75,12.54,95.93,40.0,0 - 18.0
EXP-ZNO-00338,NIH-3T3,140.91,12,36.2,45.84,34.75,34.96,41.48,82.85,0 - 37.28
EXP-ZNO-00339,HepG2,105.39,6,59.54,62.64,54.22,26.81,69.33,68.23,0 - 30.7
EXP-ZNO-00340,HEK293,108.63,6,43.02,29.9,32.72,48.53,37.17,97.47,0 - 43.86
EXP-ZNO-00341,HepG2,99.86,6,54.59,47.97,43.96,40.41,57.23,68.23,0 - 30.7
EXP-ZNO-00342,PC12,118.1,24,85.38,73.61,63.15,17.93,90.42,40.0,0 - 18.0
EXP-ZNO-00343,CHO,163.76,6,55.02,51.86,41.9,26.79,55.51,89.35,0 - 40.21
EXP-ZNO-00344,HeLa,119.16,24,69.42,64.3,63.57,13.01,76.56,45.0,0 - 20.25
EXP-ZNO-00345,HEK293,57.02,24,24.66,28.0,24.65,56.59,29.35,60.0,0 - 27.0
EXP-ZNO-00346,HepG2,107.9,24,72.6,69.99,66.5,12.47,82.7,42.0,0 - 18.9
EXP-ZNO-00347,CHO,91.14,24,46.95,49.58,46.64,35.46,50.48,55.0,0 - 24.75
EXP-ZNO-00348,NIH-3T3,84.17,48,42.53,33.0,36.3,37.46,40.14,51.0,0 - 22.95
EXP-ZNO-00349,HepG2,94.17,72,82.39,72.26,72.41,7.56,88.62,28.59,0 - 12.87
EXP-ZNO-00350,NIH-3T3,176.4,12,55.0,43.95,40.27,24.81,48.98,82.85,0 - 37.28
EXP-ZNO-00351,HEK293,50.37,48,30.06,26.67,30.65,50.91,33.28,47.08,0 - 21.18
EXP-ZNO-00352,Caco-2,65.69,72,51.56,52.52,47.21,25.16,59.56,34.04,0 - 15.32
EXP-ZNO-00353,A549,100.87,72,97.1,84.11,78.19,8.42,107.47,25.87,0 - 11.64
EXP-ZNO-00354,Jurkat,32.49,6,42.98,32.41,35.87,63.04,48.51,48.74,0 - 21.93
EXP-ZNO-00355,Caco-2,33.47,72,33.77,32.27,26.4,56.79,35.3,34.04,0 - 15.32
EXP-ZNO-00356,HEK293,104.09,12,50.62,42.04,37.93,33.26,47.17,76.47,0 - 34.41
EXP-ZNO-00357,A549,114.6,48,92.68,81.17,72.02,11.24,103.07,29.81,0 - 13.42
EXP-ZNO-00358,PC12,41.13,6,19.62,22.97,22.78,71.91,28.56,64.98,0 - 29.24
EXP-ZNO-00359,HeLa,23.88,72,32.06,34.08,32.26,57.6,37.56,30.64,0 - 13.79
EXP-ZNO-00360,Caco-2,101.81,12,55.19,58.05,42.28,31.4,57.37,63.73,0 - 28.68
EXP-ZNO-00361,NIH-3T3,137.88,24,49.98,44.15,39.77,28.69,46.59,65.0,0 - 29.25
EXP-ZNO-00362,A549,106.55,6,69.45,59.68,49.46,32.08,77.07,61.73,0 - 27.78
EXP-ZNO-00363,NIH-3T3,160.81,6,48.24,31.71,35.11,34.05,42.12,105.59,0 - 47.52
EXP-ZNO-00364,MCF-7,160.86,72,100.0,86.84,79.56,5.0,115.57,23.83,0 - 10.72
EXP-ZNO-00365,CHO,141.47,24,63.41,55.03,52.1,16.43,63.48,55.0,0 - 24.75
EXP-ZNO-00366,MCF-7,74.96,6,69.2,54.37,61.63,35.81,79.17,56.86,0 - 25.59
EXP-ZNO-00367,PC12,104.45,72,95.54,78.72,81.21,5.0,104.19,27.23,0 - 12.25
EXP-ZNO-00368,HepG2,32.16,72,40.52,46.07,37.12,48.03,48.9,28.59,0 - 12.87
EXP-ZNO-00369,PC12,108.56,72,89.51,70.9,72.42,15.14,94.1,27.23,0 - 12.25
EXP-ZNO-00370,Jurkat,43.38,72,77.0,63.69,64.02,29.75,90.59,20.42,0 - 9.19
EXP-ZNO-00371,HeLa,139.38,12,76.11,65.33,61.8,15.68,76.45,57.36,0 - 25.81
EXP-ZNO-00372,A549,127.46,24,87.34,82.32,72.03,10.86,102.23,38.0,0 - 17.1
EXP-ZNO-00373,HEK293,132.56,12,47.38,46.3,42.09,30.57,48.83,76.47,0 - 34.41
EXP-ZNO-00374,HeLa,43.84,48,53.45,51.35,44.26,35.9,57.08,35.31,0 - 15.89
EXP-ZNO-00375,NIH-3T3,8.28,48,4.74,0.79,0.28,96.98,2.09,51.0,0 - 22.95
EXP-ZNO-00376,HepG2,13.92,72,13.45,16.02,14.7,81.29,17.49,28.59,0 - 12.87
EXP-ZNO-00377,A549,63.96,72,73.9,72.75,64.37,23.5,88.32,25.87,0 - 11.64
EXP-ZNO-00378,PC12,187.71,24,86.75,79.61,75.97,5.0,101.42,40.0,0 - 18.0
EXP-ZNO-00379,A549,135.39,24,98.69,84.05,73.34,7.38,107.59,38.0,0 - 17.1
EXP-ZNO-00380,NIH-3T3,94.12,24,31.56,37.76,39.01,36.36,39.72,65.0,0 - 29.25
EXP-ZNO-00381,HepG2,101.05,6,58.34,53.85,50.29,32.3,64.2,68.23,0 - 30.7
EXP-ZNO-00382,HepG2,111.16,12,68.25,53.43,53.06,26.22,69.84,53.53,0 - 24.09
EXP-ZNO-00383,HepG2,133.72,12,77.01,65.45,59.54,20.68,77.5,53.53,0 - 24.09
EXP-ZNO-00384,HepG2,127.99,24,74.73,62.62,61.21,17.61,78.45,42.0,0 - 18.9
EXP-ZNO-00385,CHO,71.31,48,55.96,47.0,44.01,31.72,53.09,43.15,0 - 19.42
EXP-ZNO-00386,Caco-2,195.25,72,82.68,68.55,63.76,5.0,79.69,34.04,0 - 15.32
EXP-ZNO-00387,Jurkat,40.51,24,79.53,69.36,59.08,33.91,88.68,30.0,0 - 13.5
EXP-ZNO-00388,NIH-3T3,163.49,48,55.11,50.65,43.2,14.56,54.26,51.0,0 - 22.95
EXP-ZNO-00389,HepG2,15.43,12,15.03,13.02,9.96,81.32,16.58,53.53,0 - 24.09
EXP-ZNO-00390,CHO,165.41,48,67.48,67.1,64.35,5.0,72.64,43.15,0 - 19.42
EXP-ZNO-00391,NIH-3T3,101.35,12,41.62,30.85,34.35,38.23,39.19,82.85,0 - 37.28
EXP-ZNO-00392,PC12,143.18,6,71.93,66.46,60.52,20.75,84.02,64.98,0 - 29.24
EXP-ZNO-00393,MCF-7,198.36,24,100.0,85.93,71.4,9.68,110.95,35.0,0 - 15.75
EXP-ZNO-00394,Jurkat,96.89,48,100.0,91.67,89.61,5.0,123.1,23.54,0 - 10.59
EXP-ZNO-00395,Caco-2,83.52,48,70.47,56.34,55.64,21.29,66.73,39.23,0 - 17.65
EXP-ZNO-00396,HepG2,194.06,48,84.74,71.82,68.02,5.82,89.26,32.95,0 - 14.83
EXP-ZNO-00397,CHO,33.48,48,30.86,23.55,26.77,64.09,28.51,43.15,0 - 19.42
EXP-ZNO-00398,Caco-2,157.24,6,66.48,57.87,57.2,21.33,66.4,81.23,0 - 36.55
EXP-ZNO-00399,NIH-3T3,134.72,48,55.3,51.95,47.61,16.56,54.17,51.0,0 - 22.95
EXP-ZNO-00400,HEK293,150.18,48,58.65,53.43,51.41,12.27,60.62,47.08,0 - 21.18
EXP-ZNO-00401,PC12,189.73,12,88.37,78.85,74.45,12.63,97.01,50.98,0 - 22.94
EXP-ZNO-00402,HeLa,154.01,72,74.85,65.24,59.52,10.22,78.57,30.64,0 - 13.79
EXP-ZNO-00403,CHO,123.22,24,55.05,50.88,47.65,24.63,57.13,55.0,0 - 24.75
EXP-ZNO-00404,HEK293,167.92,6,53.01,48.71,41.97,24.96,52.47,97.47,0 - 43.86
EXP-ZNO-00405,CHO,35.11,24,30.73,19.92,21.58,67.3,25.85,55.0,0 - 24.75
EXP-ZNO-00406,PC12,171.37,72,88.63,80.43,81.17,5.0,102.89,27.23,0 - 12.25
EXP-ZNO-00407,CHO,56.92,6,23.79,21.83,24.01,62.46,27.36,89.35,0 - 40.21
EXP-ZNO-00408,HeLa,38.87,24,29.16,31.56,36.53,58.67,36.71,45.0,0 - 20.25
EXP-ZNO-00409,HepG2,182.63,12,85.43,80.54,66.36,6.39,90.22,53.53,0 - 24.09
EXP-ZNO-00410,A549,55.99,12,54.07,50.67,47.92,43.77,64.46,48.43,0 - 21.79
EXP-ZNO-00411,CHO,185.76,12,67.13,48.47,54.44,12.69,65.27,70.1,0 - 31.55
EXP-ZNO-00412,PC12,150.36,6,78.5,60.57,64.88,25.92,82.29,64.98,0 - 29.24
EXP-ZNO-00413,MCF-7,179.16,12,88.72,85.42,75.2,12.34,107.08,44.61,0 - 20.07
EXP-ZNO-00414,PC12,86.28,72,89.47,72.68,62.49,15.48,92.49,27.23,0 - 12.25
EXP-ZNO-00415,PC12,146.91,48,79.16,71.25,70.6,12.46,93.01,31.38,0 - 14.12
EXP-ZNO-00416,NIH-3T3,174.67,48,55.69,53.23,38.99,19.4,52.22,51.0,0 - 22.95
EXP-ZNO-00417,HEK293,17.01,6,2.29,3.73,0.02,92.78,3.94,97.47,0 - 43.86
EXP-ZNO-00418,MCF-7,140.09,6,84.51,74.97,67.58,21.66,96.82,56.86,0 - 25.59
EXP-ZNO-00419,CHO,49.63,72,46.43,41.53,35.62,36.3,47.44,37.44,0 - 16.85
EXP-ZNO-00420,NIH-3T3,50.95,6,24.54,19.53,18.12,69.96,20.46,105.59,0 - 47.52
EXP-ZNO-00421,HepG2,70.49,24,61.09,55.48,53.66,26.72,68.49,42.0,0 - 18.9
EXP-ZNO-00422,HepG2,44.64,24,41.02,36.39,38.77,51.96,45.67,42.0,0 - 18.9
EXP-ZNO-00423,HeLa,41.25,72,57.12,48.66,41.65,35.81,57.07,30.64,0 - 13.79
EXP-ZNO-00424,MCF-7,66.76,12,68.12,68.22,58.82,33.02,82.71,44.61,0 - 20.07
EXP-ZNO-00425,A549,129.82,6,81.01,67.23,73.6,18.08,93.94,61.73,0 - 27.78
EXP-ZNO-00426,HepG2,107.79,12,66.66,62.95,51.96,22.14,72.97,53.53,0 - 24.09
EXP-ZNO-00427,HEK293,44.41,72,37.41,31.8,34.43,46.65,37.48,40.85,0 - 18.38
EXP-ZNO-00428,Caco-2,183.33,48,75.57,66.76,55.84,13.49,72.92,39.23,0 - 17.65
EXP-ZNO-00429,MCF-7,135.65,12,94.81,85.67,79.52,9.64,111.15,44.61,0 - 20.07
EXP-ZNO-00430,PC12,86.54,72,83.42,76.65,67.98,13.79,93.71,27.23,0 - 12.25
EXP-ZNO-00431,CHO,103.06,12,54.18,48.3,49.88,28.0,55.41,70.1,0 - 31.55
EXP-ZNO-00432,NIH-3T3,189.38,24,51.48,47.35,42.95,21.51,50.47,65.0,0 - 29.25
EXP-ZNO-00433,Caco-2,86.48,6,43.56,29.34,36.78,45.54,43.57,81.23,0 - 36.55
EXP-ZNO-00434,Jurkat,179.64,12,97.51,92.38,87.76,9.02,119.62,38.24,0 - 17.21
EXP-ZNO-00435,MCF-7,47.15,12,56.36,52.81,41.15,46.43,65.19,44.61,0 - 20.07
EXP-ZNO-00436,NIH-3T3,116.86,24,50.5,38.63,46.19,25.52,48.05,65.0,0 - 29.25
EXP-ZNO-00437,Caco-2,12.85,12,0.0,1.34,0.0,100.0,0.19,63.73,0 - 28.68
EXP-ZNO-00438,HeLa,63.85,72,65.28,58.86,52.96,22.18,68.74,30.64,0 - 13.79
EXP-ZNO-00439,NIH-3T3,132.73,12,44.9,46.24,38.89,33.25,44.1,82.85,0 - 37.28
EXP-ZNO-00440,PC12,161.18,72,94.69,80.33,74.39,5.0,103.09,27.23,0 - 12.25
EXP-ZNO-00441,HEK293,81.99,12,37.28,31.78,28.18,47.87,36.14,76.47,0 - 34.41
EXP-ZNO-00442,HepG2,69.29,72,72.51,70.85,64.33,13.86,81.74,28.59,0 - 12.87
EXP-ZNO-00443,Jurkat,134.78,48,100.0,84.86,85.68,10.47,117.45,23.54,0 - 10.59
EXP-ZNO-00444,MCF-7,198.52,72,100.0,85.06,82.86,7.74,114.15,23.83,0 - 10.72
EXP-ZNO-00445,NIH-3T3,87.16,12,37.96,40.83,30.87,44.23,36.99,82.85,0 - 37.28
EXP-ZNO-00446,CHO,26.27,6,5.44,1.94,7.74,88.47,7.47,89.35,0 - 40.21
EXP-ZNO-00447,HeLa,98.7,6,58.96,51.92,47.23,33.75,59.79,73.1,0 - 32.9
EXP-ZNO-00448,A549,57.92,12,57.26,54.78,43.53,43.65,65.25,48.43,0 - 21.79
EXP-ZNO-00449,HepG2,50.59,12,42.41,33.68,34.81,54.14,43.77,53.53,0 - 24.09
EXP-ZNO-00450,CHO,93.33,6,49.94,32.84,35.4,44.71,43.08,89.35,0 - 40.21
EXP-ZNO-00451,MCF-7,193.08,6,85.81,78.44,73.8,16.33,102.29,56.86,0 - 25.59
EXP-ZNO-00452,MCF-7,81.61,12,70.84,65.89,55.18,30.57,83.8,44.61,0 - 20.07
EXP-ZNO-00453,HEK293,61.92,6,14.22,19.75,16.08,71.8,18.97,97.47,0 - 43.86
EXP-ZNO-00454,NIH-3T3,65.5,48,36.99,36.65,33.28,39.42,38.54,51.0,0 - 22.95
EXP-ZNO-00455,HeLa,167.53,72,83.48,70.15,62.46,5.0,84.09,30.64,0 - 13.79
EXP-ZNO-00456,HeLa,142.57,72,77.72,71.34,65.6,5.0,83.59,30.64,0 - 13.79
EXP-ZNO-00457,CHO,191.55,72,64.94,54.0,57.41,15.63,64.7,37.44,0 - 16.85
EXP-ZNO-00458,Jurkat,63.33,6,66.22,61.2,53.9,41.07,77.97,48.74,0 - 21.93
EXP-ZNO-00459,A549,116.75,48,83.66,70.99,75.21,14.77,97.53,29.81,0 - 13.42
EXP-ZNO-00460,A549,126.66,6,74.81,73.49,68.17,22.63,89.88,61.73,0 - 27.78
EXP-ZNO-00461,Jurkat,85.47,48,92.17,87.66,82.72,13.86,113.18,23.54,0 - 10.59
EXP-ZNO-00462,A549,110.43,48,97.68,81.8,76.92,5.0,109.01,29.81,0 - 13.42
EXP-ZNO-00463,Jurkat,130.55,48,100.0,90.0,84.66,7.1,120.44,23.54,0 - 10.59
EXP-ZNO-00464,A549,61.9,48,77.28,68.55,66.72,25.17,87.79,29.81,0 - 13.42
EXP-ZNO-00465,HepG2,181.59,24,76.82,70.05,64.07,14.14,82.33,42.0,0 - 18.9
EXP-ZNO-00466,Jurkat,140.57,72,96.47,94.26,81.58,8.44,118.88,20.42,0 - 9.19
EXP-ZNO-00467,PC12,74.32,24,76.01,58.19,63.26,25.39,81.33,40.0,0 - 18.0
EXP-ZNO-00468,A549,101.43,6,63.85,55.76,50.75,33.56,74.36,61.73,0 - 27.78
EXP-ZNO-00469,CHO,83.26,6,46.74,31.48,32.45,49.32,39.85,89.35,0 - 40.21
EXP-ZNO-00470,MCF-7,30.71,6,16.64,10.31,19.96,82.3,20.9,56.86,0 - 25.59
EXP-ZNO-00471,HEK293,25.8,6,6.91,11.43,8.7,85.78,9.78,97.47,0 - 43.86
EXP-ZNO-00472,MCF-7,20.17,6,17.74,18.42,10.72,81.37,21.54,56.86,0 - 25.59
EXP-ZNO-00473,Jurkat,34.83,12,45.83,44.85,40.28,57.35,56.24,38.24,0 - 17.21
EXP-ZNO-00474,PC12,165.77,6,81.07,78.3,70.8,13.66,94.01,64.98,0 - 29.24
EXP-ZNO-00475,MCF-7,55.78,12,65.63,56.54,62.28,37.85,77.53,44.61,0 - 20.07
EXP-ZNO-00476,NIH-3T3,179.07,6,45.26,36.25,42.35,30.56,44.45,105.59,0 - 47.52
EXP-ZNO-00477,HepG2,3.07,72,11.53,0.38,4.92,92.41,7.24,28.59,0 - 12.87
EXP-ZNO-00478,MCF-7,150.55,48,94.81,86.22,80.11,5.64,113.86,27.46,0 - 12.36
EXP-ZNO-00479,MCF-7,14.09,72,41.64,37.56,33.96,60.39,48.58,23.83,0 - 10.72
EXP-ZNO-00480,HeLa,4.69,6,1.71,0.0,2.75,100.0,0.75,73.1,0 - 32.9
EXP-ZNO-00481,PC12,133.47,24,86.33,76.09,70.94,10.1,96.91,40.0,0 - 18.0
EXP-ZNO-00482,HepG2,79.86,48,86.73,73.09,63.54,12.02,85.92,32.95,0 - 14.83
EXP-ZNO-00483,HEK293,1.96,48,2.32,1.37,0.0,97.9,1.46,47.08,0 - 21.18
EXP-ZNO-00484,NIH-3T3,183.55,6,47.83,40.56,40.44,32.74,44.28,105.59,0 - 47.52
EXP-ZNO-00485,HeLa,189.22,12,64.18,62.83,59.2,16.79,72.75,57.36,0 - 25.81
EXP-ZNO-00486,MCF-7,18.68,72,34.37,38.59,30.08,63.12,44.52,23.83,0 - 10.72
EXP-ZNO-00487,Jurkat,116.13,48,100.0,87.48,81.2,6.61,119.6,23.54,0 - 10.59
EXP-ZNO-00488,PC12,95.28,72,84.9,81.3,73.19,7.78,99.2,27.23,0 - 12.25
EXP-ZNO-00489,HepG2,45.32,72,61.19,59.87,50.7,28.76,67.67,28.59,0 - 12.87
EXP-ZNO-00490,HeLa,104.62,24,80.09,66.96,63.72,15.55,77.84,45.0,0 - 20.25
EXP-ZNO-00491,HepG2,135.25,48,85.4,66.44,57.95,10.44,84.54,32.95,0 - 14.83
EXP-ZNO-00492,MCF-7,131.35,6,81.3,73.4,72.41,19.7,97.85,56.86,0 - 25.59
EXP-ZNO-00493,Caco-2,9.14,12,0.0,6.34,1.13,98.58,1.74,63.73,0 - 28.68
EXP-ZNO-00494,HeLa,52.64,48,42.71,36.43,40.39,42.81,48.66,35.31,0 - 15.89
EXP-ZNO-00495,MCF-7,99.5,6,80.87,69.87,63.71,24.13,92.68,56.86,0 - 25.59
EXP-ZNO-00496,MCF-7,72.65,6,62.5,52.39,55.84,39.1,73.98,56.86,0 - 25.59
EXP-ZNO-00497,HeLa,24.78,48,34.85,28.29,20.22,64.54,31.98,35.31,0 - 15.89
EXP-ZNO-00498,Jurkat,65.82,6,69.14,60.66,62.09,35.97,83.53,48.74,0 - 21.93
EXP-ZNO-00499,Jurkat,119.01,72,100.0,91.91,87.22,7.17,121.27,20.42,0 - 9.19
EXP-ZNO-00500,Jurkat,116.01,48,100.0,91.18,88.81,5.0,122.85,23.54,0 - 10.59
EXP-ZNO-00501,PC12,53.57,48,80.22,71.7,63.34,21.98,86.61,31.38,0 - 14.12
EXP-ZNO-00502,HEK293,147.32,12,53.44,43.34,48.3,24.28,52.95,76.47,0 - 34.41
EXP-ZNO-00503,Jurkat,0.69,72,8.66,4.32,4.88,94.69,7.5,20.42,0 - 9.19
EXP-ZNO-00504,HepG2,42.33,48,53.32,46.02,44.73,40.76,56.59,32.95,0 - 14.83
EXP-ZNO-00505,A549,153.29,72,100.0,87.71,74.82,6.02,109.64,25.87,0 - 11.64
EXP-ZNO-00506,HepG2,62.78,24,49.21,43.84,45.94,40.62,55.65,42.0,0 - 18.9
EXP-ZNO-00507,A549,74.36,6,56.52,52.36,47.29,43.26,65.55,61.73,0 - 27.78
EXP-ZNO-00508,A549,12.96,6,10.42,6.48,5.35,89.65,10.84,61.73,0 - 27.78
EXP-ZNO-00509,HEK293,175.16,24,65.07,57.9,53.58,12.2,62.59,60.0,0 - 27.0
EXP-ZNO-00510,Caco-2,65.97,72,56.62,48.74,45.59,27.89,58.45,34.04,0 - 15.32
EXP-ZNO-00511,MCF-7,160.58,48,100.0,89.93,83.85,6.97,115.73,27.46,0 - 12.36
EXP-ZNO-00512,Jurkat,141.16,72,100.0,91.79,82.76,7.84,119.94,20.42,0 - 9.19
EXP-ZNO-00513,HepG2,11.2,72,9.63,13.41,10.1,87.64,12.21,28.59,0 - 12.87
EXP-ZNO-00514,NIH-3T3,38.24,6,18.68,7.09,16.31,83.16,12.53,105.59,0 - 47.52
EXP-ZNO-00515,NIH-3T3,142.02,24,55.45,44.74,41.07,23.59,49.73,65.0,0 - 29.25
EXP-ZNO-00516,MCF-7,9.92,12,8.69,2.15,8.92,92.53,8.92,44.61,0 - 20.07
EXP-ZNO-00517,A549,60.01,72,76.68,66.3,57.44,26.49,84.78,25.87,0 - 11.64
EXP-ZNO-00518,Jurkat,104.35,72,95.77,96.41,86.31,12.76,117.24,20.42,0 - 9.19
EXP-ZNO-00519,HepG2,50.37,24,46.74,52.83,47.81,40.67,56.81,42.0,0 - 18.9
EXP-ZNO-00520,A549,164.14,72,100.0,79.71,78.94,5.0,109.56,25.87,0 - 11.64
EXP-ZNO-00521,MCF-7,102.82,48,100.0,89.14,82.44,5.0,116.55,27.46,0 - 12.36
EXP-ZNO-00522,Jurkat,41.25,72,88.54,81.25,76.3,18.39,106.79,20.42,0 - 9.19
EXP-ZNO-00523,Caco-2,24.51,72,30.2,29.66,25.37,62.01,31.63,34.04,0 - 15.32
EXP-ZNO-00524,MCF-7,75.28,24,77.65,65.29,59.92,29.96,86.66,35.0,0 - 15.75
EXP-ZNO-00525,MCF-7,147.95,72,100.0,89.67,82.0,5.96,115.96,23.83,0 - 10.72
EXP-ZNO-00526,MCF-7,8.02,12,12.55,1.58,8.47,91.97,10.04,44.61,0 - 20.07
EXP-ZNO-00527,PC12,177.36,6,85.41,68.45,68.25,13.67,92.86,64.98,0 - 29.24
EXP-ZNO-00528,PC12,24.81,24,35.0,27.95,27.96,64.85,37.91,40.0,0 - 18.0
EXP-ZNO-00529,A549,175.24,72,91.26,81.98,74.36,7.7,105.42,25.87,0 - 11.64
EXP-ZNO-00530,Caco-2,168.94,6,61.03,48.91,45.2,26.63,59.86,81.23,0 - 36.55
EXP-ZNO-00531,MCF-7,152.3,24,99.64,84.71,78.22,5.53,114.5,35.0,0 - 15.75
EXP-ZNO-00532,HeLa,186.99,48,80.71,66.99,62.72,6.05,82.57,35.31,0 - 15.89
EXP-ZNO-00533,HEK293,140.34,24,62.49,57.01,55.13,16.16,60.55,60.0,0 - 27.0
EXP-ZNO-00534,NIH-3T3,17.95,12,2.44,7.14,7.55,85.86,7.81,82.85,0 - 37.28
EXP-ZNO-00535,Caco-2,189.58,24,79.6,63.61,64.81,7.94,77.15,50.0,0 - 22.5
EXP-ZNO-00536,Caco-2,29.63,72,39.19,27.16,26.11,55.74,36.06,34.04,0 - 15.32
EXP-ZNO-00537,HepG2,30.13,12,18.48,18.64,16.57,74.95,22.58,53.53,0 - 24.09
EXP-ZNO-00538,PC12,128.74,24,81.03,72.4,62.62,20.49,87.65,40.0,0 - 18.0
EXP-ZNO-00539,HeLa,160.29,24,67.78,67.73,59.9,15.04,75.18,45.0,0 - 20.25
EXP-ZNO-00540,NIH-3T3,16.58,6,1.81,4.36,3.44,92.7,4.15,105.59,0 - 47.52
EXP-ZNO-00541,CHO,68.9,6,39.45,31.18,26.04,57.06,34.15,89.35,0 - 40.21
EXP-ZNO-00542,CHO,107.14,12,48.58,43.52,43.21,34.25,50.04,70.1,0 - 31.55
EXP-ZNO-00543,Jurkat,23.42,6,33.48,29.8,21.63,75.75,34.5,48.74,0 - 21.93
EXP-ZNO-00544,NIH-3T3,17.88,24,2.95,5.61,0.0,94.9,3.19,65.0,0 - 29.25
EXP-ZNO-00545,NIH-3T3,70.65,24,37.04,32.28,25.82,49.6,33.06,65.0,0 - 29.25
EXP-ZNO-00546,Caco-2,72.97,12,42.86,36.81,34.1,50.44,41.79,63.73,0 - 28.68
EXP-ZNO-00547,HeLa,4.49,6,0.0,10.94,1.2,96.62,3.51,73.1,0 - 32.9
EXP-ZNO-00548,Caco-2,44.22,6,14.54,14.44,14.96,77.43,17.67,81.23,0 - 36.55
EXP-ZNO-00549,HEK293,193.47,24,68.05,63.15,52.8,6.15,66.24,60.0,0 - 27.0
EXP-ZNO-00550,MCF-7,25.13,48,41.51,41.45,41.74,56.46,53.19,27.46,0 - 12.36
EXP-ZNO-00551,HEK293,145.76,48,55.02,58.14,49.72,13.55,59.85,47.08,0 - 21.18
EXP-ZNO-00552,HEK293,65.9,12,35.73,25.09,18.2,57.36,29.72,76.47,0 - 34.41
EXP-ZNO-00553,A549,174.0,48,95.58,86.76,76.18,5.0,109.27,29.81,0 - 13.42
EXP-ZNO-00554,Caco-2,107.3,72,74.61,66.2,54.1,10.18,73.98,34.04,0 - 15.32
EXP-ZNO-00555,CHO,133.55,12,58.78,51.29,42.24,24.9,57.0,70.1,0 - 31.55
EXP-ZNO-00556,Jurkat,145.35,12,97.84,97.51,86.65,8.91,120.56,38.24,0 - 17.21
EXP-ZNO-00557,HEK293,33.67,12,17.36,15.48,10.22,76.4,16.26,76.47,0 - 34.41
EXP-ZNO-00558,A549,124.86,24,100.0,72.58,75.53,11.35,103.85,38.0,0 - 17.1
EXP-ZNO-00559,NIH-3T3,39.91,48,26.02,20.52,19.56,60.99,24.58,51.0,0 - 22.95
EXP-ZNO-00560,NIH-3T3,27.8,72,20.36,23.47,20.94,65.35,22.45,44.25,0 - 19.91
EXP-ZNO-00561,HepG2,170.52,48,86.57,68.02,64.33,8.3,87.17,32.95,0 - 14.83
EXP-ZNO-00562,Jurkat,86.12,6,82.21,70.39,61.4,27.89,93.95,48.74,0 - 21.93
EXP-ZNO-00563,HEK293,12.86,12,4.23,1.98,2.3,93.71,3.94,76.47,0 - 34.41
EXP-ZNO-00564,HeLa,8.46,72,0.0,0.0,4.06,97.56,1.83,30.64,0 - 13.79
EXP-ZNO-00565,CHO,177.02,72,75.5,73.75,60.29,5.0,74.44,37.44,0 - 16.85
EXP-ZNO-00566,PC12,137.19,24,82.35,72.33,68.35,13.11,93.17,40.0,0 - 18.0
EXP-ZNO-00567,CHO,11.72,12,7.1,10.71,0.48,95.57,4.78,70.1,0 - 31.55
EXP-ZNO-00568,PC12,20.92,24,27.56,24.32,26.97,72.72,30.87,40.0,0 - 18.0
EXP-ZNO-00569,NIH-3T3,16.4,48,4.35,8.16,11.33,87.6,7.99,51.0,0 - 22.95
EXP-ZNO-00570,NIH-3T3,129.91,72,60.96,49.55,45.24,15.11,55.08,44.25,0 - 19.91
EXP-ZNO-00571,PC12,135.44,48,88.77,84.57,75.33,8.52,100.6,31.38,0 - 14.12
EXP-ZNO-00572,NIH-3T3,90.33,72,44.18,43.25,43.07,25.6,47.19,44.25,0 - 19.91
EXP-ZNO-00573,HEK293,63.92,72,50.77,45.28,36.67,37.2,45.77,40.85,0 - 18.38
EXP-ZNO-00574,PC12,187.67,24,85.93,83.69,77.1,7.1,100.92,40.0,0 - 18.0
EXP-ZNO-00575,A549,6.97,12,3.49,6.17,4.58,90.96,8.2,48.43,0 - 21.79
EXP-ZNO-00576,MCF-7,125.96,48,92.02,80.83,79.48,14.88,106.26,27.46,0 - 12.36
EXP-ZNO-00577,Jurkat,151.36,12,100.0,91.32,85.72,5.0,122.27,38.24,0 - 17.21
EXP-ZNO-00578,Caco-2,24.09,12,15.67,13.24,5.41,84.54,12.98,63.73,0 - 28.68
EXP-ZNO-00579,Caco-2,186.83,12,76.64,61.94,58.09,13.32,72.84,63.73,0 - 28.68
EXP-ZNO-00580,Caco-2,143.59,6,52.43,44.5,45.28,36.9,52.73,81.23,0 - 36.55
EXP-ZNO-00581,HEK293,139.58,24,47.5,54.29,45.61,22.08,53.93,60.0,0 - 27.0
EXP-ZNO-00582,Caco-2,12.91,72,18.86,13.6,4.81,81.26,15.11,34.04,0 - 15.32
EXP-ZNO-00583,NIH-3T3,130.34,72,62.36,48.96,48.75,19.06,54.08,44.25,0 - 19.91
EXP-ZNO-00584,Caco-2,91.62,12,51.84,40.56,42.19,35.07,52.48,63.73,0 - 28.68
EXP-ZNO-00585,A549,19.79,72,37.29,29.37,27.1,63.06,41.28,25.87,0 - 11.64
EXP-ZNO-00586,A549,112.61,48,89.88,87.33,77.94,8.38,106.29,29.81,0 - 13.42
EXP-ZNO-00587,HEK293,50.55,12,23.37,26.09,22.38,67.29,24.05,76.47,0 - 34.41
EXP-ZNO-00588,NIH-3T3,116.18,72,54.68,52.05,46.34,13.89,55.0,44.25,0 - 19.91
EXP-ZNO-00589,Jurkat,146.14,24,100.0,93.84,81.7,7.67,120.24,30.0,0 - 13.5
EXP-ZNO-00590,NIH-3T3,69.76,72,51.07,41.35,39.31,32.13,45.0,44.25,0 - 19.91
EXP-ZNO-00591,HepG2,192.17,12,77.02,63.41,67.82,12.18,82.95,53.53,0 - 24.09
EXP-ZNO-00592,Caco-2,57.86,12,40.5,23.57,24.84,61.14,33.05,63.73,0 - 28.68
EXP-ZNO-00593,HepG2,170.74,6,77.84,62.5,63.75,13.88,81.44,68.23,0 - 30.7
EXP-ZNO-00594,Jurkat,122.46,24,95.85,85.34,77.55,11.05,114.5,30.0,0 - 13.5
EXP-ZNO-00595,Jurkat,97.09,48,99.82,82.37,76.39,13.55,113.1,23.54,0 - 10.59
EXP-ZNO-00596,HeLa,52.54,12,50.73,42.93,41.24,43.1,51.22,57.36,0 - 25.81
EXP-ZNO-00597,MCF-7,28.32,24,49.13,39.77,32.82,59.9,50.96,35.0,0 - 15.75
EXP-ZNO-00598,HepG2,79.2,24,68.49,55.88,50.86,25.71,70.2,42.0,0 - 18.9
EXP-ZNO-00599,HEK293,64.94,48,45.48,39.7,39.7,35.36,45.33,47.08,0 - 21.18
EXP-ZNO-00600,PC12,142.38,72,85.42,82.84,71.15,12.93,96.28,27.23,0 - 12.25
EXP-ZNO-00601,HeLa,81.32,48,74.26,64.66,65.99,12.62,78.14,35.31,0 - 15.89
EXP-ZNO-00602,HepG2,83.77,12,56.84,48.11,48.43,35.54,60.98,53.53,0 - 24.09
EXP-ZNO-00603,HeLa,109.19,72,73.55,65.15,67.98,9.96,79.7,30.64,0 - 13.79
EXP-ZNO-00604,A549,78.49,72,90.83,76.87,71.0,13.82,100.12,25.87,0 - 11.64
EXP-ZNO-00605,CHO,86.73,48,56.73,49.71,46.46,22.93,57.88,43.15,0 - 19.42
EXP-ZNO-00606,PC12,162.42,24,83.99,83.68,78.35,6.76,100.88,40.0,0 - 18.0
EXP-ZNO-00607,Caco-2,45.42,72,47.58,45.94,37.19,43.17,47.88,34.04,0 - 15.32
EXP-ZNO-00608,NIH-3T3,116.07,12,44.94,37.42,40.7,39.53,40.75,82.85,0 - 37.28
EXP-ZNO-00609,CHO,90.13,24,55.01,44.34,43.93,29.9,53.36,55.0,0 - 24.75
EXP-ZNO-00610,Caco-2,91.29,6,41.87,34.77,40.07,43.86,45.29,81.23,0 - 36.55
EXP-ZNO-00611,HepG2,23.24,48,37.41,29.88,29.84,66.42,34.89,32.95,0 - 14.83
EXP-ZNO-00612,Caco-2,127.97,12,53.79,51.69,41.52,29.4,57.04,63.73,0 - 28.68
EXP-ZNO-00613,PC12,138.48,24,83.77,77.33,65.82,14.62,93.05,40.0,0 - 18.0
EXP-ZNO-00614,Caco-2,173.67,48,77.03,62.63,57.93,10.1,74.52,39.23,0 - 17.65
EXP-ZNO-00615,HepG2,188.63,72,82.29,76.0,67.12,5.0,89.7,28.59,0 - 12.87
EXP-ZNO-00616,PC12,87.63,24,72.17,70.12,63.35,25.43,82.5,40.0,0 - 18.0
EXP-ZNO-00617,HepG2,15.45,12,17.03,11.91,13.25,82.14,16.92,53.53,0 - 24.09
EXP-ZNO-00618,A549,196.51,48,100.0,85.1,78.65,5.0,110.47,29.81,0 - 13.42
EXP-ZNO-00619,MCF-7,118.74,48,100.0,84.5,81.51,9.16,112.9,27.46,0 - 12.36
EXP-ZNO-00620,HepG2,196.22,6,73.92,66.28,62.27,19.55,78.01,68.23,0 - 30.7
EXP-ZNO-00621,PC12,25.49,72,50.01,41.52,37.5,52.94,52.19,27.23,0 - 12.25
EXP-ZNO-00622,Caco-2,15.86,24,8.9,4.35,1.05,91.6,6.45,50.0,0 - 22.5
EXP-ZNO-00623,Jurkat,70.71,24,89.8,80.63,77.2,14.4,109.76,30.0,0 - 13.5
EXP-ZNO-00624,CHO,103.05,48,62.24,59.12,49.44,25.45,59.41,43.15,0 - 19.42
EXP-ZNO-00625,PC12,116.7,12,82.51,69.78,67.96,20.3,88.56,50.98,0 - 22.94
EXP-ZNO-00626,HeLa,70.25,6,48.38,44.51,43.21,46.2,49.73,73.1,0 - 32.9
EXP-ZNO-00627,Caco-2,135.21,72,78.51,67.73,62.17,6.99,77.61,34.04,0 - 15.32
EXP-ZNO-00628,HEK293,21.58,6,9.8,8.64,5.47,93.55,6.21,97.47,0 - 43.86
EXP-ZNO-00629,PC12,166.97,12,75.91,75.59,63.52,16.64,89.39,50.98,0 - 22.94
EXP-ZNO-00630,Caco-2,43.94,24,38.05,31.91,30.86,53.54,38.24,50.0,0 - 22.5
EXP-ZNO-00631,PC12,195.23,24,88.35,83.8,75.98,6.26,101.78,40.0,0 - 18.0
EXP-ZNO-00632,MCF-7,166.62,24,96.3,84.47,83.11,9.31,112.18,35.0,0 - 15.75
EXP-ZNO-00633,Caco-2,179.22,6,65.37,59.57,54.45,18.8,67.24,81.23,0 - 36.55
EXP-ZNO-00634,HeLa,38.07,48,45.75,46.1,37.52,44.88,49.25,35.31,0 - 15.89
EXP-ZNO-00635,A549,146.86,24,86.83,76.31,68.2,14.27,98.29,38.0,0 - 17.1
EXP-ZNO-00636,HEK293,125.93,48,55.96,54.03,47.22,21.93,55.6,47.08,0 - 21.18
EXP-ZNO-00637,HeLa,37.09,72,45.32,46.27,38.12,41.67,50.89,30.64,0 - 13.79
EXP-ZNO-00638,NIH-3T3,76.88,12,42.37,24.14,26.69,49.14,33.22,82.85,0 - 37.28
EXP-ZNO-00639,HeLa,187.27,12,72.36,64.0,61.15,14.4,76.04,57.36,0 - 25.81
EXP-ZNO-00640,MCF-7,51.8,6,38.17,39.68,35.21,58.71,49.39,56.86,0 - 25.59
EXP-ZNO-00641,A549,173.78,24,100.0,80.46,77.19,7.35,107.97,38.0,0 - 17.1
EXP-ZNO-00642,MCF-7,126.22,48,96.67,80.59,80.4,8.5,111.54,27.46,0 - 12.36
EXP-ZNO-00643,A549,75.97,12,70.71,62.65,54.58,30.79,79.6,48.43,0 - 21.79
EXP-ZNO-00644,A549,4.2,6,0.0,3.15,2.16,99.91,1.01,61.73,0 - 27.78
EXP-ZNO-00645,MCF-7,168.67,72,97.86,90.98,87.22,5.0,117.25,23.83,0 - 10.72
EXP-ZNO-00646,Caco-2,199.25,24,66.24,63.64,53.96,17.43,68.56,50.0,0 - 22.5
EXP-ZNO-00647,PC12,177.38,6,85.06,85.57,71.68,8.22,99.46,64.98,0 - 29.24
EXP-ZNO-00648,CHO,32.92,12,23.49,15.09,17.17,74.72,19.96,70.1,0 - 31.55
EXP-ZNO-00649,Caco-2,4.48,24,0.0,0.03,4.96,100.0,0.71,50.0,0 - 22.5
EXP-ZNO-00650,A549,146.58,72,90.41,77.05,77.58,9.12,104.06,25.87,0 - 11.64
EXP-ZNO-00651,NIH-3T3,125.79,12,44.21,35.5,32.64,38.52,39.84,82.85,0 - 37.28
EXP-ZNO-00652,MCF-7,11.62,12,8.88,0.0,6.67,93.63,7.45,44.61,0 - 20.07
EXP-ZNO-00653,HeLa,183.39,12,71.57,66.56,52.66,18.8,72.8,57.36,0 - 25.81
EXP-ZNO-00654,Caco-2,50.44,72,58.09,49.41,43.61,34.32,55.49,34.04,0 - 15.32
EXP-ZNO-00655,HepG2,26.31,24,26.9,34.32,23.08,65.78,32.66,42.0,0 - 18.9
EXP-ZNO-00656,HEK293,170.7,12,54.58,56.12,43.74,19.27,56.32,76.47,0 - 34.41
EXP-ZNO-00657,A549,86.25,24,81.47,68.5,66.82,20.21,91.78,38.0,0 - 17.1
EXP-ZNO-00658,CHO,106.9,24,59.35,48.07,47.47,27.73,56.1,55.0,0 - 24.75
EXP-ZNO-00659,HeLa,68.03,24,56.64,46.67,43.77,35.4,57.19,45.0,0 - 20.25
EXP-ZNO-00660,A549,179.86,12,95.83,83.64,74.44,7.32,107.06,48.43,0 - 21.79
EXP-ZNO-00661,HEK293,179.56,48,63.93,56.21,51.54,13.79,61.25,47.08,0 - 21.18
EXP-ZNO-00662,A549,30.41,24,38.24,32.09,27.93,67.15,39.69,38.0,0 - 17.1
EXP-ZNO-00663,Caco-2,164.62,72,75.31,55.64,62.92,6.33,75.7,34.04,0 - 15.32
EXP-ZNO-00664,MCF-7,153.15,6,91.29,77.07,76.77,13.89,105.49,56.86,0 - 25.59
EXP-ZNO-00665,A549,121.75,48,97.01,89.06,79.2,6.75,109.52,29.81,0 - 13.42
EXP-ZNO-00666,HEK293,91.26,72,58.17,56.97,52.73,21.61,57.19,40.85,0 - 18.38
EXP-ZNO-00667,MCF-7,83.89,48,95.18,80.29,77.85,11.89,108.52,27.46,0 - 12.36
EXP-ZNO-00668,MCF-7,19.78,48,39.29,41.24,38.03,58.66,50.52,27.46,0 - 12.36
EXP-ZNO-00669,MCF-7,118.92,48,100.0,85.65,81.47,5.5,115.4,27.46,0 - 12.36
EXP-ZNO-00670,HeLa,163.02,6,69.9,59.25,57.04,21.24,70.8,73.1,0 - 32.9
EXP-ZNO-00671,HEK293,159.47,24,60.95,54.78,58.07,13.18,61.65,60.0,0 - 27.0
EXP-ZNO-00672,HepG2,183.6,6,78.93,75.86,66.11,15.15,83.48,68.23,0 - 30.7
EXP-ZNO-00673,PC12,154.75,12,84.3,70.69,72.08,12.94,94.08,50.98,0 - 22.94
EXP-ZNO-00674,A549,58.43,12,56.76,47.63,51.98,42.42,66.1,48.43,0 - 21.79
EXP-ZNO-00675,HeLa,99.75,6,57.39,47.82,46.33,33.54,58.83,73.1,0 - 32.9
EXP-ZNO-00676,Caco-2,144.69,6,67.99,53.53,51.04,27.59,62.21,81.23,0 - 36.55
EXP-ZNO-00677,Caco-2,86.06,12,52.38,39.62,41.26,35.85,51.95,63.73,0 - 28.68
EXP-ZNO-00678,CHO,116.86,72,72.3,59.66,58.32,11.54,68.75,37.44,0 - 16.85
EXP-ZNO-00679,A549,145.86,48,90.31,77.56,75.57,10.44,102.97,29.81,0 - 13.42
EXP-ZNO-00680,Caco-2,145.64,48,67.68,59.31,60.66,11.49,72.0,39.23,0 - 17.65
EXP-ZNO-00681,MCF-7,15.96,24,27.29,21.82,12.09,78.71,26.49,35.0,0 - 15.75
EXP-ZNO-00682,CHO,24.04,72,27.64,23.35,20.92,65.02,26.69,37.44,0 - 16.85
EXP-ZNO-00683,Jurkat,35.39,24,60.04,59.08,46.21,45.82,71.36,30.0,0 - 13.5
EXP-ZNO-00684,PC12,199.13,24,100.0,83.08,76.72,5.9,104.67,40.0,0 - 18.0
EXP-ZNO-00685,CHO,41.34,6,10.65,4.19,7.52,84.1,10.65,89.35,0 - 40.21
EXP-ZNO-00686,MCF-7,176.54,24,100.0,89.28,88.51,5.0,117.71,35.0,0 - 15.75
EXP-ZNO-00687,Caco-2,78.21,48,58.62,52.29,49.5,25.46,61.05,39.23,0 - 17.65
EXP-ZNO-00688,CHO,127.92,24,64.46,56.48,47.58,20.82,61.28,55.0,0 - 24.75
EXP-ZNO-00689,PC12,97.0,48,90.99,78.95,69.4,9.81,98.38,31.38,0 - 14.12
EXP-ZNO-00690,HEK293,21.41,72,10.55,14.42,14.54,75.76,15.79,40.85,0 - 18.38
EXP-ZNO-00691,NIH-3T3,72.64,12,28.96,26.83,24.87,54.52,29.03,82.85,0 - 37.28
EXP-ZNO-00692,Jurkat,1.29,48,10.79,5.89,3.3,90.32,10.89,23.54,0 - 10.59
EXP-ZNO-00693,Caco-2,43.49,72,40.54,45.2,40.9,36.6,50.09,34.04,0 - 15.32
EXP-ZNO-00694,Jurkat,18.74,48,42.56,33.64,30.97,61.99,48.37,23.54,0 - 10.59
EXP-ZNO-00695,PC12,110.2,48,83.15,76.9,70.0,13.05,94.46,31.38,0 - 14.12
EXP-ZNO-00696,HepG2,68.52,24,64.2,56.57,48.25,33.65,64.82,42.0,0 - 18.9
EXP-ZNO-00697,Caco-2,124.58,72,77.9,64.5,57.4,10.39,74.74,34.04,0 - 15.32
EXP-ZNO-00698,HEK293,89.17,6,36.0,35.22,26.84,50.58,35.04,97.47,0 - 43.86
EXP-ZNO-00699,MCF-7,198.53,72,100.0,89.72,80.12,8.15,114.25,23.83,0 - 10.72
EXP-ZNO-00700,CHO,126.42,24,55.03,51.65,49.3,21.76,58.74,55.0,0 - 24.75
EXP-ZNO-00701,MCF-7,169.8,48,93.34,89.58,76.63,8.7,111.56,27.46,0 - 12.36
EXP-ZNO-00702,NIH-3T3,129.72,12,43.59,50.19,38.88,33.93,44.09,82.85,0 - 37.28
EXP-ZNO-00703,Jurkat,133.9,12,100.0,93.63,85.58,5.77,122.2,38.24,0 - 17.21
EXP-ZNO-00704,HEK293,49.0,72,45.34,37.56,31.54,40.13,41.96,40.85,0 - 18.38
EXP-ZNO-00705,CHO,129.22,24,58.32,53.55,55.24,19.93,61.22,55.0,0 - 24.75
EXP-ZNO-00706,Caco-2,2.52,48,0.0,0.0,0.0,100.0,0.0,39.23,0 - 17.65
EXP-ZNO-00707,Jurkat,183.97,6,100.0,89.76,83.86,10.45,118.06,48.74,0 - 21.93
EXP-ZNO-00708,CHO,166.13,6,63.23,53.93,49.56,23.9,59.6,89.35,0 - 40.21
EXP-ZNO-00709,PC12,21.7,24,32.06,26.53,23.98,70.44,33.08,40.0,0 - 18.0
EXP-ZNO-00710,Caco-2,166.72,72,67.73,65.87,62.97,11.53,73.25,34.04,0 - 15.32
EXP-ZNO-00711,HeLa,88.87,12,60.87,50.45,52.64,32.22,61.53,57.36,0 - 25.81
EXP-ZNO-00712,MCF-7,192.06,48,100.0,85.4,78.85,8.67,112.88,27.46,0 - 12.36
EXP-ZNO-00713,Jurkat,10.03,48,16.83,17.8,12.34,80.17,23.14,23.54,0 - 10.59
EXP-ZNO-00714,Jurkat,159.57,12,94.08,82.8,75.95,13.67,111.53,38.24,0 - 17.21
EXP-ZNO-00715,CHO,31.8,6,16.32,14.04,12.9,79.72,15.7,89.35,0 - 40.21
EXP-ZNO-00716,HepG2,133.34,24,76.87,69.62,65.79,13.3,82.99,42.0,0 - 18.9
EXP-ZNO-00717,HepG2,131.53,24,70.34,66.15,61.92,13.52,80.34,42.0,0 - 18.9
EXP-ZNO-00718,PC12,7.05,6,0.0,0.44,0.0,100.0,0.08,64.98,0 - 29.24
EXP-ZNO-00719,HepG2,69.78,48,70.58,65.22,63.74,17.48,78.46,32.95,0 - 14.83
EXP-ZNO-00720,HepG2,109.64,24,73.39,64.7,64.65,21.08,77.22,42.0,0 - 18.9
EXP-ZNO-00721,NIH-3T3,126.16,24,52.86,40.7,42.78,21.93,49.7,65.0,0 - 29.25
EXP-ZNO-00722,HeLa,13.63,48,20.8,11.85,8.22,79.24,17.55,35.31,0 - 15.89
EXP-ZNO-00723,HEK293,29.47,6,9.21,7.6,3.12,88.31,7.9,97.47,0 - 43.86
EXP-ZNO-00724,Jurkat,170.98,72,100.0,94.45,87.73,5.0,123.28,20.42,0 - 9.19
EXP-ZNO-00725,Caco-2,101.94,24,61.59,53.96,54.08,21.53,64.37,50.0,0 - 22.5
EXP-ZNO-00726,Caco-2,181.6,72,75.75,62.87,57.42,10.67,73.97,34.04,0 - 15.32
EXP-ZNO-00727,NIH-3T3,46.9,12,21.7,23.03,18.28,68.08,21.2,82.85,0 - 37.28
EXP-ZNO-00728,HEK293,194.13,12,66.22,57.4,52.29,12.2,62.56,76.47,0 - 34.41
EXP-ZNO-00729,HeLa,100.81,6,57.47,42.49,46.16,33.67,57.96,73.1,0 - 32.9
EXP-ZNO-00730,MCF-7,142.75,6,87.74,75.27,69.37,16.85,101.02,56.86,0 - 25.59
EXP-ZNO-00731,Jurkat,115.6,12,99.49,92.15,76.22,11.95,115.93,38.24,0 - 17.21
EXP-ZNO-00732,Caco-2,90.74,48,55.19,51.9,47.24,26.36,59.59,39.23,0 - 17.65
EXP-ZNO-00733,CHO,176.4,24,65.08,51.66,55.56,10.73,66.36,55.0,0 - 24.75
EXP-ZNO-00734,CHO,77.11,24,50.94,40.71,38.86,36.65,48.42,55.0,0 - 24.75
EXP-ZNO-00735,HeLa,110.36,6,49.77,39.26,39.02,44.99,49.2,73.1,0 - 32.9
EXP-ZNO-00736,Caco-2,152.94,24,66.73,58.87,53.03,14.85,69.07,50.0,0 - 22.5
EXP-ZNO-00737,PC12,61.49,24,69.62,61.52,54.4,31.65,75.31,40.0,0 - 18.0
EXP-ZNO-00738,MCF-7,163.65,24,94.41,90.81,74.8,11.47,109.99,35.0,0 - 15.75
EXP-ZNO-00739,Jurkat,90.24,12,91.21,77.0,70.11,20.98,103.76,38.24,0 - 17.21
EXP-ZNO-00740,HEK293,179.3,48,61.86,49.7,47.93,16.73,58.35,47.08,0 - 21.18
EXP-ZNO-00741,CHO,83.88,48,57.04,49.2,43.45,23.28,57.3,43.15,0 - 19.42
EXP-ZNO-00742,MCF-7,149.42,72,100.0,93.23,80.67,5.0,116.98,23.83,0 - 10.72
EXP-ZNO-00743,MCF-7,26.5,6,18.63,23.68,23.61,77.44,27.62,56.86,0 - 25.59
EXP-ZNO-00744,HeLa,150.59,6,67.14,52.14,58.68,19.25,70.43,73.1,0 - 32.9
EXP-ZNO-00745,PC12,136.5,48,90.79,85.99,73.0,5.62,102.58,31.38,0 - 14.12
EXP-ZNO-00746,PC12,132.54,12,72.27,67.71,56.07,23.92,81.72,50.98,0 - 22.94
EXP-ZNO-00747,Caco-2,45.83,48,44.1,44.12,36.09,42.17,47.28,39.23,0 - 17.65
EXP-ZNO-00748,HEK293,46.8,6,18.19,13.19,16.4,77.89,16.26,97.47,0 - 43.86
EXP-ZNO-00749,A549,118.46,72,94.73,82.25,77.64,7.27,107.15,25.87,0 - 11.64
EXP-ZNO-00750,MCF-7,186.72,24,99.13,91.35,83.4,5.0,116.92,35.0,0 - 15.75
EXP-ZNO-00751,MCF-7,48.01,72,83.79,78.14,64.41,20.87,97.13,23.83,0 - 10.72
EXP-ZNO-00752,HepG2,117.68,6,61.49,55.5,54.58,29.21,67.42,68.23,0 - 30.7
EXP-ZNO-00753,HeLa,32.37,6,20.07,21.63,14.51,74.76,22.05,73.1,0 - 32.9
EXP-ZNO-00754,A549,3.5,12,0.0,0.0,0.0,100.0,0.0,48.43,0 - 21.79
EXP-ZNO-00755,NIH-3T3,119.98,6,41.68,39.91,28.48,39.85,38.94,105.59,0 - 47.52
EXP-ZNO-00756,HEK293,21.76,6,13.54,7.59,7.31,86.06,10.13,97.47,0 - 43.86
EXP-ZNO-00757,MCF-7,116.17,72,96.33,80.47,75.27,14.84,106.51,23.83,0 - 10.72
EXP-ZNO-00758,MCF-7,20.4,72,43.53,40.03,41.41,57.45,52.75,23.83,0 - 10.72
EXP-ZNO-00759,HeLa,107.33,48,73.17,64.6,56.01,16.44,74.51,35.31,0 - 15.89
EXP-ZNO-00760,MCF-7,25.32,12,34.58,28.45,24.48,71.38,36.46,44.61,0 - 20.07
EXP-ZNO-00761,NIH-3T3,78.36,12,36.81,24.38,32.9,49.78,32.85,82.85,0 - 37.28
EXP-ZNO-00762,MCF-7,103.13,12,80.21,72.72,61.73,22.72,93.56,44.61,0 - 20.07
EXP-ZNO-00763,HepG2,45.74,48,63.62,53.65,49.0,30.76,65.88,32.95,0 - 14.83
EXP-ZNO-00764,HepG2,191.57,6,71.81,63.23,57.09,15.9,78.18,68.23,0 - 30.7
EXP-ZNO-00765,MCF-7,115.83,12,85.93,72.55,72.81,19.91,98.79,44.61,0 - 20.07
EXP-ZNO-00766,Jurkat,36.54,12,45.5,40.85,35.52,58.34,53.8,38.24,0 - 17.21
EXP-ZNO-00767,PC12,187.36,24,80.34,87.04,77.98,5.0,101.57,40.0,0 - 18.0
EXP-ZNO-00768,HeLa,23.52,12,20.55,20.17,11.67,82.45,17.66,57.36,0 - 25.81
EXP-ZNO-00769,CHO,125.96,48,58.62,53.46,51.18,16.4,62.3,43.15,0 - 19.42
EXP-ZNO-00770,NIH-3T3,195.58,48,61.22,53.28,50.88,6.24,59.8,51.0,0 - 22.95
EXP-ZNO-00771,CHO,182.21,48,64.03,50.45,50.35,17.97,62.05,43.15,0 - 19.42
EXP-ZNO-00772,Jurkat,130.01,48,100.0,86.18,81.66,9.35,117.65,23.54,0 - 10.59
EXP-ZNO-00773,PC12,11.17,24,4.86,15.28,8.08,86.99,12.63,40.0,0 - 18.0
EXP-ZNO-00774,Jurkat,107.77,6,84.63,77.52,68.59,22.12,101.12,48.74,0 - 21.93
EXP-ZNO-00775,MCF-7,95.02,6,71.63,68.75,66.46,30.77,86.53,56.86,0 - 25.59
EXP-ZNO-00776,HeLa,64.15,24,59.48,50.99,46.46,34.87,59.08,45.0,0 - 20.25
EXP-ZNO-00777,Caco-2,15.59,48,7.4,10.9,6.41,88.54,9.32,39.23,0 - 17.65
EXP-ZNO-00778,HEK293,134.62,6,40.06,30.37,29.33,44.94,37.82,97.47,0 - 43.86
EXP-ZNO-00779,Jurkat,86.17,72,95.04,83.89,86.26,11.14,115.65,20.42,0 - 9.19
EXP-ZNO-00780,A549,69.45,12,68.33,61.45,54.66,33.44,77.23,48.43,0 - 21.79
EXP-ZNO-00781,Caco-2,70.45,24,55.47,48.57,46.02,28.0,58.22,50.0,0 - 22.5
EXP-ZNO-00782,MCF-7,173.2,24,100.0,93.31,80.62,5.29,116.81,35.0,0 - 15.75
EXP-ZNO-00783,HepG2,163.45,48,70.6,64.78,57.92,16.17,78.16,32.95,0 - 14.83
EXP-ZNO-00784,HEK293,91.12,6,37.63,31.51,36.69,51.48,35.71,97.47,0 - 43.86
EXP-ZNO-00785,Jurkat,186.56,12,100.0,92.5,88.76,5.0,123.1,38.24,0 - 17.21
EXP-ZNO-00786,Caco-2,98.34,6,44.88,41.93,37.08,43.11,46.81,81.23,0 - 36.55
EXP-ZNO-00787,PC12,188.69,6,83.81,76.71,69.21,12.43,94.8,64.98,0 - 29.24
EXP-ZNO-00788,MCF-7,31.39,12,35.74,42.41,29.88,62.14,46.15,44.61,0 - 20.07
EXP-ZNO-00789,NIH-3T3,161.22,12,44.4,34.56,41.86,28.85,44.73,82.85,0 - 37.28
EXP-ZNO-00790,HepG2,17.62,12,12.83,13.91,4.08,87.34,12.17,53.53,0 - 24.09
EXP-ZNO-00791,MCF-7,193.56,6,100.0,95.61,81.75,5.73,117.17,56.86,0 - 25.59
EXP-ZNO-00792,NIH-3T3,157.64,48,55.96,54.57,48.9,10.62,57.12,51.0,0 - 22.95
EXP-ZNO-00793,CHO,156.96,48,61.06,58.15,55.51,13.41,65.3,43.15,0 - 19.42
EXP-ZNO-00794,CHO,183.59,12,63.98,52.49,56.57,20.25,62.13,70.1,0 - 31.55
EXP-ZNO-00795,HEK293,186.75,12,56.39,45.69,51.42,20.31,55.84,76.47,0 - 34.41
EXP-ZNO-00796,HeLa,192.49,48,82.92,71.51,70.46,5.0,85.38,35.31,0 - 15.89
EXP-ZNO-00797,HepG2,57.9,48,62.7,59.26,57.79,29.74,68.49,32.95,0 - 14.83
EXP-ZNO-00798,NIH-3T3,91.92,24,41.11,42.66,36.38,34.8,42.14,65.0,0 - 29.25
EXP-ZNO-00799,A549,150.07,72,96.93,80.33,78.34,5.0,108.82,25.87,0 - 11.64
EXP-ZNO-00800,HEK293,95.86,12,44.57,38.21,35.19,37.67,43.43,76.47,0 - 34.41
EXP-ZNO-00801,CHO,23.05,24,12.48,10.9,7.21,84.47,11.68,55.0,0 - 24.75
EXP-ZNO-00802,CHO,146.99,12,56.34,48.27,39.7,28.05,54.39,70.1,0 - 31.55
EXP-ZNO-00803,Caco-2,76.94,24,47.36,41.03,37.22,38.7,49.27,50.0,0 - 22.5
EXP-ZNO-00804,HEK293,113.37,24,52.96,44.33,42.02,27.48,50.83,60.0,0 - 27.0
EXP-ZNO-00805,PC12,194.42,48,90.4,79.1,74.71,7.41,100.56,31.38,0 - 14.12
EXP-ZNO-00806,Jurkat,139.33,24,96.0,87.27,80.33,10.72,115.67,30.0,0 - 13.5
EXP-ZNO-00807,CHO,165.18,24,61.98,59.64,53.32,12.35,65.85,55.0,0 - 24.75
EXP-ZNO-00808,MCF-7,64.47,24,76.06,61.17,61.29,28.69,86.55,35.0,0 - 15.75
EXP-ZNO-00809,HepG2,134.16,6,68.14,61.08,60.93,17.52,76.83,68.23,0 - 30.7
EXP-ZNO-00810,Caco-2,86.32,12,54.21,46.05,41.29,36.41,52.95,63.73,0 - 28.68
EXP-ZNO-00811,HeLa,11.19,6,6.7,0.71,0.15,92.21,5.36,73.1,0 - 32.9
EXP-ZNO-00812,CHO,68.53,6,32.0,26.97,22.89,61.0,30.04,89.35,0 - 40.21
EXP-ZNO-00813,PC12,179.21,12,73.3,72.88,69.54,19.16,87.91,50.98,0 - 22.94
EXP-ZNO-00814,HEK293,166.68,12,49.29,39.21,43.59,28.03,49.52,76.47,0 - 34.41
EXP-ZNO-00815,Caco-2,13.75,48,2.18,17.34,5.76,89.58,8.66,39.23,0 - 17.65
EXP-ZNO-00816,HepG2,132.49,12,72.8,70.23,67.02,17.46,80.24,53.53,0 - 24.09
EXP-ZNO-00817,A549,16.6,72,27.85,21.33,30.6,69.03,34.61,25.87,0 - 11.64
EXP-ZNO-00818,A549,66.2,24,71.71,60.97,61.51,27.37,82.83,38.0,0 - 17.1
EXP-ZNO-00819,HEK293,196.99,24,69.29,46.78,50.56,14.68,60.45,60.0,0 - 27.0
EXP-ZNO-00820,HepG2,98.9,72,85.75,75.53,71.56,5.39,90.84,28.59,0 - 12.87
EXP-ZNO-00821,CHO,84.8,24,50.5,42.41,45.46,31.75,51.66,55.0,0 - 24.75
EXP-ZNO-00822,A549,100.62,72,89.07,83.5,75.61,14.44,101.35,25.87,0 - 11.64
EXP-ZNO-00823,HeLa,57.61,24,47.95,49.55,46.24,35.29,56.31,45.0,0 - 20.25
EXP-ZNO-00824,HeLa,13.59,6,9.68,0.0,0.0,96.94,3.47,73.1,0 - 32.9
EXP-ZNO-00825,HEK293,134.09,24,43.16,42.57,40.7,31.3,47.15,60.0,0 - 27.0
EXP-ZNO-00826,MCF-7,61.3,24,83.63,68.4,71.52,23.65,94.86,35.0,0 - 15.75
EXP-ZNO-00827,NIH-3T3,94.1,48,53.41,38.9,36.7,27.83,46.49,51.0,0 - 22.95
EXP-ZNO-00828,A549,86.62,72,91.0,83.03,73.97,12.17,102.8,25.87,0 - 11.64
EXP-ZNO-00829,Jurkat,7.52,6,10.9,2.9,5.13,95.91,7.06,48.74,0 - 21.93
EXP-ZNO-00830,HEK293,166.8,72,65.46,64.95,52.84,8.88,64.87,40.85,0 - 18.38
EXP-ZNO-00831,Jurkat,199.78,72,96.51,84.84,75.11,9.99,114.79,20.42,0 - 9.19
EXP-ZNO-00832,Jurkat,73.97,24,87.91,84.51,80.42,14.94,110.31,30.0,0 - 13.5
EXP-ZNO-00833,HepG2,58.64,6,43.45,37.03,37.99,51.56,46.37,68.23,0 - 30.7
EXP-ZNO-00834,CHO,109.06,12,51.46,46.37,41.26,32.46,51.49,70.1,0 - 31.55
EXP-ZNO-00835,HeLa,84.47,12,53.5,47.95,39.49,36.5,55.57,57.36,0 - 25.81
EXP-ZNO-00836,MCF-7,14.98,72,39.39,34.81,36.81,64.76,45.3,23.83,0 - 10.72
EXP-ZNO-00837,MCF-7,25.46,72,59.47,55.01,52.35,43.59,70.25,23.83,0 - 10.72
EXP-ZNO-00838,HeLa,45.26,48,47.88,42.04,44.17,43.63,50.69,35.31,0 - 15.89
EXP-ZNO-00839,HEK293,48.22,12,35.8,27.23,27.65,59.71,30.21,76.47,0 - 34.41
EXP-ZNO-00840,HeLa,109.75,12,67.18,56.55,48.15,24.6,66.84,57.36,0 - 25.81
EXP-ZNO-00841,NIH-3T3,165.44,48,57.56,51.21,50.92,17.26,54.56,51.0,0 - 22.95
EXP-ZNO-00842,HepG2,156.02,6,65.23,60.32,55.81,24.55,71.6,68.23,0 - 30.7
EXP-ZNO-00843,PC12,171.19,48,89.94,84.55,73.73,9.93,99.78,31.38,0 - 14.12
EXP-ZNO-00844,CHO,126.35,24,57.75,48.67,47.41,19.49,59.6,55.0,0 - 24.75
EXP-ZNO-00845,CHO,164.22,6,51.74,50.25,47.32,26.28,55.66,89.35,0 - 40.21
EXP-ZNO-00846,HEK293,134.52,6,39.86,35.92,41.53,39.09,42.54,97.47,0 - 43.86
EXP-ZNO-00847,MCF-7,104.61,72,98.98,79.74,79.34,10.38,110.59,23.83,0 - 10.72
EXP-ZNO-00848,HeLa,168.21,12,70.71,61.09,57.11,19.44,72.15,57.36,0 - 25.81
EXP-ZNO-00849,NIH-3T3,168.2,6,43.71,40.75,39.27,32.94,43.42,105.59,0 - 47.52
EXP-ZNO-00850,Jurkat,138.28,24,91.96,79.94,77.98,17.48,108.34,30.0,0 - 13.5
EXP-ZNO-00851,MCF-7,150.26,72,99.67,89.47,86.34,5.0,117.26,23.83,0 - 10.72
EXP-ZNO-00852,Caco-2,5.26,24,6.7,2.27,6.18,88.79,7.8,50.0,0 - 22.5
EXP-ZNO-00853,HepG2,103.16,6,58.44,54.62,52.25,31.32,65.16,68.23,0 - 30.7
EXP-ZNO-00854,HeLa,143.41,48,86.95,68.23,65.17,7.37,83.71,35.31,0 - 15.89
EXP-ZNO-00855,CHO,60.15,72,55.48,54.11,44.72,25.93,56.66,37.44,0 - 16.85
EXP-ZNO-00856,CHO,197.27,24,66.57,52.17,55.35,13.1,65.6,55.0,0 - 24.75
EXP-ZNO-00857,HeLa,34.9,24,26.57,29.47,19.59,68.71,28.32,45.0,0 - 20.25
EXP-ZNO-00858,HepG2,114.12,6,64.97,56.54,54.99,29.13,68.42,68.23,0 - 30.7
EXP-ZNO-00859,HeLa,92.65,6,61.35,49.71,42.77,36.34,57.97,73.1,0 - 32.9
EXP-ZNO-00860,HepG2,96.16,48,72.17,72.42,60.74,10.72,83.0,32.95,0 - 14.83
EXP-ZNO-00861,NIH-3T3,139.2,24,54.76,46.65,47.75,18.73,52.6,65.0,0 - 29.25
EXP-ZNO-00862,HepG2,141.65,24,73.32,59.79,57.52,17.1,77.4,42.0,0 - 18.9
EXP-ZNO-00863,HepG2,182.97,72,85.51,72.25,71.35,5.0,90.45,28.59,0 - 12.87
EXP-ZNO-00864,CHO,92.95,24,57.06,46.05,49.01,27.27,55.83,55.0,0 - 24.75
EXP-ZNO-00865,HeLa,32.08,48,32.2,32.24,29.03,54.9,38.18,35.31,0 - 15.89
EXP-ZNO-00866,MCF-7,39.69,12,51.44,50.0,39.33,52.38,59.37,44.61,0 - 20.07
EXP-ZNO-00867,Jurkat,105.8,6,79.8,79.44,73.56,22.94,100.67,48.74,0 - 21.93
EXP-ZNO-00868,NIH-3T3,46.35,12,23.06,14.22,19.31,73.98,18.12,82.85,0 - 37.28
EXP-ZNO-00869,PC12,126.68,12,81.76,72.05,73.86,12.25,94.43,50.98,0 - 22.94
EXP-ZNO-00870,NIH-3T3,78.7,6,25.43,20.36,19.33,63.53,23.42,105.59,0 - 47.52
EXP-ZNO-00871,HepG2,47.1,6,34.93,27.72,26.41,62.28,35.66,68.23,0 - 30.7
EXP-ZNO-00872,A549,45.01,12,51.62,41.01,44.07,47.92,58.95,48.43,0 - 21.79
EXP-ZNO-00873,HeLa,14.54,72,25.75,17.61,18.74,78.1,21.55,30.64,0 - 13.79
EXP-ZNO-00874,A549,67.52,24,76.94,66.08,58.96,25.09,85.92,38.0,0 - 17.1
EXP-ZNO-00875,HEK293,32.08,72,26.48,31.99,25.46,58.2,29.59,40.85,0 - 18.38
EXP-ZNO-00876,PC12,13.91,72,17.88,20.21,16.36,81.12,21.28,27.23,0 - 12.25
EXP-ZNO-00877,MCF-7,3.22,72,4.34,9.56,0.0,93.38,7.02,23.83,0 - 10.72
EXP-ZNO-00878,Caco-2,132.46,72,76.75,57.76,64.37,9.7,74.88,34.04,0 - 15.32
EXP-ZNO-00879,PC12,69.49,12,52.12,55.63,45.56,41.92,62.84,50.98,0 - 22.94
EXP-ZNO-00880,HepG2,91.72,12,60.36,51.15,45.38,32.93,63.09,53.53,0 - 24.09
EXP-ZNO-00881,NIH-3T3,100.96,6,34.35,25.96,24.08,56.54,28.88,105.59,0 - 47.52
EXP-ZNO-00882,NIH-3T3,81.89,48,42.93,39.8,42.42,32.89,43.58,51.0,0 - 22.95
EXP-ZNO-00883,HeLa,62.26,24,60.75,52.42,51.56,34.19,60.65,45.0,0 - 20.25
EXP-ZNO-00884,HeLa,136.28,6,51.47,46.19,47.58,34.44,57.14,73.1,0 - 32.9
EXP-ZNO-00885,HEK293,63.16,24,33.72,33.32,31.1,49.07,35.59,60.0,0 - 27.0
EXP-ZNO-00886,Caco-2,195.5,72,73.6,65.72,59.92,6.24,76.42,34.04,0 - 15.32
EXP-ZNO-00887,HepG2,129.74,12,67.21,68.19,62.43,19.19,77.11,53.53,0 - 24.09
EXP-ZNO-00888,HepG2,176.05,12,83.21,70.52,64.18,13.31,84.2,53.53,0 - 24.09
EXP-ZNO-00889,NIH-3T3,17.34,24,14.88,15.77,9.73,80.85,13.1,65.0,0 - 29.25
EXP-ZNO-00890,HEK293,64.95,12,35.34,25.15,27.52,55.71,31.55,76.47,0 - 34.41
EXP-ZNO-00891,HepG2,55.17,72,62.51,55.85,56.99,26.06,69.72,28.59,0 - 12.87
EXP-ZNO-00892,HEK293,144.19,6,49.69,43.28,42.32,32.8,47.92,97.47,0 - 43.86
EXP-ZNO-00893,CHO,151.43,48,79.85,60.39,61.0,6.46,72.85,43.15,0 - 19.42
EXP-ZNO-00894,Caco-2,160.75,12,57.36,51.69,48.07,24.21,61.11,63.73,0 - 28.68
EXP-ZNO-00895,HEK293,82.4,12,39.69,39.01,38.56,42.21,41.2,76.47,0 - 34.41
EXP-ZNO-00896,MCF-7,49.5,24,66.03,58.11,53.68,36.97,76.86,35.0,0 - 15.75
EXP-ZNO-00897,HepG2,106.93,12,70.1,59.31,54.96,22.69,73.31,53.53,0 - 24.09
EXP-ZNO-00898,HeLa,28.16,48,34.08,30.76,28.84,59.13,36.19,35.31,0 - 15.89
EXP-ZNO-00899,HeLa,67.59,24,68.8,56.2,49.73,28.9,65.2,45.0,0 - 20.25
EXP-ZNO-00900,HeLa,42.26,6,25.57,22.64,22.78,68.2,27.83,73.1,0 - 32.9
EXP-ZNO-00901,Caco-2,50.37,6,17.9,8.61,13.09,76.61,17.6,81.23,0 - 36.55
EXP-ZNO-00902,Jurkat,21.55,12,33.15,24.15,26.4,74.61,34.98,38.24,0 - 17.21
EXP-ZNO-00903,HepG2,106.69,12,75.78,63.6,54.46,20.73,76.12,53.53,0 - 24.09
EXP-ZNO-00904,PC12,148.59,48,97.21,76.84,80.07,6.97,102.92,31.38,0 - 14.12
EXP-ZNO-00905,A549,146.36,12,80.22,78.17,69.47,14.16,97.33,48.43,0 - 21.79
EXP-ZNO-00906,Jurkat,57.02,48,83.92,77.8,71.68,21.5,101.99,23.54,0 - 10.59
EXP-ZNO-00907,NIH-3T3,136.45,48,57.82,52.73,45.52,15.23,54.95,51.0,0 - 22.95
EXP-ZNO-00908,PC12,129.15,72,87.42,76.81,74.09,10.0,97.89,27.23,0 - 12.25
EXP-ZNO-00909,Jurkat,107.08,24,96.58,84.38,83.55,7.47,118.0,30.0,0 - 13.5
EXP-ZNO-00910,Jurkat,75.57,6,73.52,63.2,66.53,32.92,88.01,48.74,0 - 21.93
EXP-ZNO-00911,HeLa,130.35,48,79.4,68.61,61.98,9.73,80.6,35.31,0 - 15.89
EXP-ZNO-00912,A549,199.16,72,95.05,77.62,80.81,5.0,108.33,25.87,0 - 11.64
EXP-ZNO-00913,HepG2,139.19,6,73.44,57.88,61.55,23.3,74.5,68.23,0 - 30.7
EXP-ZNO-00914,HepG2,81.78,24,70.57,55.92,58.57,23.62,72.95,42.0,0 - 18.9
EXP-ZNO-00915,HeLa,61.43,6,29.54,36.85,39.73,55.5,39.65,73.1,0 - 32.9
EXP-ZNO-00916,PC12,145.46,48,89.52,77.84,74.5,5.68,101.1,31.38,0 - 14.12
EXP-ZNO-00917,Jurkat,195.1,12,88.29,86.07,78.91,12.82,111.79,38.24,0 - 17.21
EXP-ZNO-00918,NIH-3T3,181.89,24,56.06,53.08,41.86,22.66,51.3,65.0,0 - 29.25
EXP-ZNO-00919,A549,133.73,72,99.02,87.27,76.86,5.28,110.14,25.87,0 - 11.64
EXP-ZNO-00920,HEK293,199.22,6,53.41,49.96,42.24,21.56,54.17,97.47,0 - 43.86
EXP-ZNO-00921,PC12,4.89,48,7.89,4.57,0.0,98.28,3.59,31.38,0 - 14.12
EXP-ZNO-00922,Caco-2,117.99,72,66.32,48.55,55.16,18.58,66.05,34.04,0 - 15.32
EXP-ZNO-00923,Jurkat,5.78,72,15.12,10.38,7.75,90.37,13.73,20.42,0 - 9.19
EXP-ZNO-00924,NIH-3T3,87.67,12,36.26,36.03,29.77,47.26,34.79,82.85,0 - 37.28
EXP-ZNO-00925,PC12,191.25,24,86.3,74.8,66.29,11.64,94.99,40.0,0 - 18.0
EXP-ZNO-00926,NIH-3T3,117.45,48,54.8,46.21,43.0,23.27,50.17,51.0,0 - 22.95
EXP-ZNO-00927,PC12,172.12,72,94.82,74.58,73.46,5.28,101.81,27.23,0 - 12.25
EXP-ZNO-00928,NIH-3T3,111.95,48,49.51,48.76,41.8,19.8,50.87,51.0,0 - 22.95
EXP-ZNO-00929,HEK293,67.4,24,37.59,32.33,28.49,51.4,34.8,60.0,0 - 27.0
EXP-ZNO-00930,HEK293,98.2,6,36.72,33.35,27.69,51.95,34.45,97.47,0 - 43.86
EXP-ZNO-00931,HepG2,32.13,24,33.6,25.2,33.34,61.14,36.68,42.0,0 - 18.9
EXP-ZNO-00932,HepG2,158.08,6,74.81,64.3,57.19,17.39,78.22,68.23,0 - 30.7
EXP-ZNO-00933,Jurkat,116.36,12,94.89,77.23,78.39,15.58,109.89,38.24,0 - 17.21
EXP-ZNO-00934,CHO,13.8,24,16.59,14.52,12.64,84.81,13.49,55.0,0 - 24.75
EXP-ZNO-00935,Jurkat,18.49,48,47.41,42.8,33.12,59.56,53.42,23.54,0 - 10.59
EXP-ZNO-00936,CHO,100.06,72,68.97,50.56,60.12,13.53,66.27,37.44,0 - 16.85
EXP-ZNO-00937,HEK293,48.68,72,41.03,34.77,30.62,45.24,38.59,40.85,0 - 18.38
EXP-ZNO-00938,PC12,177.6,48,89.49,78.32,79.51,6.4,101.63,31.38,0 - 14.12
EXP-ZNO-00939,HEK293,46.0,48,35.29,30.92,27.96,49.63,34.91,47.08,0 - 21.18
EXP-ZNO-00940,CHO,49.73,48,43.52,34.7,41.37,42.89,43.8,43.15,0 - 19.42
EXP-ZNO-00941,NIH-3T3,130.98,72,59.2,56.38,48.68,16.6,55.44,44.25,0 - 19.91
EXP-ZNO-00942,CHO,139.12,6,50.38,46.07,38.93,33.7,50.38,89.35,0 - 40.21
EXP-ZNO-00943,A549,41.15,6,30.65,31.93,25.9,70.74,35.32,61.73,0 - 27.78
EXP-ZNO-00944,NIH-3T3,122.47,24,52.53,47.46,39.75,29.67,47.0,65.0,0 - 29.25
EXP-ZNO-00945,Caco-2,1.1,72,1.18,1.57,0.0,99.32,0.77,34.04,0 - 15.32
EXP-ZNO-00946,NIH-3T3,46.7,6,11.16,11.25,7.47,80.7,11.75,105.59,0 - 47.52
EXP-ZNO-00947,HeLa,66.95,48,69.95,57.91,51.23,27.73,66.5,35.31,0 - 15.89
EXP-ZNO-00948,HepG2,23.71,72,36.4,36.39,29.8,58.83,39.68,28.59,0 - 12.87
EXP-ZNO-00949,Caco-2,30.13,72,40.76,34.18,36.07,45.57,43.61,34.04,0 - 15.32
EXP-ZNO-00950,Caco-2,132.44,72,66.56,63.2,63.73,12.7,72.2,34.04,0 - 15.32
EXP-ZNO-00951,NIH-3T3,127.21,72,50.75,53.32,51.41,13.82,55.16,44.25,0 - 19.91
EXP-ZNO-00952,CHO,135.0,48,68.57,57.84,45.42,16.04,64.06,43.15,0 - 19.42
EXP-ZNO-00953,HEK293,23.55,48,11.33,19.99,12.83,73.4,17.42,47.08,0 - 21.18
EXP-ZNO-00954,Jurkat,84.17,72,100.0,88.88,80.54,8.76,118.34,20.42,0 - 9.19
EXP-ZNO-00955,NIH-3T3,40.82,24,18.66,16.35,14.27,69.79,18.74,65.0,0 - 29.25
EXP-ZNO-00956,NIH-3T3,12.78,6,0.0,0.04,2.0,98.39,0.89,105.59,0 - 47.52
EXP-ZNO-00957,HeLa,94.33,6,58.11,44.54,43.51,41.35,54.15,73.1,0 - 32.9
EXP-ZNO-00958,NIH-3T3,69.88,6,19.39,21.89,13.15,73.14,18.05,105.59,0 - 47.52
EXP-ZNO-00959,Caco-2,175.94,12,71.43,60.2,57.74,11.42,72.45,63.73,0 - 28.68
EXP-ZNO-00960,Caco-2,85.0,72,61.9,54.9,50.3,24.12,62.79,34.04,0 - 15.32
EXP-ZNO-00961,PC12,102.54,24,78.52,72.32,65.08,20.79,87.31,40.0,0 - 18.0
EXP-ZNO-00962,Jurkat,52.29,48,82.1,82.57,74.98,16.74,106.19,23.54,0 - 10.59
EXP-ZNO-00963,HepG2,58.19,72,75.77,55.74,58.49,25.19,73.18,28.59,0 - 12.87
EXP-ZNO-00964,NIH-3T3,53.37,48,47.57,33.04,33.28,39.89,39.61,51.0,0 - 22.95
EXP-ZNO-00965,PC12,130.41,48,82.89,67.04,70.75,11.26,93.86,31.38,0 - 14.12
EXP-ZNO-00966,PC12,97.28,72,82.25,76.44,66.55,11.65,94.38,27.23,0 - 12.25
EXP-ZNO-00967,Caco-2,7.34,12,1.76,6.41,7.52,92.43,5.92,63.73,0 - 28.68
EXP-ZNO-00968,HeLa,117.3,12,64.82,55.88,52.53,22.53,67.96,57.36,0 - 25.81
EXP-ZNO-00969,PC12,53.13,6,43.88,37.51,32.3,56.92,46.91,64.98,0 - 29.24
EXP-ZNO-00970,A549,185.62,6,97.17,79.62,74.27,8.47,105.94,61.73,0 - 27.78
EXP-ZNO-00971,NIH-3T3,148.94,72,61.77,53.67,50.99,14.17,56.77,44.25,0 - 19.91
EXP-ZNO-00972,NIH-3T3,177.88,24,59.41,50.61,45.99,19.75,53.2,65.0,0 - 29.25
EXP-ZNO-00973,Jurkat,62.99,48,90.87,75.63,69.57,21.35,103.06,23.54,0 - 10.59
EXP-ZNO-00974,HEK293,57.18,12,22.39,21.29,15.97,64.95,23.45,76.47,0 - 34.41
EXP-ZNO-00975,CHO,196.42,6,59.66,49.16,44.11,22.95,58.0,89.35,0 - 40.21
EXP-ZNO-00976,MCF-7,103.55,72,100.0,89.87,80.61,5.0,116.34,23.83,0 - 10.72
EXP-ZNO-00977,NIH-3T3,35.13,6,13.54,6.94,14.13,79.84,12.76,105.59,0 - 47.52
EXP-ZNO-00978,PC12,160.92,24,90.74,74.97,72.7,8.35,99.04,40.0,0 - 18.0
EXP-ZNO-00979,NIH-3T3,111.47,24,51.71,40.5,37.46,28.27,46.32,65.0,0 - 29.25
EXP-ZNO-00980,HEK293,62.12,48,49.32,35.06,24.3,42.28,40.48,47.08,0 - 21.18
EXP-ZNO-00981,A549,23.16,72,56.02,41.8,34.33,54.21,54.62,25.87,0 - 11.64
EXP-ZNO-00982,CHO,100.32,12,50.91,44.98,46.91,33.14,51.66,70.1,0 - 31.55
EXP-ZNO-00983,HepG2,29.81,48,35.81,32.35,28.89,55.74,40.4,32.95,0 - 14.83
EXP-ZNO-00984,Caco-2,7.79,24,11.52,7.67,5.84,90.04,8.84,50.0,0 - 22.5
EXP-ZNO-00985,Caco-2,47.74,24,35.47,28.46,32.07,54.87,36.8,50.0,0 - 22.5
EXP-ZNO-00986,CHO,116.89,6,42.14,34.62,39.62,42.27,43.59,89.35,0 - 40.21
EXP-ZNO-00987,NIH-3T3,10.31,72,6.26,2.56,4.1,93.73,4.31,44.25,0 - 19.91
EXP-ZNO-00988,Jurkat,12.73,72,49.78,32.3,29.7,67.31,46.28,20.42,0 - 9.19
EXP-ZNO-00989,NIH-3T3,121.79,24,54.44,44.06,44.48,23.68,49.86,65.0,0 - 29.25
EXP-ZNO-00990,NIH-3T3,90.68,24,46.48,32.76,35.85,39.93,39.7,65.0,0 - 29.25
EXP-ZNO-00991,MCF-7,183.4,72,100.0,86.74,82.63,5.89,115.58,23.83,0 - 10.72
EXP-ZNO-00992,PC12,86.05,48,85.81,72.98,70.82,10.62,95.94,31.38,0 - 14.12
EXP-ZNO-00993,CHO,2.44,48,0.15,3.27,2.12,95.87,2.61,43.15,0 - 19.42
EXP-ZNO-00994,HEK293,73.03,48,46.51,38.29,39.01,36.13,44.91,47.08,0 - 21.18
EXP-ZNO-00995,HepG2,85.91,12,59.97,53.82,47.57,33.13,63.67,53.53,0 - 24.09
EXP-ZNO-00996,Jurkat,123.24,24,100.0,95.65,88.88,7.72,121.97,30.0,0 - 13.5
EXP-ZNO-00997,HepG2,25.13,6,11.89,10.87,14.94,83.94,14.99,68.23,0 - 30.7
EXP-ZNO-00998,HEK293,137.47,72,59.19,58.07,49.25,14.28,60.18,40.85,0 - 18.38
EXP-ZNO-00999,Caco-2,156.41,24,57.36,60.04,56.88,19.51,65.79,50.0,0 - 22.5
EXP-ZNO-01000,NIH-3T3,68.51,12,33.26,32.23,29.27,54.44,30.93,82.85,0 - 37.28
EXP-ZNO-01001,NIH-3T3,155.14,6,39.72,31.61,39.49,39.78,38.98,105.59,0 - 47.52
EXP-ZNO-01002,HeLa,86.21,72,80.48,71.91,68.29,8.2,83.03,30.64,0 - 13.79
EXP-ZNO-01003,Jurkat,154.84,6,100.0,87.88,86.5,6.59,120.72,48.74,0 - 21.93
EXP-ZNO-01004,NIH-3T3,92.0,6,31.05,30.71,24.85,60.79,27.32,105.59,0 - 47.52
EXP-ZNO-01005,NIH-3T3,158.26,72,67.91,53.19,53.78,5.0,61.7,44.25,0 - 19.91
EXP-ZNO-01006,HeLa,115.86,6,50.62,41.82,37.67,40.15,51.97,73.1,0 - 32.9
EXP-ZNO-01007,Jurkat,10.93,24,19.74,16.01,17.82,82.51,23.1,30.0,0 - 13.5
EXP-ZNO-01008,Caco-2,61.46,48,61.92,49.96,50.32,25.07,61.65,39.23,0 - 17.65
EXP-ZNO-01009,Caco-2,8.78,72,10.64,10.9,2.77,84.94,11.12,34.04,0 - 15.32
EXP-ZNO-01010,HepG2,140.63,6,65.02,54.85,52.19,22.29,71.31,68.23,0 - 30.7
EXP-ZNO-01011,Jurkat,98.22,24,83.47,74.87,68.16,22.01,100.29,30.0,0 - 13.5
EXP-ZNO-01012,HepG2,184.54,24,80.02,69.1,56.73,12.7,82.45,42.0,0 - 18.9
EXP-ZNO-01013,Caco-2,55.59,12,32.59,32.61,25.33,57.49,34.64,63.73,0 - 28.68
EXP-ZNO-01014,A549,156.95,12,89.5,73.57,67.33,15.91,97.3,48.43,0 - 21.79
EXP-ZNO-01015,MCF-7,151.11,24,97.78,85.11,81.27,9.0,112.52,35.0,0 - 15.75
EXP-ZNO-01016,MCF-7,97.83,72,100.0,80.56,78.53,12.61,109.45,23.83,0 - 10.72
EXP-ZNO-01017,Caco-2,154.43,48,69.57,61.25,59.68,12.85,71.85,39.23,0 - 17.65
EXP-ZNO-01018,HeLa,98.87,72,66.5,60.18,60.33,16.88,72.94,30.64,0 - 13.79
EXP-ZNO-01019,HeLa,95.39,24,65.2,61.29,56.21,22.91,69.21,45.0,0 - 20.25
EXP-ZNO-01020,HeLa,143.98,72,76.8,71.77,61.78,13.26,78.76,30.64,0 - 13.79
EXP-ZNO-01021,HEK293,155.43,12,54.84,42.07,41.74,22.91,52.77,76.47,0 - 34.41
EXP-ZNO-01022,PC12,192.35,12,84.46,68.03,66.02,13.94,92.03,50.98,0 - 22.94
EXP-ZNO-01023,Jurkat,82.13,72,90.76,84.0,74.58,13.81,110.54,20.42,0 - 9.19
EXP-ZNO-01024,PC12,63.99,72,70.5,63.75,61.17,21.53,82.88,27.23,0 - 12.25
EXP-ZNO-01025,A549,55.76,72,70.96,61.83,58.37,28.87,81.34,25.87,0 - 11.64
EXP-ZNO-01026,HeLa,120.47,72,74.25,60.08,56.13,18.05,73.26,30.64,0 - 13.79
EXP-ZNO-01027,CHO,92.17,12,47.77,38.61,31.06,43.78,43.3,70.1,0 - 31.55
EXP-ZNO-01028,CHO,107.79,48,57.1,58.11,50.32,19.04,61.35,43.15,0 - 19.42
EXP-ZNO-01029,HEK293,81.17,24,46.44,43.96,39.87,34.66,46.35,60.0,0 - 27.0
EXP-ZNO-01030,HeLa,1.25,72,6.83,0.0,0.0,100.0,1.37,30.64,0 - 13.79
EXP-ZNO-01031,HepG2,127.09,72,78.49,64.26,62.07,15.92,80.52,28.59,0 - 12.87
EXP-ZNO-01032,HepG2,51.59,48,61.11,52.7,44.83,34.76,62.45,32.95,0 - 14.83
EXP-ZNO-01033,NIH-3T3,67.28,48,39.31,41.55,32.54,41.78,38.47,51.0,0 - 22.95
EXP-ZNO-01034,NIH-3T3,107.11,72,61.34,52.3,47.81,16.62,55.18,44.25,0 - 19.91
EXP-ZNO-01035,A549,48.82,12,52.93,43.42,49.97,47.58,60.97,48.43,0 - 21.79
EXP-ZNO-01036,CHO,9.43,6,0.92,2.66,1.69,93.72,3.58,89.35,0 - 40.21
EXP-ZNO-01037,PC12,151.8,72,91.92,76.67,72.67,11.32,97.89,27.23,0 - 12.25
EXP-ZNO-01038,HEK293,93.74,48,54.61,46.22,44.73,27.31,51.77,47.08,0 - 21.18
EXP-ZNO-01039,HeLa,89.24,72,69.63,60.07,55.22,18.23,72.1,30.64,0 - 13.79
EXP-ZNO-01040,CHO,36.31,72,43.7,32.06,33.57,51.19,38.69,37.44,0 - 16.85
EXP-ZNO-01041,HEK293,70.3,72,42.53,41.2,36.53,36.07,44.31,40.85,0 - 18.38
EXP-ZNO-01042,HEK293,123.44,12,49.88,41.25,40.87,30.96,48.29,76.47,0 - 34.41
EXP-ZNO-01043,HepG2,42.0,24,50.51,43.58,43.36,48.06,51.57,42.0,0 - 18.9
EXP-ZNO-01044,Jurkat,42.65,72,82.86,71.53,62.32,25.22,96.25,20.42,0 - 9.19
EXP-ZNO-01045,HEK293,176.9,72,66.13,51.14,51.4,11.83,61.79,40.85,0 - 18.38
EXP-ZNO-01046,HepG2,22.92,24,19.32,20.12,18.41,76.82,22.3,42.0,0 - 18.9
EXP-ZNO-01047,HepG2,137.51,12,69.88,65.07,61.99,15.84,78.87,53.53,0 - 24.09
EXP-ZNO-01048,MCF-7,158.37,72,94.65,84.93,73.43,12.45,108.07,23.83,0 - 10.72
EXP-ZNO-01049,MCF-7,59.95,72,81.79,68.8,63.21,26.98,90.84,23.83,0 - 10.72
EXP-ZNO-01050,PC12,110.05,12,70.12,65.01,60.0,24.54,81.08,50.98,0 - 22.94
EXP-ZNO-01051,CHO,137.54,24,64.23,57.92,51.48,11.51,66.15,55.0,0 - 24.75
EXP-ZNO-01052,NIH-3T3,40.17,48,30.92,31.25,27.72,54.7,30.14,51.0,0 - 22.95
EXP-ZNO-01053,PC12,179.37,72,93.04,80.68,71.43,5.61,101.91,27.23,0 - 12.25
EXP-ZNO-01054,Jurkat,199.72,72,100.0,92.32,85.94,5.0,122.51,20.42,0 - 9.19
EXP-ZNO-01055,Caco-2,140.38,24,73.12,57.51,54.3,14.64,70.37,50.0,0 - 22.5
EXP-ZNO-01056,MCF-7,3.35,48,8.15,0.95,0.62,100.0,2.33,27.46,0 - 12.36
EXP-ZNO-01057,HepG2,71.32,24,62.27,60.01,51.17,27.8,68.49,42.0,0 - 18.9
EXP-ZNO-01058,HEK293,91.8,48,50.21,44.39,47.54,25.06,52.11,47.08,0 - 21.18
EXP-ZNO-01059,Caco-2,138.13,72,69.58,62.27,58.13,11.07,72.62,34.04,0 - 15.32
EXP-ZNO-01060,PC12,160.96,6,80.26,67.04,61.11,21.2,85.88,64.98,0 - 29.24
EXP-ZNO-01061,HEK293,34.28,72,22.44,25.99,22.78,61.39,26.44,40.85,0 - 18.38
EXP-ZNO-01062,CHO,19.46,72,19.6,17.4,14.44,74.71,19.21,37.44,0 - 16.85
EXP-ZNO-01063,MCF-7,124.94,6,88.5,83.5,67.23,17.6,101.89,56.86,0 - 25.59
EXP-ZNO-01064,Caco-2,57.28,24,37.25,45.21,35.36,43.09,45.59,50.0,0 - 22.5
EXP-ZNO-01065,PC12,72.94,48,81.26,61.42,56.5,25.16,82.06,31.38,0 - 14.12
EXP-ZNO-01066,Caco-2,94.08,48,66.22,61.66,55.44,16.45,68.95,39.23,0 - 17.65
EXP-ZNO-01067,HeLa,67.92,24,60.01,45.87,47.19,32.83,59.55,45.0,0 - 20.25
EXP-ZNO-01068,MCF-7,176.4,72,100.0,89.44,77.32,7.49,114.09,23.83,0 - 10.72
EXP-ZNO-01069,PC12,88.12,6,59.37,48.35,45.15,42.38,62.92,64.98,0 - 29.24
EXP-ZNO-01070,HepG2,143.73,12,71.77,62.49,62.52,15.57,79.09,53.53,0 - 24.09
EXP-ZNO-01071,NIH-3T3,188.79,72,53.17,49.11,49.66,11.6,55.72,44.25,0 - 19.91
EXP-ZNO-01072,CHO,79.68,12,39.06,31.86,36.68,41.63,42.55,70.1,0 - 31.55
EXP-ZNO-01073,CHO,80.0,24,48.64,47.79,42.14,36.27,49.57,55.0,0 - 24.75
EXP-ZNO-01074,HeLa,49.63,72,56.53,46.32,47.82,34.29,58.28,30.64,0 - 13.79
EXP-ZNO-01075,NIH-3T3,78.24,24,39.08,25.2,25.8,48.12,33.12,65.0,0 - 29.25
EXP-ZNO-01076,NIH-3T3,21.59,12,14.36,9.13,7.65,84.52,10.5,82.85,0 - 37.28
EXP-ZNO-01077,MCF-7,96.98,24,82.53,70.61,72.31,21.12,96.73,35.0,0 - 15.75
EXP-ZNO-01078,HeLa,118.17,72,75.51,68.09,63.17,6.9,81.34,30.64,0 - 13.79
EXP-ZNO-01079,PC12,184.4,72,90.21,76.6,75.45,5.0,101.6,27.23,0 - 12.25
EXP-ZNO-01080,CHO,149.05,6,54.43,52.02,41.25,32.53,52.75,89.35,0 - 40.21
EXP-ZNO-01081,PC12,85.29,72,85.48,86.67,76.21,9.76,99.65,27.23,0 - 12.25
EXP-ZNO-01082,HEK293,182.93,6,53.55,48.9,46.49,20.24,55.16,97.47,0 - 43.86
EXP-ZNO-01083,A549,64.16,72,79.01,72.81,64.18,22.75,89.97,25.87,0 - 11.64
EXP-ZNO-01084,HeLa,101.52,72,71.61,64.13,58.12,16.98,74.17,30.64,0 - 13.79
EXP-ZNO-01085,HeLa,100.25,12,57.25,60.45,50.17,28.03,64.03,57.36,0 - 25.81
EXP-ZNO-01086,HepG2,146.91,72,78.13,69.87,67.41,9.55,85.52,28.59,0 - 12.87
EXP-ZNO-01087,PC12,155.92,12,86.61,67.25,66.04,14.08,92.32,50.98,0 - 22.94
EXP-ZNO-01088,HEK293,54.02,48,44.88,35.63,37.63,42.74,41.31,47.08,0 - 21.18
EXP-ZNO-01089,Caco-2,4.16,24,6.78,7.39,6.79,93.81,6.25,50.0,0 - 22.5
EXP-ZNO-01090,HepG2,186.24,72,86.2,76.59,65.73,7.89,88.88,28.59,0 - 12.87
EXP-ZNO-01091,A549,197.06,48,97.68,83.39,82.45,5.0,110.29,29.81,0 - 13.42
EXP-ZNO-01092,MCF-7,43.3,24,60.96,48.93,51.54,45.14,68.37,35.0,0 - 15.75
EXP-ZNO-01093,Jurkat,84.56,72,94.94,83.23,82.55,14.68,112.47,20.42,0 - 9.19
EXP-ZNO-01094,HeLa,78.86,72,66.49,63.48,54.94,22.56,69.78,30.64,0 - 13.79
EXP-ZNO-01095,HEK293,42.63,72,37.78,27.07,38.86,48.36,36.78,40.85,0 - 18.38
EXP-ZNO-01096,HeLa,129.25,48,73.68,63.3,62.94,12.66,77.34,35.31,0 - 15.89
EXP-ZNO-01097,HEK293,135.32,12,55.48,51.25,43.35,27.25,52.41,76.47,0 - 34.41
EXP-ZNO-01098,HEK293,50.74,12,28.88,12.16,16.51,69.07,21.71,76.47,0 - 34.41
EXP-ZNO-01099,HEK293,150.38,72,67.06,53.88,58.19,15.31,61.68,40.85,0 - 18.38
EXP-ZNO-01100,HeLa,82.16,12,46.46,45.41,42.16,41.05,51.9,57.36,0 - 25.81
EXP-ZNO-01101,PC12,164.76,48,97.34,80.54,74.37,7.43,102.34,31.38,0 - 14.12
EXP-ZNO-01102,Caco-2,169.88,72,74.3,67.55,63.95,8.17,76.47,34.04,0 - 15.32
EXP-ZNO-01103,Jurkat,85.85,72,95.61,90.87,85.77,7.24,119.6,20.42,0 - 9.19
EXP-ZNO-01104,Caco-2,83.97,6,42.72,39.03,33.21,51.37,41.51,81.23,0 - 36.55
EXP-ZNO-01105,HepG2,43.84,72,50.46,45.44,39.91,39.76,55.67,28.59,0 - 12.87
EXP-ZNO-01106,CHO,160.45,12,61.4,52.09,49.74,23.19,59.36,70.1,0 - 31.55
EXP-ZNO-01107,PC12,172.51,48,75.7,72.99,69.93,12.37,92.45,31.38,0 - 14.12
EXP-ZNO-01108,A549,182.1,12,95.47,77.37,72.43,13.68,101.67,48.43,0 - 21.79
EXP-ZNO-01109,HepG2,94.57,24,70.8,64.74,57.97,20.01,76.19,42.0,0 - 18.9
EXP-ZNO-01110,NIH-3T3,121.19,6,45.64,31.7,27.35,46.48,35.8,105.59,0 - 47.52
EXP-ZNO-01111,HeLa,155.39,6,71.35,65.19,60.77,15.46,75.43,73.1,0 - 32.9
EXP-ZNO-01112,Caco-2,135.58,72,71.5,74.94,58.43,7.24,76.65,34.04,0 - 15.32
EXP-ZNO-01113,PC12,77.73,24,78.2,61.73,62.5,25.21,82.42,40.0,0 - 18.0
EXP-ZNO-01114,HEK293,117.82,24,67.89,48.61,55.93,21.06,58.42,60.0,0 - 27.0
EXP-ZNO-01115,NIH-3T3,120.14,72,61.04,44.5,49.65,14.84,55.13,44.25,0 - 19.91
EXP-ZNO-01116,MCF-7,78.26,24,72.61,69.95,61.58,26.18,88.95,35.0,0 - 15.75
EXP-ZNO-01117,Caco-2,88.06,48,61.66,49.5,47.6,23.08,62.09,39.23,0 - 17.65
EXP-ZNO-01118,Caco-2,116.9,6,55.71,48.41,41.39,34.29,54.59,81.23,0 - 36.55
EXP-ZNO-01119,Jurkat,50.42,72,90.22,77.56,71.4,19.84,104.61,20.42,0 - 9.19
EXP-ZNO-01120,Jurkat,140.85,24,100.0,90.89,83.49,7.11,120.38,30.0,0 - 13.5
EXP-ZNO-01121,CHO,20.61,72,24.99,23.67,20.48,68.91,24.45,37.44,0 - 16.85
EXP-ZNO-01122,A549,62.58,24,71.23,62.36,57.49,31.59,79.71,38.0,0 - 17.1
EXP-ZNO-01123,HeLa,60.27,24,43.81,36.68,37.22,47.06,46.32,45.0,0 - 20.25
EXP-ZNO-01124,Jurkat,92.31,72,100.0,82.07,91.1,7.86,119.66,20.42,0 - 9.19
EXP-ZNO-01125,HepG2,182.99,12,81.22,67.42,64.72,10.21,85.01,53.53,0 - 24.09
EXP-ZNO-01126,HepG2,150.55,48,81.34,66.79,69.89,8.9,86.44,32.95,0 - 14.83
EXP-ZNO-01127,HepG2,55.19,24,63.73,58.81,47.91,34.65,64.5,42.0,0 - 18.9
EXP-ZNO-01128,HepG2,83.64,6,58.63,47.18,44.48,37.6,59.51,68.23,0 - 30.7
EXP-ZNO-01129,Jurkat,165.67,24,100.0,95.44,87.0,5.0,123.33,30.0,0 - 13.5
EXP-ZNO-01130,Jurkat,44.91,48,74.41,68.46,65.42,26.45,93.26,23.54,0 - 10.59
EXP-ZNO-01131,HeLa,7.63,72,3.74,0.0,2.96,96.72,2.83,30.64,0 - 13.79
EXP-ZNO-01132,MCF-7,136.76,6,95.55,76.79,71.85,17.41,103.38,56.86,0 - 25.59
EXP-ZNO-01133,Caco-2,25.1,48,26.61,24.98,19.67,69.61,25.85,39.23,0 - 17.65
EXP-ZNO-01134,HepG2,79.82,72,72.29,62.13,62.15,21.56,75.94,28.59,0 - 12.87
EXP-ZNO-01135,Jurkat,78.58,48,93.71,82.89,76.42,14.78,110.82,23.54,0 - 10.59
EXP-ZNO-01136,HepG2,180.33,24,87.54,71.07,75.05,7.45,89.99,42.0,0 - 18.9
EXP-ZNO-01137,HepG2,7.21,24,5.24,0.39,0.0,98.83,1.78,42.0,0 - 18.9
EXP-ZNO-01138,Jurkat,95.39,6,77.21,75.58,65.6,29.3,93.56,48.74,0 - 21.93
EXP-ZNO-01139,CHO,136.02,12,60.83,43.83,48.8,28.25,55.74,70.1,0 - 31.55
EXP-ZNO-01140,HEK293,27.68,6,15.96,14.08,12.39,83.15,13.25,97.47,0 - 43.86
EXP-ZNO-01141,A549,143.45,24,85.7,80.4,75.33,15.06,99.56,38.0,0 - 17.1
EXP-ZNO-01142,NIH-3T3,195.21,48,62.37,59.28,52.95,6.25,60.95,51.0,0 - 22.95
EXP-ZNO-01143,Caco-2,124.69,72,77.79,65.52,68.61,5.0,79.02,34.04,0 - 15.32
EXP-ZNO-01144,MCF-7,83.44,72,93.89,94.31,85.45,6.0,115.93,23.83,0 - 10.72
EXP-ZNO-01145,A549,116.33,48,84.04,78.74,66.58,15.53,97.01,29.81,0 - 13.42
EXP-ZNO-01146,HEK293,53.71,24,30.6,27.63,25.16,56.83,30.28,60.0,0 - 27.0
EXP-ZNO-01147,HepG2,43.01,24,56.14,43.48,39.71,45.34,53.59,42.0,0 - 18.9
EXP-ZNO-01148,PC12,195.86,24,80.36,70.65,70.59,16.27,90.99,40.0,0 - 18.0
EXP-ZNO-01149,PC12,75.26,12,58.95,56.78,51.19,35.54,69.25,50.98,0 - 22.94
EXP-ZNO-01150,HepG2,164.27,12,81.73,65.26,60.49,15.05,81.57,53.53,0 - 24.09
EXP-ZNO-01151,CHO,73.91,24,41.68,40.32,41.68,36.71,47.05,55.0,0 - 24.75
EXP-ZNO-01152,CHO,111.16,12,46.62,40.64,34.87,37.26,46.82,70.1,0 - 31.55
EXP-ZNO-01153,HepG2,194.79,12,88.06,69.52,65.76,5.0,89.67,53.53,0 - 24.09
EXP-ZNO-01154,A549,157.38,48,88.95,87.09,77.1,6.83,106.8,29.81,0 - 13.42
EXP-ZNO-01155,HepG2,113.35,12,71.18,66.38,61.46,19.61,77.29,53.53,0 - 24.09
EXP-ZNO-01156,MCF-7,40.65,48,62.56,51.06,53.13,38.19,73.81,27.46,0 - 12.36
EXP-ZNO-01157,NIH-3T3,153.99,12,49.38,46.21,41.02,23.79,48.85,82.85,0 - 37.28
EXP-ZNO-01158,HepG2,163.8,12,68.1,60.28,65.4,16.24,78.07,53.53,0 - 24.09
EXP-ZNO-01159,HeLa,36.99,6,21.98,21.71,22.01,71.76,25.07,73.1,0 - 32.9
EXP-ZNO-01160,MCF-7,171.09,6,99.81,80.36,76.65,13.26,108.6,56.86,0 - 25.59
EXP-ZNO-01161,NIH-3T3,114.04,48,56.66,55.27,44.1,15.9,54.63,51.0,0 - 22.95
EXP-ZNO-01162,CHO,193.87,6,67.09,49.33,54.86,20.76,61.8,89.35,0 - 40.21
EXP-ZNO-01163,MCF-7,118.32,48,95.89,84.65,74.55,12.1,108.76,27.46,0 - 12.36
EXP-ZNO-01164,CHO,165.22,48,69.3,65.5,50.14,10.67,68.28,43.15,0 - 19.42
EXP-ZNO-01165,A549,120.4,24,90.73,84.93,75.51,9.19,105.14,38.0,0 - 17.1
EXP-ZNO-01166,Jurkat,198.0,24,100.0,84.82,77.11,8.71,116.91,30.0,0 - 13.5
EXP-ZNO-01167,HEK293,138.9,72,60.03,61.0,51.1,12.75,61.58,40.85,0 - 18.38
EXP-ZNO-01168,Jurkat,120.24,12,95.37,81.2,76.75,12.39,112.54,38.24,0 - 17.21
EXP-ZNO-01169,HepG2,116.52,72,82.48,74.05,69.26,5.83,89.33,28.59,0 - 12.87
EXP-ZNO-01170,A549,21.1,6,14.12,18.41,14.85,83.7,19.16,61.73,0 - 27.78
EXP-ZNO-01171,Jurkat,42.07,24,71.23,55.7,56.18,35.48,82.27,30.0,0 - 13.5
EXP-ZNO-01172,Caco-2,16.93,24,14.13,13.03,12.14,83.64,14.04,50.0,0 - 22.5
EXP-ZNO-01173,PC12,49.67,12,51.69,40.81,37.27,47.56,55.51,50.98,0 - 22.94
EXP-ZNO-01174,HeLa,5.76,48,10.77,4.39,9.25,92.67,7.86,35.31,0 - 15.89
EXP-ZNO-01175,Jurkat,142.75,72,97.32,94.79,92.45,5.0,123.57,20.42,0 - 9.19
EXP-ZNO-01176,HeLa,124.25,72,71.8,63.34,63.65,16.98,74.92,30.64,0 - 13.79
EXP-ZNO-01177,HepG2,174.78,24,83.84,77.49,67.92,8.12,88.75,42.0,0 - 18.9
EXP-ZNO-01178,NIH-3T3,1.13,6,1.99,1.52,1.28,100.0,0.65,105.59,0 - 47.52
EXP-ZNO-01179,HEK293,153.57,6,43.08,39.2,32.17,35.8,43.71,97.47,0 - 43.86
EXP-ZNO-01180,Caco-2,130.08,24,61.88,50.41,55.5,20.09,64.81,50.0,0 - 22.5
EXP-ZNO-01181,CHO,38.48,24,25.71,23.13,14.45,66.42,24.81,55.0,0 - 24.75
EXP-ZNO-01182,HepG2,69.01,12,57.87,49.1,45.57,34.36,61.52,53.53,0 - 24.09
EXP-ZNO-01183,CHO,180.42,48,70.47,61.81,65.5,8.34,71.12,43.15,0 - 19.42
EXP-ZNO-01184,NIH-3T3,32.63,12,14.26,14.91,17.24,74.86,16.2,82.85,0 - 37.28
EXP-ZNO-01185,HEK293,118.94,24,50.56,39.21,40.08,33.11,47.13,60.0,0 - 27.0
EXP-ZNO-01186,PC12,189.79,12,85.4,78.98,76.46,7.83,99.45,50.98,0 - 22.94
EXP-ZNO-01187,HepG2,178.23,72,89.97,76.23,65.86,5.0,91.15,28.59,0 - 12.87
EXP-ZNO-01188,HEK293,34.97,12,16.5,20.67,17.34,72.02,19.54,76.47,0 - 34.41
EXP-ZNO-01189,Caco-2,61.02,12,49.44,32.83,27.76,52.05,40.8,63.73,0 - 28.68
EXP-ZNO-01190,NIH-3T3,73.12,12,32.45,29.52,27.38,55.53,29.81,82.85,0 - 37.28
EXP-ZNO-01191,HeLa,178.91,12,75.33,69.72,63.14,12.48,78.76,57.36,0 - 25.81
EXP-ZNO-01192,HEK293,55.29,12,27.28,25.7,23.52,65.14,25.73,76.47,0 - 34.41
EXP-ZNO-01193,MCF-7,84.83,72,87.5,75.23,67.54,17.11,100.45,23.83,0 - 10.72
EXP-ZNO-01194,CHO,15.17,72,9.83,17.68,9.14,82.92,13.08,37.44,0 - 16.85
EXP-ZNO-01195,Caco-2,3.47,6,0.0,0.0,0.16,97.65,1.14,81.23,0 - 36.55
EXP-ZNO-01196,HepG2,14.14,48,17.09,14.31,14.97,81.72,17.8,32.95,0 - 14.83
EXP-ZNO-01197,Jurkat,37.28,48,80.52,69.17,66.6,33.54,90.61,23.54,0 - 10.59
EXP-ZNO-01198,CHO,111.23,12,51.08,48.25,39.13,32.55,51.34,70.1,0 - 31.55
EXP-ZNO-01199,HeLa,102.05,12,52.82,47.64,44.95,30.23,59.34,57.36,0 - 25.81
EXP-ZNO-01200,HEK293,5.49,6,4.68,4.48,3.87,95.24,3.88,97.47,0 - 43.86
EXP-ZNO-01201,CHO,29.45,24,22.79,22.26,19.68,67.64,24.33,55.0,0 - 24.75
EXP-ZNO-01202,CHO,4.18,24,3.72,0.0,2.12,97.16,2.23,55.0,0 - 24.75
EXP-ZNO-01203,PC12,111.77,12,68.29,65.85,57.49,25.69,79.71,50.98,0 - 22.94
EXP-ZNO-01204,HeLa,81.87,72,78.33,68.38,65.7,11.33,80.11,30.64,0 - 13.79
EXP-ZNO-01205,HeLa,71.03,72,80.37,63.3,55.82,14.37,76.76,30.64,0 - 13.79
EXP-ZNO-01206,HepG2,149.91,72,87.16,74.82,71.58,5.0,91.24,28.59,0 - 12.87
EXP-ZNO-01207,A549,141.5,6,75.16,74.1,63.05,22.68,89.12,61.73,0 - 27.78
EXP-ZNO-01208,NIH-3T3,134.5,24,47.7,49.24,46.81,23.71,49.67,65.0,0 - 29.25
EXP-ZNO-01209,NIH-3T3,188.5,24,61.57,57.47,52.92,12.28,58.19,65.0,0 - 29.25
EXP-ZNO-01210,A549,166.73,24,98.94,82.47,77.82,9.66,106.8,38.0,0 - 17.1
EXP-ZNO-01211,CHO,133.46,48,68.46,67.61,52.87,11.04,68.62,43.15,0 - 19.42
EXP-ZNO-01212,HepG2,193.86,72,86.63,67.58,73.48,5.36,90.1,28.59,0 - 12.87
EXP-ZNO-01213,HEK293,80.64,12,30.44,30.45,29.23,52.85,32.82,76.47,0 - 34.41
EXP-ZNO-01214,MCF-7,195.83,12,100.0,78.29,77.58,9.89,110.54,44.61,0 - 20.07
EXP-ZNO-01215,NIH-3T3,152.82,6,40.72,31.44,38.0,33.97,41.26,105.59,0 - 47.52
EXP-ZNO-01216,PC12,163.45,48,89.61,84.59,76.97,5.93,102.57,31.38,0 - 14.12
EXP-ZNO-01217,MCF-7,145.53,12,93.5,78.33,76.2,14.54,105.76,44.61,0 - 20.07
EXP-ZNO-01218,A549,16.62,12,4.07,16.14,9.15,89.59,11.77,48.43,0 - 21.79
EXP-ZNO-01219,A549,47.27,48,66.62,53.67,52.89,36.8,73.09,29.81,0 - 13.42
EXP-ZNO-01220,HeLa,13.7,6,4.05,5.2,0.0,93.77,4.71,73.1,0 - 32.9
EXP-ZNO-01221,Jurkat,158.08,12,93.0,75.94,82.46,13.16,111.51,38.24,0 - 17.21
EXP-ZNO-01222,Caco-2,87.0,24,62.16,54.01,44.0,27.54,60.2,50.0,0 - 22.5
EXP-ZNO-01223,MCF-7,99.29,12,79.8,73.51,61.06,27.51,90.49,44.61,0 - 20.07
EXP-ZNO-01224,A549,161.1,12,89.7,76.32,81.92,8.78,104.74,48.43,0 - 21.79
EXP-ZNO-01225,Caco-2,180.93,12,63.5,64.32,53.07,15.07,69.13,63.73,0 - 28.68
EXP-ZNO-01226,A549,12.1,24,22.36,16.24,19.24,80.85,23.24,38.0,0 - 17.1
EXP-ZNO-01227,PC12,111.63,12,65.12,73.89,61.9,26.07,80.91,50.98,0 - 22.94
EXP-ZNO-01228,PC12,115.59,12,82.34,72.64,65.55,18.06,89.89,50.98,0 - 22.94
EXP-ZNO-01229,A549,133.84,6,72.72,64.37,66.58,28.97,83.64,61.73,0 - 27.78
EXP-ZNO-01230,HepG2,112.44,6,55.6,56.83,51.92,30.5,65.29,68.23,0 - 30.7
EXP-ZNO-01231,PC12,51.12,6,43.16,35.17,34.18,60.56,44.57,64.98,0 - 29.24
EXP-ZNO-01232,NIH-3T3,178.2,24,56.63,50.76,55.25,17.69,54.71,65.0,0 - 29.25
EXP-ZNO-01233,PC12,174.0,24,88.92,82.73,77.49,7.95,101.02,40.0,0 - 18.0
EXP-ZNO-01234,HEK293,186.29,72,64.45,57.16,56.18,10.14,63.6,40.85,0 - 18.38
EXP-ZNO-01235,NIH-3T3,113.51,72,64.7,49.41,43.71,14.22,55.84,44.25,0 - 19.91
EXP-ZNO-01236,HEK293,155.18,48,62.05,53.13,50.14,17.79,58.65,47.08,0 - 21.18
EXP-ZNO-01237,MCF-7,62.58,6,60.0,48.99,48.53,45.42,67.4,56.86,0 - 25.59
EXP-ZNO-01238,NIH-3T3,26.86,12,19.08,3.7,7.05,84.81,10.42,82.85,0 - 37.28
EXP-ZNO-01239,MCF-7,151.12,6,89.04,85.49,78.31,9.71,109.4,56.86,0 - 25.59
EXP-ZNO-01240,PC12,60.4,12,67.49,54.38,51.68,34.32,71.58,50.98,0 - 22.94
EXP-ZNO-01241,A549,88.65,72,78.34,64.68,67.61,18.26,91.66,25.87,0 - 11.64
EXP-ZNO-01242,Caco-2,190.58,6,57.55,61.99,50.96,18.6,65.69,81.23,0 - 36.55
EXP-ZNO-01243,CHO,146.4,72,73.33,57.18,56.45,11.18,68.51,37.44,0 - 16.85
EXP-ZNO-01244,A549,58.81,48,76.87,69.47,53.45,30.03,82.56,29.81,0 - 13.42
EXP-ZNO-01245,CHO,80.95,48,66.88,58.91,50.67,19.67,62.98,43.15,0 - 19.42
EXP-ZNO-01246,HeLa,57.99,12,34.73,30.54,33.11,53.66,39.66,57.36,0 - 25.81
EXP-ZNO-01247,MCF-7,180.05,12,91.38,86.61,82.41,6.03,113.27,44.61,0 - 20.07
EXP-ZNO-01248,MCF-7,166.49,24,95.76,86.84,76.28,9.31,111.21,35.0,0 - 15.75
EXP-ZNO-01249,HeLa,50.81,48,54.0,54.3,44.79,32.95,59.19,35.31,0 - 15.89
EXP-ZNO-01250,NIH-3T3,97.42,24,44.61,40.29,36.9,34.95,42.42,65.0,0 - 29.25
EXP-ZNO-01251,HEK293,120.24,72,68.13,56.91,46.61,15.47,60.71,40.85,0 - 18.38
EXP-ZNO-01252,Jurkat,121.72,12,97.19,84.13,82.52,10.33,116.05,38.24,0 - 17.21
EXP-ZNO-01253,HepG2,148.03,48,87.07,69.33,65.58,13.04,85.19,32.95,0 - 14.83
EXP-ZNO-01254,MCF-7,183.14,72,100.0,88.82,82.26,5.0,116.45,23.83,0 - 10.72
EXP-ZNO-01255,NIH-3T3,142.22,48,54.18,51.91,51.87,17.39,54.17,51.0,0 - 22.95
EXP-ZNO-01256,CHO,13.59,24,2.6,3.58,6.26,93.84,4.57,55.0,0 - 24.75
EXP-ZNO-01257,PC12,168.47,72,96.84,83.57,75.06,5.0,104.26,27.23,0 - 12.25
EXP-ZNO-01258,NIH-3T3,108.99,24,41.35,40.79,30.25,39.55,39.32,65.0,0 - 29.25
EXP-ZNO-01259,HepG2,192.57,24,85.44,74.29,69.22,6.02,89.88,42.0,0 - 18.9
EXP-ZNO-01260,Caco-2,5.46,72,0.44,0.0,0.0,98.18,0.95,34.04,0 - 15.32
EXP-ZNO-01261,HeLa,122.66,24,76.11,68.52,59.61,11.91,78.49,45.0,0 - 20.25
EXP-ZNO-01262,PC12,133.04,48,84.67,74.07,70.75,11.81,95.16,31.38,0 - 14.12
EXP-ZNO-01263,A549,52.87,12,64.08,59.84,52.15,39.91,71.59,48.43,0 - 21.79
EXP-ZNO-01264,MCF-7,2.73,72,9.34,4.77,10.03,90.74,10.9,23.83,0 - 10.72
EXP-ZNO-01265,HEK293,109.92,48,47.43,55.72,50.89,16.96,56.95,47.08,0 - 21.18
EXP-ZNO-01266,NIH-3T3,189.44,24,63.37,48.91,47.16,17.64,54.61,65.0,0 - 29.25
EXP-ZNO-01267,Caco-2,23.37,24,19.58,18.06,15.74,77.4,19.27,50.0,0 - 22.5
EXP-ZNO-01268,CHO,36.06,12,26.4,15.52,17.21,70.98,22.23,70.1,0 - 31.55
EXP-ZNO-01269,HepG2,160.26,48,85.82,70.79,71.44,9.15,88.12,32.95,0 - 14.83
EXP-ZNO-01270,PC12,192.89,6,74.35,68.83,64.57,19.57,86.36,64.98,0 - 29.24
EXP-ZNO-01271,PC12,3.98,12,0.0,4.7,2.05,96.09,3.41,50.98,0 - 22.94
EXP-ZNO-01272,HepG2,159.75,12,72.1,69.79,58.8,18.64,78.11,53.53,0 - 24.09
EXP-ZNO-01273,HEK293,40.27,12,24.6,19.18,14.52,74.81,19.18,76.47,0 - 34.41
EXP-ZNO-01274,HEK293,163.6,6,48.53,46.55,44.4,33.39,48.16,97.47,0 - 43.86
EXP-ZNO-01275,HepG2,25.78,48,37.84,29.37,27.64,62.11,36.82,32.95,0 - 14.83
EXP-ZNO-01276,Jurkat,167.99,24,100.0,93.32,94.51,5.0,124.38,30.0,0 - 13.5
EXP-ZNO-01277,HEK293,24.37,12,10.75,7.08,10.86,84.11,10.87,76.47,0 - 34.41
EXP-ZNO-01278,A549,58.53,12,52.19,47.57,40.69,45.74,60.97,48.43,0 - 21.79
EXP-ZNO-01279,HepG2,16.38,12,0.0,8.47,0.0,95.73,3.58,53.53,0 - 24.09
EXP-ZNO-01280,Jurkat,93.15,72,100.0,91.17,82.54,9.27,118.85,20.42,0 - 9.19
EXP-ZNO-01281,HEK293,20.23,72,20.39,18.99,21.78,72.42,20.39,40.85,0 - 18.38
EXP-ZNO-01282,Caco-2,151.74,6,54.91,46.59,43.6,30.11,56.48,81.23,0 - 36.55
EXP-ZNO-01283,Jurkat,86.44,72,91.52,75.92,72.59,16.55,107.0,20.42,0 - 9.19
EXP-ZNO-01284,Caco-2,64.19,48,57.08,53.67,50.85,25.65,61.06,39.23,0 - 17.65
EXP-ZNO-01285,Caco-2,42.87,12,29.4,20.31,20.06,65.64,27.66,63.73,0 - 28.68
EXP-ZNO-01286,HeLa,78.13,48,68.32,53.66,47.72,26.88,65.43,35.31,0 - 15.89
EXP-ZNO-01287,HEK293,80.48,24,39.75,36.63,37.33,44.2,39.9,60.0,0 - 27.0
EXP-ZNO-01288,PC12,109.63,6,65.69,62.44,54.96,30.43,75.36,64.98,0 - 29.24
EXP-ZNO-01289,HEK293,176.73,12,57.78,51.68,51.8,18.32,57.73,76.47,0 - 34.41
EXP-ZNO-01290,A549,148.14,72,100.0,87.02,77.57,5.0,110.63,25.87,0 - 11.64
EXP-ZNO-01291,HeLa,137.33,12,68.76,63.24,58.68,17.03,73.53,57.36,0 - 25.81
EXP-ZNO-01292,HeLa,194.29,6,69.3,73.56,60.77,13.94,77.04,73.1,0 - 32.9
EXP-ZNO-01293,CHO,90.68,12,43.73,40.68,42.74,40.34,45.98,70.1,0 - 31.55
EXP-ZNO-01294,Jurkat,93.03,72,100.0,87.56,80.48,7.78,118.71,20.42,0 - 9.19
EXP-ZNO-01295,HEK293,83.11,72,61.75,48.79,43.66,21.86,55.49,40.85,0 - 18.38
EXP-ZNO-01296,NIH-3T3,104.35,12,47.71,31.05,36.68,37.99,40.57,82.85,0 - 37.28
EXP-ZNO-01297,A549,100.58,48,89.87,85.04,71.49,12.17,102.44,29.81,0 - 13.42
EXP-ZNO-01298,HEK293,135.9,24,52.41,42.08,40.38,27.1,50.41,60.0,0 - 27.0
EXP-ZNO-01299,HEK293,53.53,48,43.14,36.52,33.46,41.83,40.98,47.08,0 - 21.18
EXP-ZNO-01300,MCF-7,75.82,24,87.53,75.93,67.55,22.02,97.52,35.0,0 - 15.75
EXP-ZNO-01301,PC12,159.89,72,91.61,83.13,80.91,5.45,103.73,27.23,0 - 12.25
EXP-ZNO-01302,Caco-2,55.17,6,35.83,22.65,18.78,63.6,30.0,81.23,0 - 36.55
EXP-ZNO-01303,MCF-7,15.98,12,23.36,19.58,15.87,81.93,23.78,44.61,0 - 20.07
EXP-ZNO-01304,CHO,20.48,12,3.72,12.99,3.15,86.22,9.05,70.1,0 - 31.55
EXP-ZNO-01305,MCF-7,177.99,72,100.0,87.55,84.99,5.0,116.73,23.83,0 - 10.72
EXP-ZNO-01306,PC12,139.31,24,85.09,74.86,79.19,5.65,100.4,40.0,0 - 18.0
EXP-ZNO-01307,MCF-7,47.74,12,55.24,51.22,45.87,47.81,64.63,44.61,0 - 20.07
EXP-ZNO-01308,Caco-2,146.93,48,70.06,64.54,60.21,9.13,74.25,39.23,0 - 17.65
EXP-ZNO-01309,NIH-3T3,93.89,48,43.66,47.23,44.21,28.38,46.61,51.0,0 - 22.95
EXP-ZNO-01310,CHO,120.0,6,54.6,40.73,35.49,37.4,48.29,89.35,0 - 40.21
EXP-ZNO-01311,Caco-2,139.23,12,75.54,56.0,47.31,20.17,66.99,63.73,0 - 28.68
EXP-ZNO-01312,NIH-3T3,149.15,24,60.66,50.29,41.96,14.75,54.88,65.0,0 - 29.25
EXP-ZNO-01313,NIH-3T3,141.86,24,47.76,49.29,40.67,23.88,48.88,65.0,0 - 29.25
EXP-ZNO-01314,HeLa,198.89,24,75.95,64.59,59.03,13.52,76.97,45.0,0 - 20.25
EXP-ZNO-01315,NIH-3T3,116.83,6,37.28,35.2,31.65,45.33,35.85,105.59,0 - 47.52
EXP-ZNO-01316,Jurkat,51.77,24,79.03,68.63,65.32,26.95,94.15,30.0,0 - 13.5
EXP-ZNO-01317,NIH-3T3,77.13,12,32.49,31.5,31.23,49.12,33.08,82.85,0 - 37.28
EXP-ZNO-01318,Jurkat,169.33,72,100.0,86.55,91.49,6.69,121.37,20.42,0 - 9.19
EXP-ZNO-01319,PC12,26.95,12,24.02,20.87,25.26,69.89,30.8,50.98,0 - 22.94
EXP-ZNO-01320,CHO,140.61,48,72.77,63.33,55.57,12.95,68.32,43.15,0 - 19.42
EXP-ZNO-01321,CHO,44.71,6,18.23,17.41,18.5,77.35,18.32,89.35,0 - 40.21
EXP-ZNO-01322,NIH-3T3,58.45,72,39.28,40.19,32.32,41.14,38.53,44.25,0 - 19.91
EXP-ZNO-01323,PC12,183.95,12,90.05,76.09,69.65,13.59,95.54,50.98,0 - 22.94
EXP-ZNO-01324,HepG2,196.42,6,80.72,69.14,67.93,13.89,83.75,68.23,0 - 30.7
EXP-ZNO-01325,CHO,158.69,48,74.83,67.1,67.56,5.0,74.4,43.15,0 - 19.42
EXP-ZNO-01326,CHO,16.72,24,10.11,3.73,5.88,85.9,9.46,55.0,0 - 24.75
EXP-ZNO-01327,CHO,165.21,48,72.55,68.2,58.15,5.0,72.87,43.15,0 - 19.42
EXP-ZNO-01328,Caco-2,170.01,24,61.07,50.84,56.3,20.38,64.69,50.0,0 - 22.5
EXP-ZNO-01329,A549,100.09,6,68.45,64.23,56.36,30.06,80.1,61.73,0 - 27.78
EXP-ZNO-01330,Caco-2,151.39,24,78.04,62.75,59.18,10.86,74.54,50.0,0 - 22.5
EXP-ZNO-01331,NIH-3T3,41.03,24,19.6,17.66,17.06,69.38,19.55,65.0,0 - 29.25
EXP-ZNO-01332,CHO,138.12,12,59.16,50.48,44.99,23.3,58.05,70.1,0 - 31.55
EXP-ZNO-01333,NIH-3T3,103.82,48,50.62,46.96,40.65,24.22,48.92,51.0,0 - 22.95
EXP-ZNO-01334,HEK293,165.34,48,62.07,63.99,55.21,9.15,64.36,47.08,0 - 21.18
EXP-ZNO-01335,MCF-7,4.44,72,5.14,1.82,2.1,96.13,4.44,23.83,0 - 10.72
EXP-ZNO-01336,NIH-3T3,27.87,72,20.8,18.45,20.76,70.57,19.81,44.25,0 - 19.91
EXP-ZNO-01337,CHO,89.04,6,39.9,39.54,33.18,46.2,41.21,89.35,0 - 40.21
EXP-ZNO-01338,MCF-7,183.45,6,99.93,85.66,83.36,5.0,116.05,56.86,0 - 25.59
EXP-ZNO-01339,NIH-3T3,118.06,72,54.89,52.37,45.94,17.03,53.77,44.25,0 - 19.91
EXP-ZNO-01340,HepG2,16.47,48,16.05,19.48,15.79,78.73,20.09,32.95,0 - 14.83
EXP-ZNO-01341,PC12,105.41,12,74.85,63.37,57.72,25.22,81.1,50.98,0 - 22.94
EXP-ZNO-01342,Caco-2,182.04,24,73.72,66.48,62.29,11.7,74.3,50.0,0 - 22.5
EXP-ZNO-01343,NIH-3T3,59.65,72,42.86,37.09,32.35,36.54,40.57,44.25,0 - 19.91
EXP-ZNO-01344,HeLa,191.64,6,65.87,57.86,58.52,19.26,71.0,73.1,0 - 32.9
EXP-ZNO-01345,Caco-2,128.69,12,63.99,55.18,49.16,21.1,64.5,63.73,0 - 28.68
EXP-ZNO-01346,CHO,104.88,12,52.19,35.33,42.08,34.44,49.35,70.1,0 - 31.55
EXP-ZNO-01347,HeLa,25.21,48,31.94,31.67,26.84,64.15,33.09,35.31,0 - 15.89
EXP-ZNO-01348,MCF-7,66.61,24,72.28,66.87,65.23,24.53,90.01,35.0,0 - 15.75
EXP-ZNO-01349,A549,81.16,6,59.22,53.88,51.5,40.3,69.0,61.73,0 - 27.78
EXP-ZNO-01350,Caco-2,10.82,6,0.0,6.99,3.54,100.0,1.5,81.23,0 - 36.55
EXP-ZNO-01351,Jurkat,27.84,24,45.92,40.58,40.46,56.76,55.85,30.0,0 - 13.5
EXP-ZNO-01352,NIH-3T3,52.76,12,17.84,14.59,19.28,71.02,18.51,82.85,0 - 37.28
EXP-ZNO-01353,NIH-3T3,37.6,12,19.03,12.04,17.32,76.62,15.92,82.85,0 - 37.28
EXP-ZNO-01354,HEK293,91.04,24,47.0,43.16,37.79,35.35,45.79,60.0,0 - 27.0
EXP-ZNO-01355,NIH-3T3,134.22,24,52.63,46.44,50.1,17.08,53.17,65.0,0 - 29.25
EXP-ZNO-01356,PC12,20.97,72,42.69,34.21,32.38,60.71,43.9,27.23,0 - 12.25
EXP-ZNO-01357,NIH-3T3,95.02,72,50.33,40.5,39.51,23.37,48.31,44.25,0 - 19.91
EXP-ZNO-01358,Caco-2,43.44,24,27.14,33.0,30.38,56.36,34.92,50.0,0 - 22.5
EXP-ZNO-01359,PC12,125.82,12,79.45,60.53,62.86,23.43,83.59,50.98,0 - 22.94
EXP-ZNO-01360,Jurkat,73.33,12,83.76,72.44,76.15,24.43,99.87,38.24,0 - 17.21
EXP-ZNO-01361,CHO,169.41,48,75.55,61.32,58.67,7.88,71.25,43.15,0 - 19.42
EXP-ZNO-01362,Caco-2,12.27,48,7.43,6.71,7.76,90.6,7.94,39.23,0 - 17.65
EXP-ZNO-01363,NIH-3T3,195.1,48,62.49,47.59,52.45,12.41,57.04,51.0,0 - 22.95
EXP-ZNO-01364,PC12,25.98,72,56.04,46.96,40.43,45.04,59.57,27.23,0 - 12.25
EXP-ZNO-01365,HeLa,76.15,24,65.46,53.85,48.04,26.08,65.34,45.0,0 - 20.25
EXP-ZNO-01366,A549,64.85,48,77.71,69.13,59.87,29.37,84.25,29.81,0 - 13.42
EXP-ZNO-01367,HEK293,187.23,12,57.01,53.36,51.69,16.41,58.61,76.47,0 - 34.41
EXP-ZNO-01368,HeLa,107.25,72,80.72,68.74,56.65,11.18,79.36,30.64,0 - 13.79
EXP-ZNO-01369,Caco-2,198.05,48,77.76,61.42,56.49,11.71,73.51,39.23,0 - 17.65
EXP-ZNO-01370,PC12,158.36,12,88.42,72.43,65.55,17.36,91.66,50.98,0 - 22.94
EXP-ZNO-01371,HEK293,16.07,24,9.66,7.08,2.55,89.71,7.24,60.0,0 - 27.0
EXP-ZNO-01372,A549,129.32,48,91.18,74.77,68.93,12.48,100.26,29.81,0 - 13.42
EXP-ZNO-01373,HeLa,81.14,24,61.5,61.05,52.49,27.48,65.59,45.0,0 - 20.25
EXP-ZNO-01374,NIH-3T3,118.11,24,40.18,39.85,39.34,32.15,43.07,65.0,0 - 29.25
EXP-ZNO-01375,HEK293,84.86,6,30.43,31.57,25.32,55.95,31.15,97.47,0 - 43.86
EXP-ZNO-01376,Caco-2,92.36,72,66.42,65.56,57.61,16.38,69.89,34.04,0 - 15.32
EXP-ZNO-01377,NIH-3T3,122.79,72,61.72,49.31,47.29,17.83,54.34,44.25,0 - 19.91
EXP-ZNO-01378,NIH-3T3,189.1,24,59.5,52.24,43.38,14.45,55.21,65.0,0 - 29.25
EXP-ZNO-01379,MCF-7,79.02,48,99.03,81.67,71.9,12.44,108.28,27.46,0 - 12.36
EXP-ZNO-01380,HEK293,121.93,6,40.37,31.98,31.56,42.48,39.41,97.47,0 - 43.86
EXP-ZNO-01381,CHO,10.5,24,12.77,8.69,9.63,85.82,11.15,55.0,0 - 24.75
EXP-ZNO-01382,Caco-2,115.05,12,72.9,58.33,58.46,11.13,72.71,63.73,0 - 28.68
EXP-ZNO-01383,HeLa,90.54,6,52.83,44.95,39.37,41.79,52.32,73.1,0 - 32.9
EXP-ZNO-01384,CHO,1.24,6,0.0,7.65,1.57,100.0,1.24,89.35,0 - 40.21
EXP-ZNO-01385,MCF-7,199.74,12,100.0,85.63,79.21,10.05,112.13,44.61,0 - 20.07
EXP-ZNO-01386,NIH-3T3,133.3,6,32.61,41.09,26.39,42.53,36.3,105.59,0 - 47.52
EXP-ZNO-01387,Caco-2,171.83,12,63.12,53.72,48.22,21.25,63.93,63.73,0 - 28.68
EXP-ZNO-01388,CHO,61.13,12,34.74,27.78,30.0,52.57,35.4,70.1,0 - 31.55
EXP-ZNO-01389,Jurkat,115.55,12,100.0,93.99,87.17,8.82,120.59,38.24,0 - 17.21
EXP-ZNO-01390,HEK293,45.65,48,37.34,33.68,32.55,42.57,39.2,47.08,0 - 21.18
EXP-ZNO-01391,NIH-3T3,198.03,24,51.71,45.91,45.61,19.39,51.5,65.0,0 - 29.25
EXP-ZNO-01392,HEK293,42.83,6,14.63,15.85,18.96,77.9,16.32,97.47,0 - 43.86
EXP-ZNO-01393,HeLa,86.45,6,48.24,48.69,40.95,40.99,52.6,73.1,0 - 32.9
EXP-ZNO-01394,HEK293,42.7,24,27.55,27.26,21.27,61.01,27.44,60.0,0 - 27.0
EXP-ZNO-01395,A549,140.09,48,95.93,87.26,83.2,5.0,110.71,29.81,0 - 13.42
EXP-ZNO-01396,Caco-2,37.77,48,48.5,36.09,37.47,47.37,44.7,39.23,0 - 17.65
EXP-ZNO-01397,NIH-3T3,59.75,6,15.7,17.63,16.81,75.08,16.61,105.59,0 - 47.52
EXP-ZNO-01398,HEK293,118.54,72,65.83,58.41,49.45,11.37,62.61,40.85,0 - 18.38
EXP-ZNO-01399,PC12,63.02,24,75.11,65.06,56.65,28.28,79.51,40.0,0 - 18.0
EXP-ZNO-01400,Caco-2,85.52,24,56.6,56.54,50.34,28.57,59.91,50.0,0 - 22.5
EXP-ZNO-01401,CHO,146.84,48,76.55,59.16,64.02,5.0,73.16,43.15,0 - 19.42
EXP-ZNO-01402,A549,76.81,12,59.89,58.27,55.59,37.8,72.19,48.43,0 - 21.79
EXP-ZNO-01403,PC12,180.17,72,91.49,92.59,76.59,5.0,104.85,27.23,0 - 12.25
EXP-ZNO-01404,Jurkat,7.46,24,27.47,21.88,20.68,78.15,29.64,30.0,0 - 13.5
EXP-ZNO-01405,HEK293,14.84,24,10.8,3.79,2.01,96.31,4.14,60.0,0 - 27.0
EXP-ZNO-01406,PC12,15.53,12,1.95,3.02,9.71,89.58,8.64,50.98,0 - 22.94
EXP-ZNO-01407,A549,77.99,48,82.37,70.41,62.3,22.65,90.07,29.81,0 - 13.42
EXP-ZNO-01408,PC12,130.02,6,66.17,64.32,59.18,28.07,77.88,64.98,0 - 29.24
EXP-ZNO-01409,HEK293,84.22,24,48.22,41.81,42.39,32.06,47.81,60.0,0 - 27.0
EXP-ZNO-01410,HEK293,19.58,48,16.69,14.33,17.3,74.84,17.56,47.08,0 - 21.18
EXP-ZNO-01411,NIH-3T3,113.78,6,38.11,33.26,32.71,42.96,36.83,105.59,0 - 47.52
EXP-ZNO-01412,Jurkat,91.28,72,100.0,97.64,87.02,5.0,123.76,20.42,0 - 9.19
EXP-ZNO-01413,A549,120.86,24,77.82,73.25,72.16,15.87,95.33,38.0,0 - 17.1
EXP-ZNO-01414,PC12,44.08,6,37.62,29.27,23.14,70.05,34.91,64.98,0 - 29.24
EXP-ZNO-01415,MCF-7,144.38,48,99.93,85.09,81.92,5.31,115.48,27.46,0 - 12.36
EXP-ZNO-01416,HeLa,169.29,48,77.71,68.71,59.1,11.63,78.9,35.31,0 - 15.89
EXP-ZNO-01417,HepG2,197.47,48,83.16,72.77,68.65,5.33,89.44,32.95,0 - 14.83
EXP-ZNO-01418,A549,97.9,24,74.96,66.58,65.73,23.3,87.83,38.0,0 - 17.1
EXP-ZNO-01419,MCF-7,159.55,24,93.95,82.88,80.23,10.43,110.05,35.0,0 - 15.75
EXP-ZNO-01420,PC12,155.81,6,79.26,68.35,68.72,16.11,90.11,64.98,0 - 29.24
EXP-ZNO-01421,Jurkat,101.72,6,79.07,68.31,65.84,25.97,94.84,48.74,0 - 21.93
EXP-ZNO-01422,Caco-2,192.77,12,69.2,58.7,53.23,17.91,68.09,63.73,0 - 28.68
EXP-ZNO-01423,HeLa,73.73,12,42.04,35.85,36.91,49.22,44.71,57.36,0 - 25.81
EXP-ZNO-01424,A549,131.5,72,100.0,84.47,80.95,5.0,110.78,25.87,0 - 11.64
EXP-ZNO-01425,CHO,30.57,6,14.29,9.84,13.69,88.51,10.92,89.35,0 - 40.21
EXP-ZNO-01426,HeLa,32.74,6,21.03,18.34,14.53,81.02,18.63,73.1,0 - 32.9
EXP-ZNO-01427,HepG2,39.13,24,39.46,41.01,36.52,50.11,46.69,42.0,0 - 18.9
EXP-ZNO-01428,HeLa,139.16,24,64.73,60.92,55.51,20.78,70.02,45.0,0 - 20.25
EXP-ZNO-01429,HepG2,120.33,72,75.34,72.73,60.32,11.81,83.08,28.59,0 - 12.87
EXP-ZNO-01430,PC12,86.43,6,51.96,44.38,44.79,46.1,58.33,64.98,0 - 29.24
EXP-ZNO-01431,CHO,65.07,72,61.37,46.05,47.39,23.44,58.11,37.44,0 - 16.85
EXP-ZNO-01432,NIH-3T3,20.68,24,0.0,8.02,3.49,87.6,6.34,65.0,0 - 29.25
EXP-ZNO-01433,HeLa,170.98,48,77.15,71.84,62.9,5.22,83.03,35.31,0 - 15.89
EXP-ZNO-01434,HEK293,43.04,24,25.04,27.07,12.36,65.68,23.87,60.0,0 - 27.0
EXP-ZNO-01435,HeLa,91.27,24,68.14,59.22,50.93,20.64,69.83,45.0,0 - 20.25
EXP-ZNO-01436,Caco-2,25.77,48,25.89,21.16,27.05,61.78,29.94,39.23,0 - 17.65
EXP-ZNO-01437,HeLa,67.18,12,48.28,32.08,36.02,45.71,47.02,57.36,0 - 25.81
EXP-ZNO-01438,NIH-3T3,165.81,24,58.29,47.45,49.03,13.61,55.46,65.0,0 - 29.25
EXP-ZNO-01439,NIH-3T3,181.5,6,43.97,32.12,37.09,35.42,41.17,105.59,0 - 47.52
EXP-ZNO-01440,Jurkat,14.84,12,19.64,15.94,18.07,81.51,23.76,38.24,0 - 17.21
EXP-ZNO-01441,HeLa,112.55,24,62.9,63.41,63.81,13.26,75.03,45.0,0 - 20.25
EXP-ZNO-01442,A549,2.69,48,5.75,4.03,5.96,96.58,5.23,29.81,0 - 13.42
EXP-ZNO-01443,CHO,162.72,12,62.56,53.67,49.91,20.78,60.89,70.1,0 - 31.55
EXP-ZNO-01444,A549,11.67,24,7.3,5.11,1.74,92.92,7.23,38.0,0 - 17.1
EXP-ZNO-01445,MCF-7,71.99,48,100.0,89.73,86.0,6.23,116.56,27.46,0 - 12.36
EXP-ZNO-01446,MCF-7,131.76,24,99.66,78.35,73.43,12.7,107.94,35.0,0 - 15.75
EXP-ZNO-01447,Jurkat,151.26,6,91.16,86.21,83.46,12.11,113.92,48.74,0 - 21.93
EXP-ZNO-01448,NIH-3T3,58.82,48,31.2,28.14,29.37,50.31,31.77,51.0,0 - 22.95
EXP-ZNO-01449,MCF-7,194.22,24,97.84,90.82,81.62,5.0,116.17,35.0,0 - 15.75
EXP-ZNO-01450,HeLa,34.76,12,23.52,25.95,20.92,68.94,27.26,57.36,0 - 25.81
EXP-ZNO-01451,Jurkat,5.42,48,8.45,4.82,7.31,94.49,8.14,23.54,0 - 10.59
EXP-ZNO-01452,PC12,194.88,6,78.12,78.14,70.86,14.83,92.64,64.98,0 - 29.24
EXP-ZNO-01453,NIH-3T3,127.93,6,37.8,31.91,33.11,46.45,35.27,105.59,0 - 47.52
EXP-ZNO-01454,Caco-2,110.01,48,67.59,58.5,54.17,13.72,69.88,39.23,0 - 17.65
EXP-ZNO-01455,HeLa,64.99,6,46.16,33.0,39.76,52.18,44.06,73.1,0 - 32.9
EXP-ZNO-01456,HEK293,190.74,6,56.4,41.85,44.01,28.46,50.94,97.47,0 - 43.86
EXP-ZNO-01457,MCF-7,131.92,12,81.68,69.88,65.87,21.81,94.74,44.61,0 - 20.07
EXP-ZNO-01458,HEK293,55.51,72,51.3,46.32,34.23,34.06,47.02,40.85,0 - 18.38
EXP-ZNO-01459,HepG2,76.62,24,65.6,54.54,53.4,31.1,66.95,42.0,0 - 18.9
EXP-ZNO-01460,CHO,71.59,48,49.32,43.4,43.67,33.87,50.39,43.15,0 - 19.42
EXP-ZNO-01461,A549,193.79,12,82.44,70.66,68.28,17.11,94.53,48.43,0 - 21.79
EXP-ZNO-01462,HEK293,60.63,12,26.46,28.83,28.2,59.65,28.92,76.47,0 - 34.41
EXP-ZNO-01463,HepG2,160.53,24,80.68,68.29,68.04,9.4,85.98,42.0,0 - 18.9
EXP-ZNO-01464,HEK293,191.78,12,55.05,49.25,49.43,17.55,56.98,76.47,0 - 34.41
EXP-ZNO-01465,Caco-2,34.72,48,36.64,26.43,29.44,57.63,35.05,39.23,0 - 17.65
EXP-ZNO-01466,MCF-7,130.93,72,94.67,89.03,82.95,5.35,115.07,23.83,0 - 10.72
EXP-ZNO-01467,Jurkat,184.95,6,90.78,82.51,77.22,14.91,110.06,48.74,0 - 21.93
EXP-ZNO-01468,HepG2,128.74,48,86.03,69.55,69.3,8.38,88.04,32.95,0 - 14.83
EXP-ZNO-01469,HeLa,160.95,72,80.73,68.56,71.85,5.62,84.4,30.64,0 - 13.79
EXP-ZNO-01470,A549,168.42,72,92.03,82.59,83.12,6.4,108.08,25.87,0 - 11.64
EXP-ZNO-01471,NIH-3T3,37.77,48,27.74,25.62,18.99,56.15,27.33,51.0,0 - 22.95
EXP-ZNO-01472,Jurkat,164.4,48,100.0,89.53,89.99,5.41,122.49,23.54,0 - 10.59
EXP-ZNO-01473,HeLa,111.33,48,70.33,63.76,56.57,18.29,72.97,35.31,0 - 15.89
EXP-ZNO-01474,HEK293,43.71,12,23.83,17.3,13.75,72.72,19.6,76.47,0 - 34.41
EXP-ZNO-01475,HEK293,133.18,6,43.29,36.92,35.36,41.83,41.3,97.47,0 - 43.86
EXP-ZNO-01476,CHO,55.88,24,44.68,40.82,33.99,43.89,43.39,55.0,0 - 24.75
EXP-ZNO-01477,NIH-3T3,29.56,12,18.4,6.31,6.55,84.33,10.76,82.85,0 - 37.28
EXP-ZNO-01478,HeLa,106.08,6,53.95,58.28,45.01,31.6,60.48,73.1,0 - 32.9
EXP-ZNO-01479,HeLa,101.78,24,64.03,59.8,55.26,18.56,70.78,45.0,0 - 20.25
EXP-ZNO-01480,HepG2,137.12,24,69.97,66.34,62.84,15.59,79.35,42.0,0 - 18.9
EXP-ZNO-01481,MCF-7,27.96,6,25.17,24.01,18.78,76.9,28.75,56.86,0 - 25.59
EXP-ZNO-01482,Jurkat,89.73,12,85.48,78.91,69.72,24.75,100.12,38.24,0 - 17.21
EXP-ZNO-01483,MCF-7,189.01,12,94.17,80.63,76.3,12.05,107.94,44.61,0 - 20.07
EXP-ZNO-01484,CHO,19.02,12,11.73,14.41,9.78,85.12,12.07,70.1,0 - 31.55
EXP-ZNO-01485,HepG2,108.44,48,67.97,64.11,60.41,17.82,77.03,32.95,0 - 14.83
EXP-ZNO-01486,CHO,39.93,24,23.83,27.62,21.8,68.58,25.1,55.0,0 - 24.75
EXP-ZNO-01487,Jurkat,114.5,24,100.0,90.34,83.38,5.0,121.63,30.0,0 - 13.5
EXP-ZNO-01488,HepG2,62.59,72,63.76,61.54,50.83,28.7,68.52,28.59,0 - 12.87
EXP-ZNO-01489,CHO,184.29,72,69.44,62.74,59.69,6.29,71.2,37.44,0 - 16.85
EXP-ZNO-01490,MCF-7,86.43,6,68.7,62.72,55.38,35.36,79.72,56.86,0 - 25.59
EXP-ZNO-01491,HEK293,4.56,6,0.0,0.0,0.0,95.77,1.8,97.47,0 - 43.86
EXP-ZNO-01492,CHO,147.64,72,74.04,57.96,57.5,15.6,66.89,37.44,0 - 16.85
EXP-ZNO-01493,HeLa,113.65,12,61.85,61.97,46.97,24.98,66.22,57.36,0 - 25.81
EXP-ZNO-01494,HEK293,37.44,48,34.44,28.21,25.5,54.73,31.94,47.08,0 - 21.18
EXP-ZNO-01495,HepG2,187.64,6,67.37,66.14,55.69,21.75,74.42,68.23,0 - 30.7
EXP-ZNO-01496,HEK293,94.35,48,53.54,54.61,49.23,18.88,56.82,47.08,0 - 21.18
EXP-ZNO-01497,A549,190.32,6,83.98,79.8,72.84,13.88,99.3,61.73,0 - 27.78
EXP-ZNO-01498,NIH-3T3,95.63,12,36.52,32.46,36.19,40.5,37.88,82.85,0 - 37.28
EXP-ZNO-01499,MCF-7,154.29,72,100.0,95.52,83.17,5.0,117.88,23.83,0 - 10.72
EXP-ZNO-01500,CHO,84.5,72,56.36,47.57,50.33,19.74,59.48,37.44,0 - 16.85
EXP-ZNO-01501,Jurkat,75.95,72,95.22,89.39,80.25,10.97,115.71,20.42,0 - 9.19
EXP-ZNO-01502,PC12,38.08,12,40.62,35.26,28.14,63.98,40.99,50.98,0 - 22.94
EXP-ZNO-01503,Caco-2,22.88,24,21.67,22.18,18.43,77.77,20.46,50.0,0 - 22.5
EXP-ZNO-01504,Jurkat,88.77,12,82.28,73.76,67.86,21.5,100.03,38.24,0 - 17.21
EXP-ZNO-01505,CHO,5.84,6,6.75,1.45,0.0,96.77,2.86,89.35,0 - 40.21
EXP-ZNO-01506,HeLa,43.45,48,49.23,48.68,43.19,38.29,54.48,35.31,0 - 15.89
EXP-ZNO-01507,NIH-3T3,53.47,12,24.54,18.68,17.32,67.76,21.14,82.85,0 - 37.28
EXP-ZNO-01508,A549,49.41,12,53.63,49.91,50.21,47.45,62.42,48.43,0 - 21.79
EXP-ZNO-01509,MCF-7,186.06,12,91.36,77.96,72.54,15.55,103.84,44.61,0 - 20.07
EXP-ZNO-01510,Caco-2,110.16,6,47.22,38.83,36.33,41.22,47.6,81.23,0 - 36.55
EXP-ZNO-01511,A549,26.27,12,24.28,21.48,20.52,76.94,27.22,48.43,0 - 21.79
EXP-ZNO-01512,Jurkat,26.67,48,57.65,46.32,44.0,46.89,67.12,23.54,0 - 10.59
EXP-ZNO-01513,Caco-2,9.42,12,3.13,3.67,0.61,97.81,2.24,63.73,0 - 28.68
EXP-ZNO-01514,NIH-3T3,140.98,6,42.2,42.05,37.92,39.68,40.48,105.59,0 - 47.52
EXP-ZNO-01515,CHO,13.24,12,0.0,11.64,2.4,89.22,6.75,70.1,0 - 31.55
EXP-ZNO-01516,CHO,187.99,48,62.29,52.27,56.08,14.74,64.21,43.15,0 - 19.42
EXP-ZNO-01517,Caco-2,156.25,48,76.82,67.94,65.09,5.0,78.68,39.23,0 - 17.65
EXP-ZNO-01518,MCF-7,4.77,12,0.0,0.0,1.01,95.05,3.28,44.61,0 - 20.07
EXP-ZNO-01519,A549,72.19,48,80.42,74.97,70.95,17.38,95.14,29.81,0 - 13.42
EXP-ZNO-01520,NIH-3T3,49.75,24,23.6,25.67,18.01,63.28,23.71,65.0,0 - 29.25
EXP-ZNO-01521,MCF-7,199.96,72,98.95,87.95,86.12,5.0,116.75,23.83,0 - 10.72
EXP-ZNO-01522,Caco-2,122.06,12,47.66,49.6,48.71,30.87,55.9,63.73,0 - 28.68
EXP-ZNO-01523,PC12,122.76,24,86.07,66.96,69.72,20.88,88.87,40.0,0 - 18.0
EXP-ZNO-01524,MCF-7,128.74,48,92.74,75.56,74.74,13.53,105.41,27.46,0 - 12.36
EXP-ZNO-01525,PC12,112.21,6,64.38,55.49,54.9,29.04,74.65,64.98,0 - 29.24
EXP-ZNO-01526,HEK293,94.51,12,47.16,39.95,34.51,40.45,42.82,76.47,0 - 34.41
EXP-ZNO-01527,CHO,33.23,72,32.3,32.35,28.15,57.16,33.26,37.44,0 - 16.85
EXP-ZNO-01528,MCF-7,107.08,24,90.71,79.3,68.94,10.89,106.17,35.0,0 - 15.75
EXP-ZNO-01529,Jurkat,8.44,6,2.56,5.57,4.16,95.1,5.75,48.74,0 - 21.93
EXP-ZNO-01530,NIH-3T3,15.06,48,12.93,12.88,8.55,87.27,9.73,51.0,0 - 22.95
EXP-ZNO-01531,MCF-7,99.11,6,68.04,61.2,56.37,31.99,81.56,56.86,0 - 25.59
EXP-ZNO-01532,HEK293,179.86,12,61.4,50.69,43.32,20.71,56.12,76.47,0 - 34.41
EXP-ZNO-01533,NIH-3T3,68.37,6,25.36,23.06,17.56,66.73,22.24,105.59,0 - 47.52
EXP-ZNO-01534,MCF-7,54.81,24,68.6,60.25,59.35,33.09,81.39,35.0,0 - 15.75
EXP-ZNO-01535,PC12,90.17,48,94.69,82.22,71.74,7.72,101.4,31.38,0 - 14.12
EXP-ZNO-01536,MCF-7,164.16,48,95.04,88.53,81.69,5.52,114.73,27.46,0 - 12.36
EXP-ZNO-01537,Jurkat,195.56,12,97.87,82.95,77.88,12.07,113.96,38.24,0 - 17.21
EXP-ZNO-01538,HeLa,178.81,48,77.56,68.31,62.81,5.0,82.68,35.31,0 - 15.89
EXP-ZNO-01539,CHO,158.24,48,71.75,57.38,57.3,10.0,68.9,43.15,0 - 19.42
EXP-ZNO-01540,HeLa,167.54,12,66.78,60.02,55.68,16.98,72.22,57.36,0 - 25.81
EXP-ZNO-01541,HepG2,161.8,12,73.22,66.73,56.87,16.46,78.7,53.53,0 - 24.09
EXP-ZNO-01542,HepG2,54.97,12,49.3,44.32,36.94,48.74,50.06,53.53,0 - 24.09
EXP-ZNO-01543,HepG2,52.17,12,43.77,38.58,40.92,50.66,47.62,53.53,0 - 24.09
EXP-ZNO-01544,CHO,98.35,12,50.33,48.44,41.47,30.37,52.53,70.1,0 - 31.55
EXP-ZNO-01545,HeLa,86.57,6,45.49,40.93,38.27,46.27,47.84,73.1,0 - 32.9
EXP-ZNO-01546,Caco-2,116.89,72,66.96,51.77,58.44,15.1,68.75,34.04,0 - 15.32
EXP-ZNO-01547,NIH-3T3,61.51,72,45.88,38.84,36.34,38.79,40.85,44.25,0 - 19.91
EXP-ZNO-01548,HepG2,128.81,72,83.95,70.84,63.76,10.17,85.99,28.59,0 - 12.87
EXP-ZNO-01549,PC12,134.61,24,91.64,71.85,67.73,14.83,94.13,40.0,0 - 18.0
EXP-ZNO-01550,HepG2,91.49,48,77.27,73.55,67.71,11.69,84.84,32.95,0 - 14.83
EXP-ZNO-01551,HEK293,152.26,12,52.3,43.61,50.9,23.52,53.45,76.47,0 - 34.41
EXP-ZNO-01552,PC12,184.41,24,86.56,78.74,69.5,9.67,97.42,40.0,0 - 18.0
EXP-ZNO-01553,HEK293,94.97,6,34.9,30.34,23.99,53.29,32.71,97.47,0 - 43.86
EXP-ZNO-01554,MCF-7,149.31,6,98.89,80.93,75.21,13.77,107.89,56.86,0 - 25.59
EXP-ZNO-01555,Jurkat,196.07,12,100.0,89.99,84.78,10.41,118.31,38.24,0 - 17.21
EXP-ZNO-01556,NIH-3T3,189.78,24,48.95,47.32,45.54,20.47,50.79,65.0,0 - 29.25
EXP-ZNO-01557,HEK293,170.22,6,51.37,41.89,38.67,30.85,48.39,97.47,0 - 43.86
EXP-ZNO-01558,Jurkat,101.55,12,86.91,79.02,74.66,19.19,105.09,38.24,0 - 17.21
EXP-ZNO-01559,HeLa,192.81,12,77.53,63.86,59.23,16.09,75.92,57.36,0 - 25.81
EXP-ZNO-01560,PC12,120.14,12,78.5,68.2,67.3,18.96,88.03,50.98,0 - 22.94
EXP-ZNO-01561,MCF-7,136.68,6,79.12,70.29,65.52,24.44,92.47,56.86,0 - 25.59
EXP-ZNO-01562,MCF-7,42.69,12,48.4,37.46,40.77,53.48,55.84,44.61,0 - 20.07
EXP-ZNO-01563,MCF-7,15.34,12,15.65,14.47,7.78,88.61,15.2,44.61,0 - 20.07
EXP-ZNO-01564,Caco-2,4.35,24,6.65,0.0,0.93,95.8,3.39,50.0,0 - 22.5
EXP-ZNO-01565,PC12,102.93,72,90.36,89.27,72.77,6.55,102.47,27.23,0 - 12.25
EXP-ZNO-01566,PC12,115.09,6,76.25,66.16,52.1,25.97,80.5,64.98,0 - 29.24
EXP-ZNO-01567,NIH-3T3,5.68,6,0.62,1.84,7.14,95.6,2.94,105.59,0 - 47.52
EXP-ZNO-01568,HeLa,112.65,72,65.71,60.26,55.05,20.53,70.17,30.64,0 - 13.79
EXP-ZNO-01569,PC12,178.32,12,91.62,84.09,75.81,5.0,103.28,50.98,0 - 22.94
EXP-ZNO-01570,HeLa,36.38,72,45.14,41.83,34.85,45.96,47.55,30.64,0 - 13.79
EXP-ZNO-01571,HEK293,24.59,6,13.16,7.87,8.54,84.68,10.84,97.47,0 - 43.86
EXP-ZNO-01572,HEK293,4.47,72,1.86,0.0,0.0,97.72,1.29,40.85,0 - 18.38
EXP-ZNO-01573,CHO,97.07,48,61.96,56.48,46.05,18.68,61.59,43.15,0 - 19.42
EXP-ZNO-01574,MCF-7,31.69,48,50.2,43.52,45.76,49.42,60.9,27.46,0 - 12.36
EXP-ZNO-01575,NIH-3T3,97.47,48,48.81,43.93,36.81,27.31,46.57,51.0,0 - 22.95
EXP-ZNO-01576,HeLa,25.62,24,10.37,18.35,13.07,74.21,19.68,45.0,0 - 20.25
EXP-ZNO-01577,NIH-3T3,56.36,72,36.53,27.88,31.0,39.08,37.28,44.25,0 - 19.91
EXP-ZNO-01578,HepG2,177.41,48,90.19,73.93,64.19,6.38,89.84,32.95,0 - 14.83
EXP-ZNO-01579,HepG2,12.49,24,8.15,7.74,5.91,88.98,9.65,42.0,0 - 18.9
EXP-ZNO-01580,Jurkat,166.56,24,100.0,92.48,86.51,8.9,120.12,30.0,0 - 13.5
EXP-ZNO-01581,NIH-3T3,136.72,12,41.39,38.37,37.58,33.93,42.16,82.85,0 - 37.28
EXP-ZNO-01582,Caco-2,195.33,24,72.04,69.37,60.78,8.96,75.48,50.0,0 - 22.5
EXP-ZNO-01583,Caco-2,199.12,6,62.84,50.29,56.26,18.87,65.66,81.23,0 - 36.55
EXP-ZNO-01584,CHO,59.58,48,59.03,45.47,40.33,32.55,52.56,43.15,0 - 19.42
EXP-ZNO-01585,A549,14.38,24,20.9,22.59,18.59,81.42,23.58,38.0,0 - 17.1
EXP-ZNO-01586,HepG2,71.39,12,53.74,56.29,44.93,35.73,60.97,53.53,0 - 24.09
EXP-ZNO-01587,Caco-2,191.77,12,67.34,61.74,58.27,12.03,71.68,63.73,0 - 28.68
EXP-ZNO-01588,HeLa,197.29,72,65.01,76.63,67.16,10.49,79.33,30.64,0 - 13.79
EXP-ZNO-01589,A549,2.25,12,3.52,1.93,1.99,97.3,3.17,48.43,0 - 21.79
EXP-ZNO-01590,CHO,93.5,72,65.2,55.38,49.45,17.28,63.11,37.44,0 - 16.85
EXP-ZNO-01591,A549,199.11,12,95.67,83.32,81.79,7.05,108.45,48.43,0 - 21.79
EXP-ZNO-01592,PC12,143.9,48,89.52,79.17,78.44,6.43,101.58,31.38,0 - 14.12
EXP-ZNO-01593,HeLa,100.28,12,54.82,50.54,47.2,30.17,60.54,57.36,0 - 25.81
EXP-ZNO-01594,CHO,114.01,12,54.26,48.85,45.73,33.3,52.55,70.1,0 - 31.55
EXP-ZNO-01595,MCF-7,138.02,12,89.55,79.23,77.09,18.38,102.71,44.61,0 - 20.07
EXP-ZNO-01596,A549,17.28,6,6.77,7.42,11.19,88.13,12.1,61.73,0 - 27.78
EXP-ZNO-01597,CHO,177.14,12,66.53,64.22,52.64,18.45,64.45,70.1,0 - 31.55
EXP-ZNO-01598,HEK293,7.84,12,0.0,0.0,1.26,100.0,0.16,76.47,0 - 34.41
EXP-ZNO-01599,Caco-2,172.83,24,84.85,69.39,61.97,5.0,79.97,50.0,0 - 22.5
EXP-ZNO-01600,HeLa,192.34,24,79.03,67.08,58.44,7.19,81.04,45.0,0 - 20.25
EXP-ZNO-01601,HEK293,189.04,24,62.84,53.22,52.99,10.31,62.34,60.0,0 - 27.0
EXP-ZNO-01602,HepG2,11.6,24,17.29,7.41,17.9,84.2,15.91,42.0,0 - 18.9
EXP-ZNO-01603,PC12,190.44,24,88.49,77.04,73.22,10.59,97.68,40.0,0 - 18.0
EXP-ZNO-01604,CHO,104.87,72,67.07,56.42,54.25,17.11,64.31,37.44,0 - 16.85
EXP-ZNO-01605,Caco-2,30.25,72,37.51,35.16,24.95,56.06,36.56,34.04,0 - 15.32
EXP-ZNO-01606,A549,166.8,48,90.57,94.29,78.52,8.37,107.82,29.81,0 - 13.42
EXP-ZNO-01607,CHO,196.71,72,75.14,63.06,55.86,5.0,72.33,37.44,0 - 16.85
EXP-ZNO-01608,NIH-3T3,8.58,24,1.81,6.19,0.0,100.0,1.03,65.0,0 - 29.25
EXP-ZNO-01609,Jurkat,122.17,48,98.87,90.49,85.49,7.51,120.14,23.54,0 - 10.59
EXP-ZNO-01610,Caco-2,27.13,6,2.98,5.2,9.96,87.16,8.83,81.23,0 - 36.55
EXP-ZNO-01611,A549,37.29,48,50.42,49.62,46.97,42.52,63.97,29.81,0 - 13.42
EXP-ZNO-01612,A549,131.22,24,89.86,79.46,77.08,7.39,105.31,38.0,0 - 17.1
EXP-ZNO-01613,PC12,55.13,72,73.58,70.28,64.42,20.35,85.96,27.23,0 - 12.25
EXP-ZNO-01614,HEK293,120.61,12,51.5,46.28,45.05,29.4,50.4,76.47,0 - 34.41
EXP-ZNO-01615,NIH-3T3,7.63,24,0.25,0.0,5.85,100.0,0.74,65.0,0 - 29.25
EXP-ZNO-01616,MCF-7,194.69,12,97.68,89.05,80.31,5.46,115.26,44.61,0 - 20.07
EXP-ZNO-01617,MCF-7,134.62,48,93.54,82.97,75.58,9.34,109.78,27.46,0 - 12.36
EXP-ZNO-01618,MCF-7,123.54,24,83.29,78.18,73.93,17.17,101.11,35.0,0 - 15.75
EXP-ZNO-01619,Caco-2,180.49,12,69.65,59.78,56.56,13.58,70.86,63.73,0 - 28.68
EXP-ZNO-01620,A549,126.31,6,78.5,66.43,64.66,21.7,89.42,61.73,0 - 27.78
EXP-ZNO-01621,HeLa,94.54,24,62.25,57.09,45.61,25.5,65.11,45.0,0 - 20.25
EXP-ZNO-01622,A549,93.39,72,90.42,72.41,70.68,15.19,98.34,25.87,0 - 11.64
EXP-ZNO-01623,HeLa,30.66,24,28.09,29.05,27.3,65.12,31.51,45.0,0 - 20.25
EXP-ZNO-01624,HepG2,71.05,12,47.86,46.79,39.89,49.11,50.42,53.53,0 - 24.09
EXP-ZNO-01625,HEK293,193.69,6,42.68,41.65,35.53,35.4,44.55,97.47,0 - 43.86
EXP-ZNO-01626,CHO,151.85,12,64.39,51.06,46.13,21.62,59.98,70.1,0 - 31.55
EXP-ZNO-01627,A549,154.38,6,81.52,74.19,65.72,20.28,92.58,61.73,0 - 27.78
EXP-ZNO-01628,HepG2,28.57,6,10.34,14.31,11.76,81.62,15.93,68.23,0 - 30.7
EXP-ZNO-01629,MCF-7,155.98,72,100.0,87.61,80.8,5.0,115.95,23.83,0 - 10.72
EXP-ZNO-01630,CHO,187.23,48,71.83,67.28,57.54,5.0,72.53,43.15,0 - 19.42
EXP-ZNO-01631,Caco-2,168.34,12,69.59,58.18,51.99,18.81,67.49,63.73,0 - 28.68
EXP-ZNO-01632,CHO,177.9,72,66.14,63.17,62.22,5.95,71.16,37.44,0 - 16.85
EXP-ZNO-01633,HeLa,55.7,6,34.24,30.57,29.03,61.08,35.25,73.1,0 - 32.9
EXP-ZNO-01634,HepG2,37.31,48,44.34,48.07,45.87,43.28,53.88,32.95,0 - 14.83
EXP-ZNO-01635,CHO,153.8,72,63.87,62.5,55.54,13.16,66.51,37.44,0 - 16.85
EXP-ZNO-01636,NIH-3T3,74.54,6,32.2,23.4,23.01,63.86,25.18,105.59,0 - 47.52
EXP-ZNO-01637,HEK293,97.11,48,43.36,46.35,42.75,25.82,50.26,47.08,0 - 21.18
EXP-ZNO-01638,HEK293,78.34,24,40.65,36.53,32.74,43.72,39.66,60.0,0 - 27.0
EXP-ZNO-01639,PC12,7.82,12,10.27,4.67,3.92,93.56,7.55,50.98,0 - 22.94
EXP-ZNO-01640,HeLa,22.49,24,24.51,24.23,16.48,73.37,24.32,45.0,0 - 20.25
EXP-ZNO-01641,CHO,191.59,12,67.63,59.83,50.21,13.57,65.92,70.1,0 - 31.55
EXP-ZNO-01642,HEK293,184.41,12,53.53,45.24,51.68,19.07,55.85,76.47,0 - 34.41
EXP-ZNO-01643,NIH-3T3,101.45,6,24.71,23.46,16.73,60.19,24.7,105.59,0 - 47.52
EXP-ZNO-01644,MCF-7,186.56,72,92.39,86.17,79.09,7.1,112.15,23.83,0 - 10.72
EXP-ZNO-01645,Jurkat,55.23,72,88.36,74.25,69.63,20.35,102.8,20.42,0 - 9.19
EXP-ZNO-01646,NIH-3T3,114.87,72,53.75,50.8,51.32,15.97,54.47,44.25,0 - 19.91
EXP-ZNO-01647,HepG2,21.02,12,25.0,20.74,20.46,74.63,25.06,53.53,0 - 24.09
EXP-ZNO-01648,NIH-3T3,21.56,24,4.61,0.72,12.86,84.92,8.4,65.0,0 - 29.25
EXP-ZNO-01649,HepG2,122.13,72,81.94,71.59,67.01,7.97,87.35,28.59,0 - 12.87
EXP-ZNO-01650,MCF-7,171.95,48,100.0,93.47,83.28,5.0,117.52,27.46,0 - 12.36
EXP-ZNO-01651,Jurkat,131.98,48,98.23,96.97,84.6,6.03,122.03,23.54,0 - 10.59
EXP-ZNO-01652,HepG2,107.86,72,81.8,79.75,72.92,5.25,90.97,28.59,0 - 12.87
EXP-ZNO-01653,Caco-2,45.45,48,43.65,39.66,37.73,45.3,45.3,39.23,0 - 17.65
EXP-ZNO-01654,MCF-7,8.06,72,23.58,24.25,14.94,78.97,26.39,23.83,0 - 10.72
EXP-ZNO-01655,HepG2,100.5,24,69.53,60.99,57.18,13.72,78.51,42.0,0 - 18.9
EXP-ZNO-01656,NIH-3T3,78.99,6,21.57,26.37,25.76,61.77,25.0,105.59,0 - 47.52
EXP-ZNO-01657,NIH-3T3,90.68,6,36.09,23.55,18.14,57.13,27.93,105.59,0 - 47.52
EXP-ZNO-01658,PC12,35.38,24,46.03,38.63,38.18,50.14,52.51,40.0,0 - 18.0
EXP-ZNO-01659,NIH-3T3,136.82,12,46.76,34.92,37.53,33.87,42.63,82.85,0 - 37.28
EXP-ZNO-01660,MCF-7,39.63,72,68.47,67.77,56.84,35.19,80.99,23.83,0 - 10.72
EXP-ZNO-01661,Jurkat,168.55,48,100.0,90.05,83.91,5.0,121.67,23.54,0 - 10.59
EXP-ZNO-01662,A549,4.92,48,10.03,10.05,6.23,90.85,10.83,29.81,0 - 13.42
EXP-ZNO-01663,HEK293,137.4,12,45.98,45.63,45.45,22.84,52.22,76.47,0 - 34.41
EXP-ZNO-01664,A549,184.15,48,100.0,81.21,80.2,5.0,110.05,29.81,0 - 13.42
EXP-ZNO-01665,CHO,27.87,48,26.26,28.64,20.75,64.59,27.33,43.15,0 - 19.42
EXP-ZNO-01666,HEK293,188.59,48,63.24,60.37,50.76,11.29,62.62,47.08,0 - 21.18
EXP-ZNO-01667,HeLa,134.12,72,84.28,77.29,64.41,5.0,85.61,30.64,0 - 13.79
EXP-ZNO-01668,Caco-2,53.5,48,53.4,43.9,38.47,37.46,51.59,39.23,0 - 17.65
EXP-ZNO-01669,HepG2,100.76,72,74.94,65.71,63.72,18.63,78.84,28.59,0 - 12.87
EXP-ZNO-01670,A549,191.74,6,85.52,74.32,71.81,17.51,96.32,61.73,0 - 27.78
EXP-ZNO-01671,NIH-3T3,84.04,12,42.02,28.03,31.55,49.15,34.21,82.85,0 - 37.28
EXP-ZNO-01672,NIH-3T3,162.41,24,60.73,42.66,50.09,15.22,54.76,65.0,0 - 29.25
EXP-ZNO-01673,A549,121.66,48,98.3,88.29,78.19,5.2,110.44,29.81,0 - 13.42
EXP-ZNO-01674,Caco-2,42.09,6,24.01,15.68,9.56,81.19,17.09,81.23,0 - 36.55
EXP-ZNO-01675,Caco-2,106.91,72,70.44,64.4,61.15,11.21,73.45,34.04,0 - 15.32
EXP-ZNO-01676,CHO,116.89,6,33.92,34.99,27.79,49.28,37.4,89.35,0 - 40.21
EXP-ZNO-01677,NIH-3T3,113.43,24,46.46,43.37,38.94,29.87,45.36,65.0,0 - 29.25
EXP-ZNO-01678,Caco-2,51.7,24,41.16,37.81,37.69,49.55,42.54,50.0,0 - 22.5
EXP-ZNO-01679,HEK293,53.43,24,34.2,28.39,22.84,56.84,30.69,60.0,0 - 27.0
EXP-ZNO-01680,HeLa,154.74,12,64.67,53.7,56.93,17.75,70.65,57.36,0 - 25.81
EXP-ZNO-01681,Jurkat,189.53,72,100.0,84.49,85.74,5.0,120.94,20.42,0 - 9.19
EXP-ZNO-01682,MCF-7,138.86,24,99.89,94.7,80.45,6.69,116.13,35.0,0 - 15.75
EXP-ZNO-01683,Caco-2,155.28,48,77.07,63.55,61.06,6.58,76.77,39.23,0 - 17.65
EXP-ZNO-01684,HeLa,73.05,24,61.36,55.14,51.66,29.41,63.59,45.0,0 - 20.25
EXP-ZNO-01685,HeLa,97.75,12,58.73,54.73,47.77,27.05,63.6,57.36,0 - 25.81
EXP-ZNO-01686,PC12,36.47,48,58.74,48.1,48.45,43.92,62.41,31.38,0 - 14.12
EXP-ZNO-01687,HEK293,111.16,12,56.95,47.88,38.5,31.99,49.6,76.47,0 - 34.41
EXP-ZNO-01688,PC12,118.77,72,92.52,88.63,78.47,5.0,104.73,27.23,0 - 12.25
EXP-ZNO-01689,HepG2,198.69,24,79.29,74.23,63.93,8.61,86.39,42.0,0 - 18.9
EXP-ZNO-01690,Caco-2,111.85,48,69.89,51.7,53.59,12.98,69.62,39.23,0 - 17.65
EXP-ZNO-01691,MCF-7,165.52,72,100.0,86.92,81.63,5.0,115.98,23.83,0 - 10.72
EXP-ZNO-01692,HEK293,122.1,12,47.35,42.99,48.27,29.86,49.49,76.47,0 - 34.41
EXP-ZNO-01693,Caco-2,68.81,6,37.66,28.44,26.49,57.28,35.27,81.23,0 - 36.55
EXP-ZNO-01694,CHO,142.17,6,50.23,46.67,39.05,30.96,51.68,89.35,0 - 40.21
EXP-ZNO-01695,HeLa,120.29,6,66.13,44.92,49.05,28.2,63.22,73.1,0 - 32.9
EXP-ZNO-01696,MCF-7,32.21,24,47.02,37.17,40.61,57.24,53.06,35.0,0 - 15.75
EXP-ZNO-01697,Caco-2,143.01,12,60.79,56.71,53.01,20.63,64.89,63.73,0 - 28.68
EXP-ZNO-01698,Jurkat,134.87,6,83.35,84.02,73.21,14.77,107.73,48.74,0 - 21.93
EXP-ZNO-01699,NIH-3T3,57.14,48,43.44,32.7,38.36,42.93,38.31,51.0,0 - 22.95
EXP-ZNO-01700,HEK293,87.1,12,34.68,40.07,31.83,44.31,38.73,76.47,0 - 34.41
EXP-ZNO-01701,NIH-3T3,27.23,24,11.89,7.9,13.03,82.76,11.31,65.0,0 - 29.25
EXP-ZNO-01702,HEK293,81.6,12,35.26,36.03,28.61,45.96,37.2,76.47,0 - 34.41
EXP-ZNO-01703,NIH-3T3,93.01,48,56.02,38.71,41.28,24.53,48.75,51.0,0 - 22.95
EXP-ZNO-01704,A549,157.06,12,89.49,74.8,71.72,14.18,99.34,48.43,0 - 21.79
EXP-ZNO-01705,Jurkat,190.57,12,100.0,84.02,87.04,7.49,119.49,38.24,0 - 17.21
EXP-ZNO-01706,MCF-7,156.71,12,86.05,82.65,76.1,17.02,103.14,44.61,0 - 20.07
EXP-ZNO-01707,HEK293,167.73,48,65.8,57.49,46.36,13.45,61.21,47.08,0 - 21.18
EXP-ZNO-01708,HepG2,150.59,24,67.6,73.96,60.15,13.79,80.58,42.0,0 - 18.9
EXP-ZNO-01709,Caco-2,192.77,6,68.79,55.68,53.11,23.09,65.1,81.23,0 - 36.55
EXP-ZNO-01710,Caco-2,199.58,6,61.08,59.3,55.16,22.06,64.94,81.23,0 - 36.55
EXP-ZNO-01711,HEK293,180.13,48,62.42,60.14,61.16,5.0,66.45,47.08,0 - 21.18
EXP-ZNO-01712,NIH-3T3,120.92,48,56.62,50.85,42.62,19.68,52.4,51.0,0 - 22.95
EXP-ZNO-01713,Jurkat,156.66,48,100.0,94.17,83.33,6.12,121.63,23.54,0 - 10.59
EXP-ZNO-01714,HeLa,117.46,72,82.98,65.73,56.9,11.3,79.34,30.64,0 - 13.79
EXP-ZNO-01715,Caco-2,79.04,12,51.24,33.78,39.89,42.67,47.47,63.73,0 - 28.68
EXP-ZNO-01716,HeLa,97.98,12,56.7,53.93,44.14,34.37,58.87,57.36,0 - 25.81
EXP-ZNO-01717,HeLa,185.44,48,79.0,74.13,66.95,6.35,83.79,35.31,0 - 15.89
EXP-ZNO-01718,NIH-3T3,79.81,6,24.99,24.96,17.97,62.46,24.17,105.59,0 - 47.52
EXP-ZNO-01719,HeLa,184.53,48,81.07,61.56,56.01,11.44,78.13,35.31,0 - 15.89
EXP-ZNO-01720,CHO,110.82,12,51.44,52.78,43.48,28.73,54.33,70.1,0 - 31.55
EXP-ZNO-01721,A549,124.75,24,93.3,76.2,71.12,11.84,101.81,38.0,0 - 17.1
EXP-ZNO-01722,HepG2,10.46,6,7.1,5.1,3.44,92.24,6.91,68.23,0 - 30.7
EXP-ZNO-01723,HEK293,26.51,6,4.43,14.39,7.29,88.88,8.24,97.47,0 - 43.86
EXP-ZNO-01724,CHO,172.96,48,59.72,58.18,55.01,14.11,64.68,43.15,0 - 19.42
EXP-ZNO-01725,Jurkat,89.34,72,100.0,100.0,85.19,5.0,123.86,20.42,0 - 9.19
EXP-ZNO-01726,A549,2.74,12,0.0,0.0,0.0,100.0,0.0,48.43,0 - 21.79
EXP-ZNO-01727,PC12,109.82,72,84.73,76.62,75.84,7.48,98.99,27.23,0 - 12.25
EXP-ZNO-01728,Caco-2,122.39,12,63.98,57.34,58.71,21.34,66.06,63.73,0 - 28.68
EXP-ZNO-01729,HeLa,176.51,12,74.98,73.83,61.55,11.16,79.72,57.36,0 - 25.81
EXP-ZNO-01730,Caco-2,38.55,6,10.78,16.86,17.95,76.72,18.07,81.23,0 - 36.55
EXP-ZNO-01731,Jurkat,150.45,6,82.09,71.26,66.09,23.51,97.85,48.74,0 - 21.93
EXP-ZNO-01732,HeLa,15.08,6,2.19,6.1,0.0,98.45,2.13,73.1,0 - 32.9
EXP-ZNO-01733,HeLa,37.63,24,39.31,35.49,28.77,55.21,39.9,45.0,0 - 20.25
EXP-ZNO-01734,CHO,75.18,12,31.16,33.7,27.0,55.28,33.93,70.1,0 - 31.55
EXP-ZNO-01735,A549,26.52,6,22.59,24.73,14.21,83.98,22.04,61.73,0 - 27.78
EXP-ZNO-01736,Jurkat,19.1,48,43.84,42.86,33.09,59.36,52.62,23.54,0 - 10.59
EXP-ZNO-01737,HepG2,83.45,12,63.29,55.79,52.76,32.94,65.59,53.53,0 - 24.09
EXP-ZNO-01738,MCF-7,98.48,12,86.86,77.08,70.96,17.1,101.28,44.61,0 - 20.07
EXP-ZNO-01739,HeLa,147.98,48,74.31,58.96,58.46,12.33,76.31,35.31,0 - 15.89
EXP-ZNO-01740,A549,190.89,6,88.53,81.79,67.86,16.75,98.13,61.73,0 - 27.78
EXP-ZNO-01741,CHO,20.45,6,0.88,6.68,5.66,90.09,6.28,89.35,0 - 40.21
EXP-ZNO-01742,PC12,172.13,6,83.77,69.86,67.54,15.79,91.39,64.98,0 - 29.24
EXP-ZNO-01743,PC12,131.53,48,85.22,79.1,70.66,9.61,97.41,31.38,0 - 14.12
EXP-ZNO-01744,HeLa,149.51,12,66.52,62.9,59.73,16.54,73.43,57.36,0 - 25.81
EXP-ZNO-01745,MCF-7,137.33,12,91.82,76.79,67.71,19.74,100.21,44.61,0 - 20.07
EXP-ZNO-01746,HepG2,62.12,12,45.23,42.53,35.14,51.19,47.36,53.53,0 - 24.09
EXP-ZNO-01747,MCF-7,146.35,24,97.33,83.49,73.44,11.97,108.78,35.0,0 - 15.75
EXP-ZNO-01748,NIH-3T3,135.76,24,49.07,40.45,41.07,27.42,46.67,65.0,0 - 29.25
EXP-ZNO-01749,PC12,150.63,6,75.65,69.83,64.77,21.36,85.84,64.98,0 - 29.24
EXP-ZNO-01750,A549,29.09,72,61.65,48.47,50.79,42.57,67.12,25.87,0 - 11.64
EXP-ZNO-01751,NIH-3T3,161.53,48,66.62,50.55,51.13,6.43,60.29,51.0,0 - 22.95
EXP-ZNO-01752,HEK293,103.65,48,53.82,53.6,47.46,19.92,56.07,47.08,0 - 21.18
EXP-ZNO-01753,HEK293,80.87,24,35.17,31.48,33.7,45.37,37.51,60.0,0 - 27.0
EXP-ZNO-01754,HepG2,186.04,72,82.46,75.43,75.23,5.68,90.56,28.59,0 - 12.87
EXP-ZNO-01755,HepG2,57.41,12,50.64,46.79,33.13,47.14,50.97,53.53,0 - 24.09
EXP-ZNO-01756,MCF-7,187.77,6,89.58,78.94,71.06,15.44,103.37,56.86,0 - 25.59
EXP-ZNO-01757,CHO,46.93,72,38.88,33.06,35.15,49.64,38.87,37.44,0 - 16.85
EXP-ZNO-01758,A549,176.21,6,84.41,77.25,66.66,17.72,95.53,61.73,0 - 27.78
EXP-ZNO-01759,A549,151.94,48,91.57,82.87,77.48,5.0,107.84,29.81,0 - 13.42
EXP-ZNO-01760,PC12,141.13,48,94.4,78.47,71.89,9.87,99.47,31.38,0 - 14.12
EXP-ZNO-01761,A549,44.68,12,56.82,48.54,44.66,50.35,60.2,48.43,0 - 21.79
EXP-ZNO-01762,Caco-2,58.87,6,32.67,27.69,25.81,59.96,32.85,81.23,0 - 36.55
EXP-ZNO-01763,NIH-3T3,91.06,72,51.1,48.36,42.23,23.36,49.7,44.25,0 - 19.91
EXP-ZNO-01764,Caco-2,20.24,72,31.43,30.47,19.56,65.18,29.64,34.04,0 - 15.32
EXP-ZNO-01765,Jurkat,67.22,24,87.02,82.41,73.96,20.54,104.77,30.0,0 - 13.5
EXP-ZNO-01766,A549,174.14,24,99.82,89.52,84.14,5.31,112.03,38.0,0 - 17.1
EXP-ZNO-01767,Jurkat,87.27,24,94.23,80.68,74.61,15.22,109.89,30.0,0 - 13.5
EXP-ZNO-01768,HepG2,76.7,12,61.27,50.54,45.38,33.38,62.95,53.53,0 - 24.09
EXP-ZNO-01769,CHO,115.14,48,66.19,50.29,52.04,16.27,63.41,43.15,0 - 19.42
EXP-ZNO-01770,HEK293,99.88,12,37.25,37.68,36.73,42.43,40.29,76.47,0 - 34.41
EXP-ZNO-01771,HeLa,96.91,72,70.88,72.07,71.35,8.88,81.25,30.64,0 - 13.79
EXP-ZNO-01772,HeLa,82.27,12,51.74,52.47,46.9,32.21,59.15,57.36,0 - 25.81
EXP-ZNO-01773,A549,88.08,12,72.06,67.72,60.75,28.89,83.08,48.43,0 - 21.79
EXP-ZNO-01774,CHO,33.99,12,24.26,23.27,17.72,68.45,24.1,70.1,0 - 31.55
EXP-ZNO-01775,HeLa,137.68,72,85.44,71.25,61.72,5.0,84.53,30.64,0 - 13.79
EXP-ZNO-01776,CHO,136.21,12,56.26,48.77,45.4,23.76,57.15,70.1,0 - 31.55
EXP-ZNO-01777,MCF-7,39.57,48,72.38,63.53,52.5,34.74,80.64,27.46,0 - 12.36
EXP-ZNO-01778,Caco-2,124.02,72,72.33,61.07,54.27,10.96,72.47,34.04,0 - 15.32
EXP-ZNO-01779,NIH-3T3,31.34,72,21.56,20.02,21.26,65.97,22.02,44.25,0 - 19.91
EXP-ZNO-01780,A549,81.56,6,60.87,52.98,49.07,39.05,69.55,61.73,0 - 27.78
EXP-ZNO-01781,A549,87.49,48,91.74,80.22,72.27,8.38,104.44,29.81,0 - 13.42
EXP-ZNO-01782,HepG2,184.25,48,81.96,75.6,71.12,5.0,90.2,32.95,0 - 14.83
EXP-ZNO-01783,MCF-7,38.44,12,49.41,49.36,45.8,50.61,61.06,44.61,0 - 20.07
EXP-ZNO-01784,HepG2,117.05,12,67.16,62.23,55.1,24.32,72.32,53.53,0 - 24.09
EXP-ZNO-01785,CHO,167.08,72,73.96,63.51,58.95,7.81,71.33,37.44,0 - 16.85
EXP-ZNO-01786,HepG2,148.97,72,79.76,69.43,63.12,13.72,82.92,28.59,0 - 12.87
EXP-ZNO-01787,PC12,2.01,12,1.6,0.85,0.0,100.0,0.51,50.98,0 - 22.94
EXP-ZNO-01788,NIH-3T3,16.68,12,10.59,6.73,8.36,90.62,7.26,82.85,0 - 37.28
EXP-ZNO-01789,Jurkat,58.69,12,76.62,63.61,59.8,32.95,87.57,38.24,0 - 17.21
EXP-ZNO-01790,HepG2,139.43,12,70.18,65.41,65.14,17.04,78.85,53.53,0 - 24.09
EXP-ZNO-01791,HepG2,51.07,24,49.84,41.37,44.25,46.01,52.3,42.0,0 - 18.9
EXP-ZNO-01792,HeLa,76.68,12,55.85,41.67,41.03,40.33,53.41,57.36,0 - 25.81
EXP-ZNO-01793,Jurkat,7.58,72,18.63,14.89,13.86,85.5,19.88,20.42,0 - 9.19
EXP-ZNO-01794,HEK293,151.64,12,48.58,43.42,39.89,35.37,46.35,76.47,0 - 34.41
EXP-ZNO-01795,A549,71.12,72,85.15,75.38,69.11,15.99,96.85,25.87,0 - 11.64
EXP-ZNO-01796,HepG2,13.1,48,8.15,12.52,12.45,83.6,14.25,32.95,0 - 14.83
EXP-ZNO-01797,CHO,155.8,6,53.08,46.9,47.17,26.34,55.4,89.35,0 - 40.21
EXP-ZNO-01798,HepG2,122.67,72,86.98,77.15,64.96,7.4,89.26,28.59,0 - 12.87
EXP-ZNO-01799,Jurkat,57.91,72,100.0,93.12,81.08,11.49,117.5,20.42,0 - 9.19
EXP-ZNO-01800,HeLa,132.91,72,71.66,66.6,62.49,14.6,76.4,30.64,0 - 13.79
EXP-ZNO-01801,A549,112.32,48,84.82,74.27,78.73,8.6,102.74,29.81,0 - 13.42
EXP-ZNO-01802,HeLa,47.2,6,30.67,21.57,18.16,68.34,27.92,73.1,0 - 32.9
EXP-ZNO-01803,CHO,110.84,48,62.5,55.41,49.16,15.71,63.3,43.15,0 - 19.42
EXP-ZNO-01804,PC12,95.64,24,69.8,60.15,59.95,24.74,80.05,40.0,0 - 18.0
EXP-ZNO-01805,A549,2.92,12,0.0,0.0,1.23,99.25,0.67,48.43,0 - 21.79
EXP-ZNO-01806,A549,13.9,72,27.01,34.01,27.14,71.05,34.86,25.87,0 - 11.64
EXP-ZNO-01807,PC12,164.35,12,85.13,69.19,60.16,18.33,88.85,50.98,0 - 22.94
EXP-ZNO-01808,CHO,43.91,6,22.14,17.78,15.46,77.5,18.6,89.35,0 - 40.21
EXP-ZNO-01809,PC12,31.91,6,30.27,22.33,25.3,70.76,31.99,64.98,0 - 29.24
EXP-ZNO-01810,Jurkat,112.1,12,87.37,76.51,69.29,22.1,101.78,38.24,0 - 17.21
EXP-ZNO-01811,Caco-2,45.64,12,32.83,28.06,26.39,60.29,32.86,63.73,0 - 28.68
EXP-ZNO-01812,CHO,8.37,48,10.04,10.17,7.43,88.24,9.48,43.15,0 - 19.42
EXP-ZNO-01813,NIH-3T3,123.68,72,46.77,45.14,46.95,20.02,50.53,44.25,0 - 19.91
EXP-ZNO-01814,MCF-7,144.04,48,91.55,80.94,79.09,10.07,109.1,27.46,0 - 12.36
EXP-ZNO-01815,PC12,90.74,48,70.34,70.61,63.76,21.54,84.47,31.38,0 - 14.12
EXP-ZNO-01816,HepG2,34.39,48,50.73,35.98,43.38,46.98,50.99,32.95,0 - 14.83
EXP-ZNO-01817,NIH-3T3,146.63,12,57.06,43.5,46.38,22.72,50.83,82.85,0 - 37.28
EXP-ZNO-01818,HEK293,120.86,6,41.11,38.14,38.2,36.32,43.79,97.47,0 - 43.86
EXP-ZNO-01819,NIH-3T3,165.15,12,56.14,50.96,45.72,16.61,53.94,82.85,0 - 37.28
EXP-ZNO-01820,NIH-3T3,176.85,24,55.57,46.61,44.14,23.87,50.23,65.0,0 - 29.25
EXP-ZNO-01821,Caco-2,117.48,72,68.33,64.32,60.41,11.77,72.67,34.04,0 - 15.32
EXP-ZNO-01822,HeLa,47.63,48,56.77,43.52,49.15,37.45,56.53,35.31,0 - 15.89
EXP-ZNO-01823,MCF-7,77.48,72,93.43,90.72,81.19,5.92,114.39,23.83,0 - 10.72
EXP-ZNO-01824,NIH-3T3,125.92,6,37.61,25.54,33.25,41.11,36.63,105.59,0 - 47.52
EXP-ZNO-01825,A549,48.86,6,40.91,35.81,30.78,60.85,45.29,61.73,0 - 27.78
EXP-ZNO-01826,HEK293,187.52,72,59.88,57.52,53.38,10.86,62.2,40.85,0 - 18.38
EXP-ZNO-01827,Jurkat,69.26,48,100.0,93.94,82.61,6.65,121.1,23.54,0 - 10.59
EXP-ZNO-01828,HeLa,150.09,12,63.21,62.39,55.04,21.45,69.53,57.36,0 - 25.81
EXP-ZNO-01829,CHO,183.25,48,69.19,60.41,60.62,9.96,69.31,43.15,0 - 19.42
EXP-ZNO-01830,MCF-7,131.08,72,93.79,88.77,80.58,5.77,114.09,23.83,0 - 10.72
EXP-ZNO-01831,CHO,82.96,24,48.1,42.68,49.44,34.72,50.47,55.0,0 - 24.75
EXP-ZNO-01832,MCF-7,120.17,12,88.88,67.42,64.89,27.05,92.62,44.61,0 - 20.07
EXP-ZNO-01833,HEK293,69.36,24,43.25,35.07,28.09,38.37,41.6,60.0,0 - 27.0
EXP-ZNO-01834,NIH-3T3,82.41,48,38.02,39.22,32.96,38.99,39.15,51.0,0 - 22.95
EXP-ZNO-01835,A549,40.25,72,74.28,56.91,60.33,31.62,79.96,25.87,0 - 11.64
EXP-ZNO-01836,HeLa,80.79,12,55.88,44.9,48.56,36.1,57.15,57.36,0 - 25.81
EXP-ZNO-01837,HepG2,49.4,6,22.91,27.4,19.01,69.23,28.27,68.23,0 - 30.7
EXP-ZNO-01838,Jurkat,156.72,6,100.0,91.82,89.97,9.04,120.57,48.74,0 - 21.93
EXP-ZNO-01839,PC12,145.24,12,86.37,72.41,65.16,16.05,91.87,50.98,0 - 22.94
EXP-ZNO-01840,HepG2,181.38,48,78.6,67.54,68.14,10.61,84.81,32.95,0 - 14.83
EXP-ZNO-01841,A549,9.12,24,4.8,10.35,7.19,91.32,9.52,38.0,0 - 17.1
EXP-ZNO-01842,A549,80.36,48,82.05,73.84,71.52,18.98,94.47,29.81,0 - 13.42
EXP-ZNO-01843,A549,97.18,24,77.01,75.04,64.52,20.78,91.14,38.0,0 - 17.1
EXP-ZNO-01844,HEK293,15.39,24,6.01,7.42,0.0,92.41,5.19,60.0,0 - 27.0
EXP-ZNO-01845,PC12,130.27,72,77.6,76.13,75.71,11.21,95.09,27.23,0 - 12.25
EXP-ZNO-01846,NIH-3T3,48.19,72,26.38,25.33,25.63,50.93,29.96,44.25,0 - 19.91
EXP-ZNO-01847,Caco-2,176.01,48,81.05,67.59,59.74,5.0,78.67,39.23,0 - 17.65
EXP-ZNO-01848,CHO,22.75,6,0.88,3.38,6.32,95.85,3.34,89.35,0 - 40.21
EXP-ZNO-01849,HepG2,110.86,48,79.48,73.32,57.4,12.18,83.38,32.95,0 - 14.83
EXP-ZNO-01850,HepG2,90.4,72,81.3,66.99,68.25,15.99,82.48,28.59,0 - 12.87
EXP-ZNO-01851,PC12,105.72,6,76.41,66.43,60.18,23.96,83.14,64.98,0 - 29.24
EXP-ZNO-01852,CHO,1.01,6,3.99,5.02,1.04,95.05,3.76,89.35,0 - 40.21
EXP-ZNO-01853,CHO,79.42,24,54.12,40.64,41.3,34.88,50.11,55.0,0 - 24.75
EXP-ZNO-01854,HepG2,45.01,12,42.63,28.24,30.5,53.2,42.77,53.53,0 - 24.09
EXP-ZNO-01855,Caco-2,128.12,6,42.49,48.11,39.38,39.58,49.24,81.23,0 - 36.55
EXP-ZNO-01856,Caco-2,83.3,24,49.26,45.78,43.01,32.85,53.91,50.0,0 - 22.5
EXP-ZNO-01857,PC12,83.06,6,50.54,46.65,50.77,43.46,60.94,64.98,0 - 29.24
EXP-ZNO-01858,HEK293,116.44,6,47.44,37.21,37.63,41.42,42.5,97.47,0 - 43.86
EXP-ZNO-01859,HepG2,98.61,6,50.05,45.05,42.75,40.81,55.41,68.23,0 - 30.7
EXP-ZNO-01860,A549,79.43,72,87.52,76.25,70.05,14.43,98.68,25.87,0 - 11.64
EXP-ZNO-01861,Jurkat,169.14,48,100.0,91.32,86.27,5.0,122.38,23.54,0 - 10.59
EXP-ZNO-01862,NIH-3T3,123.45,12,39.34,41.58,26.89,36.75,39.81,82.85,0 - 37.28
EXP-ZNO-01863,A549,167.17,12,99.18,80.82,77.86,11.95,105.2,48.43,0 - 21.79
EXP-ZNO-01864,HepG2,117.68,48,81.72,73.73,58.97,14.76,82.81,32.95,0 - 14.83
EXP-ZNO-01865,MCF-7,34.64,12,36.89,30.56,34.74,64.56,43.62,44.61,0 - 20.07
EXP-ZNO-01866,HeLa,115.59,12,63.31,53.75,52.02,23.26,66.9,57.36,0 - 25.81
EXP-ZNO-01867,HepG2,12.11,6,0.0,0.91,8.11,95.89,3.58,68.23,0 - 30.7
EXP-ZNO-01868,HeLa,15.71,24,30.41,15.28,20.54,75.71,23.6,45.0,0 - 20.25
EXP-ZNO-01869,MCF-7,65.12,48,79.42,66.81,69.94,22.97,93.64,27.46,0 - 12.36
EXP-ZNO-01870,HEK293,46.91,12,21.23,19.77,15.24,71.75,20.08,76.47,0 - 34.41
EXP-ZNO-01871,Jurkat,157.98,48,100.0,93.0,85.6,5.94,121.97,23.54,0 - 10.59
EXP-ZNO-01872,PC12,86.13,12,75.25,62.86,58.76,27.99,79.69,50.98,0 - 22.94
EXP-ZNO-01873,HepG2,74.86,24,56.69,49.48,47.68,34.43,61.63,42.0,0 - 18.9
EXP-ZNO-01874,HepG2,105.9,72,86.44,68.45,69.63,5.95,89.28,28.59,0 - 12.87
EXP-ZNO-01875,HeLa,113.09,72,66.35,69.4,63.88,11.76,77.38,30.64,0 - 13.79
EXP-ZNO-01876,HEK293,80.36,48,43.7,40.24,35.78,34.31,45.04,47.08,0 - 21.18
EXP-ZNO-01877,HepG2,122.81,72,76.54,69.26,65.37,10.17,84.44,28.59,0 - 12.87
EXP-ZNO-01878,MCF-7,101.58,6,78.83,68.52,71.0,26.32,91.92,56.86,0 - 25.59
EXP-ZNO-01879,Jurkat,166.64,72,100.0,92.89,90.28,5.0,123.47,20.42,0 - 9.19
EXP-ZNO-01880,NIH-3T3,117.19,48,50.9,45.66,45.99,20.88,50.79,51.0,0 - 22.95
EXP-ZNO-01881,NIH-3T3,41.2,48,31.37,24.45,31.9,54.8,29.86,51.0,0 - 22.95
EXP-ZNO-01882,HEK293,167.78,24,65.54,62.4,55.41,11.5,63.78,60.0,0 - 27.0
EXP-ZNO-01883,Jurkat,148.29,12,100.0,88.97,85.36,8.35,119.57,38.24,0 - 17.21
EXP-ZNO-01884,HeLa,91.14,6,49.39,44.99,38.41,44.33,50.22,73.1,0 - 32.9
EXP-ZNO-01885,A549,141.88,6,83.78,69.71,65.79,21.48,91.61,61.73,0 - 27.78
EXP-ZNO-01886,HeLa,143.54,24,71.36,64.52,59.88,13.29,76.29,45.0,0 - 20.25
EXP-ZNO-01887,MCF-7,187.27,24,100.0,82.26,81.46,8.34,112.98,35.0,0 - 15.75
EXP-ZNO-01888,HeLa,55.01,24,42.28,45.76,37.3,44.17,48.83,45.0,0 - 20.25
EXP-ZNO-01889,PC12,140.97,6,76.32,64.68,59.7,24.27,82.55,64.98,0 - 29.24
EXP-ZNO-01890,CHO,90.09,24,45.45,43.6,41.97,34.91,49.02,55.0,0 - 24.75
EXP-ZNO-01891,NIH-3T3,190.58,72,50.36,52.36,52.05,8.64,57.13,44.25,0 - 19.91
EXP-ZNO-01892,HepG2,132.49,24,72.3,64.49,66.84,15.72,80.11,42.0,0 - 18.9
EXP-ZNO-01893,CHO,195.82,24,64.04,58.36,58.94,11.12,67.36,55.0,0 - 24.75
EXP-ZNO-01894,Caco-2,75.32,12,46.61,50.28,37.38,39.78,49.95,63.73,0 - 28.68
EXP-ZNO-01895,NIH-3T3,88.93,48,47.21,44.53,37.95,32.81,44.33,51.0,0 - 22.95
EXP-ZNO-01896,PC12,128.91,48,92.44,82.71,75.97,5.0,103.26,31.38,0 - 14.12
EXP-ZNO-01897,NIH-3T3,153.35,48,58.33,52.86,41.56,17.32,53.74,51.0,0 - 22.95
EXP-ZNO-01898,A549,59.31,24,70.34,54.3,56.96,34.8,76.03,38.0,0 - 17.1
EXP-ZNO-01899,Caco-2,64.11,24,45.26,39.66,42.25,41.76,47.94,50.0,0 - 22.5
EXP-ZNO-01900,MCF-7,35.11,12,35.67,37.71,32.5,61.68,46.03,44.61,0 - 20.07
EXP-ZNO-01901,HEK293,6.96,12,0.0,0.0,5.2,98.56,1.27,76.47,0 - 34.41
EXP-ZNO-01902,HepG2,90.14,6,58.62,56.03,52.75,29.58,66.41,68.23,0 - 30.7
EXP-ZNO-01903,Jurkat,19.79,24,41.72,35.53,33.48,67.55,45.4,30.0,0 - 13.5
EXP-ZNO-01904,Caco-2,77.74,48,58.87,47.36,42.91,30.77,56.93,39.23,0 - 17.65
EXP-ZNO-01905,HeLa,170.83,12,70.89,54.76,51.87,17.49,71.43,57.36,0 - 25.81
EXP-ZNO-01906,HeLa,108.82,12,61.03,48.07,53.64,29.89,62.52,57.36,0 - 25.81
EXP-ZNO-01907,HepG2,152.13,24,79.92,70.08,65.58,6.66,87.15,42.0,0 - 18.9
EXP-ZNO-01908,Jurkat,102.9,48,98.62,90.56,84.94,7.67,119.88,23.54,0 - 10.59
EXP-ZNO-01909,CHO,134.9,48,65.03,55.56,53.59,17.99,63.35,43.15,0 - 19.42
EXP-ZNO-01910,MCF-7,111.1,24,100.0,81.66,82.33,7.28,113.7,35.0,0 - 15.75
EXP-ZNO-01911,NIH-3T3,75.11,48,52.48,36.68,40.59,35.23,43.58,51.0,0 - 22.95
EXP-ZNO-01912,Jurkat,51.67,48,84.79,75.62,67.92,23.4,99.83,23.54,0 - 10.59
EXP-ZNO-01913,A549,106.6,6,66.71,66.65,52.06,34.59,76.62,61.73,0 - 27.78
EXP-ZNO-01914,Jurkat,126.73,72,100.0,95.53,89.23,5.0,123.78,20.42,0 - 9.19
EXP-ZNO-01915,A549,146.24,48,88.58,88.65,77.3,8.96,105.75,29.81,0 - 13.42
EXP-ZNO-01916,HEK293,17.15,72,5.19,7.79,8.04,82.83,10.2,40.85,0 - 18.38
EXP-ZNO-01917,HepG2,160.18,48,83.05,71.75,73.66,5.0,90.22,32.95,0 - 14.83
EXP-ZNO-01918,NIH-3T3,41.86,6,14.18,10.96,9.94,81.23,12.28,105.59,0 - 47.52
EXP-ZNO-01919,NIH-3T3,166.09,72,60.04,51.88,45.61,9.08,57.67,44.25,0 - 19.91
EXP-ZNO-01920,A549,143.11,12,90.05,82.67,74.7,9.27,104.38,48.43,0 - 21.79
EXP-ZNO-01921,Caco-2,109.95,6,46.02,40.67,36.31,43.07,46.76,81.23,0 - 36.55
EXP-ZNO-01922,HeLa,1.34,24,9.03,5.88,0.0,97.19,4.09,45.0,0 - 20.25
EXP-ZNO-01923,HepG2,39.81,12,29.22,27.03,24.61,62.93,33.73,53.53,0 - 24.09
EXP-ZNO-01924,CHO,11.01,72,10.02,11.72,8.86,81.42,12.94,37.44,0 - 16.85
EXP-ZNO-01925,PC12,20.04,48,24.44,29.3,19.64,72.59,29.82,31.38,0 - 14.12
EXP-ZNO-01926,Caco-2,103.14,6,42.17,39.8,37.51,46.67,44.36,81.23,0 - 36.55
EXP-ZNO-01927,HeLa,3.82,48,0.0,0.0,0.0,99.14,0.43,35.31,0 - 15.89
EXP-ZNO-01928,HepG2,34.48,12,33.5,29.6,28.87,62.98,35.68,53.53,0 - 24.09
EXP-ZNO-01929,MCF-7,79.88,72,90.2,82.5,77.16,13.03,106.84,23.83,0 - 10.72
EXP-ZNO-01930,MCF-7,105.43,12,84.04,74.26,66.83,19.13,98.01,44.61,0 - 20.07
EXP-ZNO-01931,A549,51.28,12,45.31,42.45,35.55,54.45,52.24,48.43,0 - 21.79
EXP-ZNO-01932,Caco-2,146.68,12,62.86,52.96,58.44,18.99,66.3,63.73,0 - 28.68
EXP-ZNO-01933,HeLa,100.07,48,71.99,65.71,56.98,17.79,73.91,35.31,0 - 15.89
EXP-ZNO-01934,CHO,168.67,24,74.41,60.59,55.27,9.09,69.94,55.0,0 - 24.75
EXP-ZNO-01935,Caco-2,143.15,72,67.05,58.42,55.98,15.4,69.23,34.04,0 - 15.32
EXP-ZNO-01936,HEK293,99.45,24,53.83,40.42,41.86,28.85,49.88,60.0,0 - 27.0
EXP-ZNO-01937,HEK293,175.07,72,61.61,61.25,49.96,12.46,61.86,40.85,0 - 18.38
EXP-ZNO-01938,PC12,12.4,72,17.83,23.7,21.02,79.65,23.52,27.23,0 - 12.25
EXP-ZNO-01939,Caco-2,102.13,12,53.25,44.81,36.09,38.25,50.98,63.73,0 - 28.68
EXP-ZNO-01940,NIH-3T3,101.08,12,43.61,36.66,29.3,43.94,37.32,82.85,0 - 37.28
EXP-ZNO-01941,MCF-7,38.48,12,46.65,40.7,38.61,53.42,55.65,44.61,0 - 20.07
EXP-ZNO-01942,A549,4.0,12,5.88,0.0,2.05,100.0,1.78,48.43,0 - 21.79
EXP-ZNO-01943,MCF-7,119.48,48,99.83,98.89,79.84,5.0,117.84,27.46,0 - 12.36
EXP-ZNO-01944,PC12,90.33,72,83.02,82.04,76.6,5.28,100.92,27.23,0 - 12.25
EXP-ZNO-01945,HeLa,113.31,72,77.95,64.83,60.44,10.88,78.94,30.64,0 - 13.79
EXP-ZNO-01946,HeLa,1.92,24,7.73,1.91,6.74,95.14,5.27,45.0,0 - 20.25
EXP-ZNO-01947,HepG2,48.81,12,38.5,28.6,35.31,56.89,40.78,53.53,0 - 24.09
EXP-ZNO-01948,HEK293,95.46,48,58.41,50.89,46.83,23.26,55.0,47.08,0 - 21.18
EXP-ZNO-01949,NIH-3T3,156.84,48,64.88,47.32,51.52,13.48,56.85,51.0,0 - 22.95
EXP-ZNO-01950,MCF-7,155.06,24,100.0,85.57,83.05,5.0,115.99,35.0,0 - 15.75
EXP-ZNO-01951,PC12,105.88,48,83.27,78.02,69.25,10.24,96.17,31.38,0 - 14.12
EXP-ZNO-01952,CHO,70.62,72,56.93,45.77,49.1,27.51,55.68,37.44,0 - 16.85
EXP-ZNO-01953,HepG2,5.75,12,2.38,0.0,7.13,97.17,3.11,53.53,0 - 24.09
EXP-ZNO-01954,A549,138.9,6,77.14,69.08,60.92,23.4,87.87,61.73,0 - 27.78
EXP-ZNO-01955,HepG2,14.98,6,13.27,5.66,8.66,91.15,9.69,68.23,0 - 30.7
EXP-ZNO-01956,Jurkat,13.45,72,40.05,38.53,30.06,62.57,48.12,20.42,0 - 9.19
EXP-ZNO-01957,HEK293,142.45,48,61.96,54.83,53.7,13.31,61.21,47.08,0 - 21.18
EXP-ZNO-01958,Jurkat,4.86,24,1.88,0.0,3.84,97.23,3.04,30.0,0 - 13.5
EXP-ZNO-01959,A549,174.83,6,86.05,70.23,65.9,20.79,92.68,61.73,0 - 27.78
EXP-ZNO-01960,MCF-7,11.35,48,15.19,28.07,16.82,79.17,25.23,27.46,0 - 12.36
EXP-ZNO-01961,A549,48.49,72,76.84,64.67,62.86,25.39,86.16,25.87,0 - 11.64
EXP-ZNO-01962,CHO,20.88,6,6.98,0.28,0.29,94.95,3.61,89.35,0 - 40.21
EXP-ZNO-01963,NIH-3T3,81.68,12,32.65,26.3,27.29,50.21,31.57,82.85,0 - 37.28
EXP-ZNO-01964,HEK293,139.17,12,56.01,47.63,44.5,25.53,52.92,76.47,0 - 34.41
EXP-ZNO-01965,Jurkat,47.41,24,71.05,54.33,59.85,35.0,82.99,30.0,0 - 13.5
EXP-ZNO-01966,Jurkat,103.97,72,100.0,89.77,84.41,7.87,119.85,20.42,0 - 9.19
EXP-ZNO-01967,PC12,158.62,48,83.58,85.81,75.53,5.28,101.52,31.38,0 - 14.12
EXP-ZNO-01968,PC12,50.71,72,71.48,64.93,60.37,25.18,81.08,27.23,0 - 12.25
EXP-ZNO-01969,HeLa,171.98,6,68.39,59.09,51.37,22.53,68.98,73.1,0 - 32.9
EXP-ZNO-01970,PC12,89.93,48,80.13,72.65,68.96,16.04,91.13,31.38,0 - 14.12
EXP-ZNO-01971,PC12,168.72,24,91.18,78.08,73.69,10.71,98.49,40.0,0 - 18.0
EXP-ZNO-01972,PC12,119.19,6,64.36,59.82,55.62,32.17,73.72,64.98,0 - 29.24
EXP-ZNO-01973,A549,141.32,6,86.4,70.27,69.37,18.51,94.77,61.73,0 - 27.78
EXP-ZNO-01974,A549,73.95,24,82.9,67.17,61.9,25.55,87.8,38.0,0 - 17.1
EXP-ZNO-01975,HepG2,190.16,24,82.28,73.63,74.25,7.77,88.99,42.0,0 - 18.9
EXP-ZNO-01976,Caco-2,89.26,48,58.22,50.17,55.18,21.63,63.3,39.23,0 - 17.65
EXP-ZNO-01977,NIH-3T3,90.71,12,30.86,32.05,26.79,47.99,32.8,82.85,0 - 37.28
EXP-ZNO-01978,MCF-7,9.67,48,12.51,12.94,11.75,84.61,17.38,27.46,0 - 12.36
EXP-ZNO-01979,PC12,12.75,6,5.54,3.17,3.17,96.13,4.59,64.98,0 - 29.24
EXP-ZNO-01980,Jurkat,103.13,24,95.96,88.06,81.9,13.33,114.43,30.0,0 - 13.5
EXP-ZNO-01981,HeLa,114.26,48,75.37,63.19,61.51,12.37,77.59,35.31,0 - 15.89
EXP-ZNO-01982,NIH-3T3,24.22,12,10.44,9.55,7.81,85.12,9.71,82.85,0 - 37.28
EXP-ZNO-01983,CHO,25.08,48,22.26,20.55,14.32,71.6,21.49,43.15,0 - 19.42
EXP-ZNO-01984,PC12,31.97,6,21.39,16.05,16.78,77.55,23.49,64.98,0 - 29.24
EXP-ZNO-01985,NIH-3T3,39.16,6,1.67,6.37,12.69,82.62,9.51,105.59,0 - 47.52
EXP-ZNO-01986,CHO,19.47,12,7.35,4.22,6.85,88.24,8.11,70.1,0 - 31.55
EXP-ZNO-01987,Caco-2,33.52,72,41.46,46.37,31.87,46.61,44.39,34.04,0 - 15.32
EXP-ZNO-01988,Jurkat,86.82,72,100.0,86.8,81.92,6.51,119.67,20.42,0 - 9.19
EXP-ZNO-01989,HepG2,5.11,6,0.0,0.0,0.0,100.0,0.0,68.23,0 - 30.7
EXP-ZNO-01990,NIH-3T3,61.23,72,34.66,31.33,31.03,37.79,37.91,44.25,0 - 19.91
EXP-ZNO-01991,Jurkat,33.08,24,62.42,45.23,46.26,47.45,68.23,30.0,0 - 13.5
EXP-ZNO-01992,HepG2,153.77,48,75.41,70.85,64.97,13.79,82.49,32.95,0 - 14.83
EXP-ZNO-01993,A549,37.43,12,42.69,34.49,33.8,58.64,47.35,48.43,0 - 21.79
EXP-ZNO-01994,NIH-3T3,57.32,48,33.1,29.35,27.22,46.36,33.54,51.0,0 - 22.95
EXP-ZNO-01995,Caco-2,194.23,72,77.58,63.22,62.34,5.44,77.55,34.04,0 - 15.32
EXP-ZNO-01996,PC12,188.71,24,89.88,81.75,78.21,5.0,102.89,40.0,0 - 18.0
EXP-ZNO-01997,PC12,57.24,72,80.03,62.95,63.39,20.96,85.65,27.23,0 - 12.25
EXP-ZNO-01998,HEK293,46.36,6,22.52,15.0,21.84,72.53,20.2,97.47,0 - 43.86
EXP-ZNO-01999,A549,143.0,6,86.96,67.44,65.09,20.13,92.65,61.73,0 - 27.78
EXP-ZNO-02000,CHO,94.59,72,63.82,57.37,51.99,14.49,64.73,37.44,0 - 16.85
EXP-ZNO-02001,MCF-7,2.41,72,0.0,0.17,4.55,98.25,1.98,23.83,0 - 10.72
EXP-ZNO-02002,HeLa,93.97,48,62.56,60.7,52.98,19.01,70.06,35.31,0 - 15.89
EXP-ZNO-02003,HepG2,188.37,48,86.72,75.31,74.82,5.88,91.27,32.95,0 - 14.83
EXP-ZNO-02004,PC12,135.11,72,83.17,80.56,76.37,5.0,100.82,27.23,0 - 12.25
EXP-ZNO-02005,A549,156.4,72,93.23,80.58,78.54,6.74,106.97,25.87,0 - 11.64
EXP-ZNO-02006,Caco-2,71.17,6,35.71,27.4,29.99,56.54,35.61,81.23,0 - 36.55
EXP-ZNO-02007,MCF-7,174.49,72,96.08,83.33,81.92,9.0,111.88,23.83,0 - 10.72
EXP-ZNO-02008,HepG2,85.92,6,65.83,52.17,46.89,36.97,62.52,68.23,0 - 30.7
EXP-ZNO-02009,HepG2,42.59,48,58.45,48.32,52.06,37.09,61.11,32.95,0 - 14.83
EXP-ZNO-02010,A549,156.51,6,79.73,71.84,71.59,20.61,92.59,61.73,0 - 27.78
EXP-ZNO-02011,PC12,26.41,12,20.91,27.35,14.82,76.76,25.45,50.98,0 - 22.94
EXP-ZNO-02012,NIH-3T3,115.3,24,50.58,52.92,38.88,20.51,50.9,65.0,0 - 29.25
EXP-ZNO-02013,HeLa,193.05,12,78.63,72.91,58.72,11.68,79.63,57.36,0 - 25.81
EXP-ZNO-02014,HEK293,23.5,48,15.66,16.3,13.31,74.37,17.33,47.08,0 - 21.18
EXP-ZNO-02015,HEK293,52.74,6,18.07,11.23,18.8,70.78,19.32,97.47,0 - 43.86
EXP-ZNO-02016,A549,36.63,6,37.05,27.12,29.19,65.17,39.93,61.73,0 - 27.78
EXP-ZNO-02017,Jurkat,1.37,24,8.11,0.0,5.97,98.13,4.49,30.0,0 - 13.5
EXP-ZNO-02018,MCF-7,139.47,48,90.74,85.32,86.42,10.01,111.13,27.46,0 - 12.36
EXP-ZNO-02019,A549,186.59,6,83.97,76.09,71.84,14.0,98.38,61.73,0 - 27.78
EXP-ZNO-02020,A549,149.28,72,88.95,82.92,74.34,11.73,102.62,25.87,0 - 11.64
EXP-ZNO-02021,HepG2,12.88,24,18.54,15.12,17.56,82.31,18.33,42.0,0 - 18.9
EXP-ZNO-02022,HepG2,142.32,24,70.94,58.43,60.49,21.16,75.02,42.0,0 - 18.9
EXP-ZNO-02023,HEK293,98.73,48,50.36,50.55,44.6,27.17,51.65,47.08,0 - 21.18
EXP-ZNO-02024,HEK293,114.72,72,62.66,57.19,53.81,13.0,61.78,40.85,0 - 18.38
EXP-ZNO-02025,HepG2,85.39,24,77.61,64.95,60.77,19.8,78.2,42.0,0 - 18.9
EXP-ZNO-02026,HEK293,195.69,6,61.42,50.1,45.88,24.36,54.83,97.47,0 - 43.86
EXP-ZNO-02027,CHO,53.43,12,32.56,22.38,29.32,57.38,32.02,70.1,0 - 31.55
EXP-ZNO-02028,HeLa,153.73,48,71.91,64.86,61.34,13.29,76.67,35.31,0 - 15.89
EXP-ZNO-02029,HEK293,106.81,6,46.61,30.86,32.52,43.65,39.95,97.47,0 - 43.86
EXP-ZNO-02030,A549,6.8,12,0.0,3.58,0.0,99.77,0.78,48.43,0 - 21.79
EXP-ZNO-02031,Jurkat,152.77,72,100.0,83.82,81.3,10.62,116.3,20.42,0 - 9.19
EXP-ZNO-02032,MCF-7,99.27,12,84.84,72.03,74.97,14.59,102.15,44.61,0 - 20.07
EXP-ZNO-02033,Caco-2,174.92,6,59.64,56.26,53.41,24.68,62.74,81.23,0 - 36.55
EXP-ZNO-02034,NIH-3T3,11.07,72,1.3,7.86,0.0,93.31,3.83,44.25,0 - 19.91
EXP-ZNO-02035,A549,181.61,72,94.25,91.49,82.28,5.0,110.9,25.87,0 - 11.64
EXP-ZNO-02036,Caco-2,135.41,72,73.42,64.08,61.22,9.59,74.75,34.04,0 - 15.32
EXP-ZNO-02037,A549,138.87,48,98.11,77.18,78.2,9.74,105.67,29.81,0 - 13.42
EXP-ZNO-02038,HepG2,8.08,24,4.9,5.27,8.56,90.39,8.25,42.0,0 - 18.9
EXP-ZNO-02039,Caco-2,73.92,72,60.51,46.58,52.92,27.22,60.25,34.04,0 - 15.32
EXP-ZNO-02040,A549,194.13,48,88.17,75.72,72.75,11.5,100.99,29.81,0 - 13.42
EXP-ZNO-02041,Jurkat,144.43,72,100.0,90.58,86.76,5.0,122.33,20.42,0 - 9.19
EXP-ZNO-02042,Jurkat,65.57,24,87.14,77.44,69.54,21.64,102.25,30.0,0 - 13.5
EXP-ZNO-02043,HeLa,134.43,24,71.93,59.12,62.03,15.12,75.0,45.0,0 - 20.25
EXP-ZNO-02044,Caco-2,46.02,48,39.68,36.54,40.31,44.52,44.84,39.23,0 - 17.65
EXP-ZNO-02045,HEK293,143.49,24,56.09,48.1,42.43,19.9,55.12,60.0,0 - 27.0
EXP-ZNO-02046,Caco-2,19.83,72,14.57,17.83,13.49,75.65,18.8,34.04,0 - 15.32
EXP-ZNO-02047,Jurkat,13.91,48,24.57,20.41,19.4,76.17,29.64,23.54,0 - 10.59
EXP-ZNO-02048,Caco-2,60.67,72,56.16,49.36,51.84,31.66,57.55,34.04,0 - 15.32
EXP-ZNO-02049,PC12,31.5,12,35.09,32.2,23.95,66.92,36.78,50.98,0 - 22.94
EXP-ZNO-02050,A549,9.06,24,9.09,12.86,7.99,90.21,11.81,38.0,0 - 17.1
EXP-ZNO-02051,A549,9.83,48,27.73,19.55,17.29,77.71,26.66,29.81,0 - 13.42
EXP-ZNO-02052,Caco-2,126.17,24,63.18,47.48,52.68,22.85,62.92,50.0,0 - 22.5
EXP-ZNO-02053,PC12,17.51,72,37.44,27.36,23.79,68.71,35.43,27.23,0 - 12.25
EXP-ZNO-02054,NIH-3T3,43.08,12,24.11,22.24,15.06,67.44,21.36,82.85,0 - 37.28
EXP-ZNO-02055,HeLa,177.56,24,80.93,63.02,65.41,9.94,80.48,45.0,0 - 20.25
EXP-ZNO-02056,HepG2,77.99,6,44.94,51.9,43.78,43.96,53.93,68.23,0 - 30.7
EXP-ZNO-02057,CHO,153.64,6,58.5,51.32,47.17,27.69,56.37,89.35,0 - 40.21
EXP-ZNO-02058,Caco-2,92.27,72,69.02,55.27,46.07,21.27,64.95,34.04,0 - 15.32
EXP-ZNO-02059,CHO,99.34,72,64.8,57.66,56.23,19.62,63.21,37.44,0 - 16.85
EXP-ZNO-02060,HEK293,41.8,48,31.77,22.89,23.52,61.33,27.75,47.08,0 - 21.18
EXP-ZNO-02061,Jurkat,107.11,24,100.0,90.74,87.34,6.99,121.18,30.0,0 - 13.5
EXP-ZNO-02062,MCF-7,191.35,6,89.57,85.22,75.98,10.02,108.86,56.86,0 - 25.59
EXP-ZNO-02063,HeLa,137.69,48,65.51,62.92,63.08,18.24,72.88,35.31,0 - 15.89
EXP-ZNO-02064,HEK293,123.8,24,54.8,50.37,43.72,24.09,53.57,60.0,0 - 27.0
EXP-ZNO-02065,HepG2,114.47,6,60.62,59.64,57.93,27.38,69.37,68.23,0 - 30.7
EXP-ZNO-02066,PC12,75.3,48,75.66,60.31,66.1,26.11,81.69,31.38,0 - 14.12
EXP-ZNO-02067,HepG2,195.29,6,78.02,67.26,61.6,10.71,83.56,68.23,0 - 30.7
EXP-ZNO-02068,MCF-7,120.17,48,97.27,83.89,77.88,11.33,110.07,27.46,0 - 12.36
EXP-ZNO-02069,MCF-7,138.94,12,89.1,75.9,72.78,18.16,101.3,44.61,0 - 20.07
EXP-ZNO-02070,HepG2,86.95,6,55.69,40.43,44.37,41.47,55.78,68.23,0 - 30.7
EXP-ZNO-02071,HEK293,93.9,6,30.54,28.13,28.52,53.76,32.07,97.47,0 - 43.86
EXP-ZNO-02072,MCF-7,52.84,72,75.23,70.91,64.71,23.8,91.86,23.83,0 - 10.72
EXP-ZNO-02073,MCF-7,26.5,48,43.78,46.2,42.0,56.45,54.7,27.46,0 - 12.36
EXP-ZNO-02074,HEK293,134.45,72,57.34,56.06,56.78,11.76,61.64,40.85,0 - 18.38
EXP-ZNO-02075,HEK293,85.55,48,57.2,49.74,51.87,24.52,54.76,47.08,0 - 21.18
EXP-ZNO-02076,HeLa,162.8,6,63.74,53.36,47.53,27.51,64.13,73.1,0 - 32.9
EXP-ZNO-02077,NIH-3T3,39.41,48,28.5,21.91,22.23,61.8,25.14,51.0,0 - 22.95
EXP-ZNO-02078,HeLa,54.74,12,42.51,33.73,31.26,52.23,42.14,57.36,0 - 25.81
EXP-ZNO-02079,PC12,18.24,24,14.54,20.09,18.25,78.33,22.42,40.0,0 - 18.0
EXP-ZNO-02080,A549,75.06,48,84.3,71.9,73.31,20.5,94.07,29.81,0 - 13.42
EXP-ZNO-02081,HeLa,125.54,72,76.11,60.79,67.99,10.54,79.27,30.64,0 - 13.79
EXP-ZNO-02082,Jurkat,64.36,12,83.1,73.93,69.27,26.04,97.6,38.24,0 - 17.21
EXP-ZNO-02083,MCF-7,76.49,48,89.16,77.98,75.97,16.78,103.17,27.46,0 - 12.36
EXP-ZNO-02084,A549,18.38,48,28.59,25.09,24.42,69.34,34.17,29.81,0 - 13.42
EXP-ZNO-02085,PC12,20.93,12,22.36,17.44,17.32,81.5,21.78,50.98,0 - 22.94
EXP-ZNO-02086,MCF-7,81.08,72,96.73,83.61,75.15,14.08,107.65,23.83,0 - 10.72
EXP-ZNO-02087,PC12,121.82,12,71.55,61.03,55.41,29.17,77.27,50.98,0 - 22.94
EXP-ZNO-02088,CHO,183.05,12,57.12,49.96,53.03,20.8,59.83,70.1,0 - 31.55
EXP-ZNO-02089,A549,96.49,48,89.36,79.03,65.26,13.8,99.14,29.81,0 - 13.42
EXP-ZNO-02090,HEK293,98.3,48,48.19,49.83,42.7,24.19,52.21,47.08,0 - 21.18
EXP-ZNO-02091,HepG2,191.32,72,88.1,75.32,70.66,6.09,90.8,28.59,0 - 12.87
EXP-ZNO-02092,Caco-2,188.7,24,62.46,64.04,56.27,10.67,71.44,50.0,0 - 22.5
EXP-ZNO-02093,PC12,33.15,6,21.31,22.3,14.88,76.83,24.64,64.98,0 - 29.24
EXP-ZNO-02094,HepG2,193.22,24,84.29,71.33,69.75,7.08,88.7,42.0,0 - 18.9
EXP-ZNO-02095,A549,57.03,24,73.14,65.0,54.2,29.95,81.04,38.0,0 - 17.1
EXP-ZNO-02096,HeLa,89.55,6,48.72,34.29,40.01,44.75,48.51,73.1,0 - 32.9
EXP-ZNO-02097,Caco-2,163.43,48,73.97,66.45,59.75,11.1,74.27,39.23,0 - 17.65
EXP-ZNO-02098,NIH-3T3,70.91,72,40.01,43.07,34.52,36.78,41.0,44.25,0 - 19.91
EXP-ZNO-02099,A549,166.79,24,90.57,85.67,74.5,7.97,105.79,38.0,0 - 17.1
EXP-ZNO-02100,HeLa,177.86,48,79.32,70.55,68.73,5.0,84.26,35.31,0 - 15.89
EXP-ZNO-02101,MCF-7,66.11,48,89.2,76.25,71.02,16.33,102.21,27.46,0 - 12.36
EXP-ZNO-02102,Jurkat,45.12,48,72.06,67.77,60.0,29.02,89.79,23.54,0 - 10.59
EXP-ZNO-02103,HepG2,176.89,24,83.11,65.29,65.2,12.55,83.92,42.0,0 - 18.9
EXP-ZNO-02104,NIH-3T3,183.4,48,58.41,50.44,45.74,13.24,55.59,51.0,0 - 22.95
EXP-ZNO-02105,PC12,29.26,24,42.47,37.89,37.75,59.54,46.08,40.0,0 - 18.0
EXP-ZNO-02106,MCF-7,174.88,72,100.0,88.12,86.78,5.0,117.17,23.83,0 - 10.72
EXP-ZNO-02107,CHO,125.91,12,61.04,42.79,36.01,34.43,51.13,70.1,0 - 31.55
EXP-ZNO-02108,HepG2,45.21,72,52.39,53.33,50.82,33.61,62.26,28.59,0 - 12.87
EXP-ZNO-02109,Jurkat,165.85,6,94.56,86.56,79.42,14.75,112.36,48.74,0 - 21.93
EXP-ZNO-02110,HepG2,52.11,6,34.4,30.76,27.01,58.68,38.02,68.23,0 - 30.7
EXP-ZNO-02111,HeLa,152.54,12,75.01,67.15,60.46,15.95,76.17,57.36,0 - 25.81
EXP-ZNO-02112,NIH-3T3,195.23,24,50.25,52.68,42.44,15.53,53.24,65.0,0 - 29.25
EXP-ZNO-02113,MCF-7,149.29,6,87.22,78.16,77.06,16.44,103.13,56.86,0 - 25.59
EXP-ZNO-02114,A549,62.34,48,70.19,70.15,65.07,26.85,85.08,29.81,0 - 13.42
EXP-ZNO-02115,Caco-2,66.77,72,63.95,48.98,47.34,27.2,60.46,34.04,0 - 15.32
EXP-ZNO-02116,Jurkat,108.67,12,79.22,77.75,74.89,23.83,99.87,38.24,0 - 17.21
EXP-ZNO-02117,Caco-2,98.52,48,59.07,56.66,56.23,24.0,63.41,39.23,0 - 17.65
EXP-ZNO-02118,HeLa,129.01,24,78.16,65.97,56.43,17.19,75.4,45.0,0 - 20.25
EXP-ZNO-02119,CHO,61.92,24,41.45,40.4,33.74,48.32,40.73,55.0,0 - 24.75
EXP-ZNO-02120,HeLa,6.21,12,14.6,6.65,8.68,91.13,9.65,57.36,0 - 25.81
EXP-ZNO-02121,MCF-7,154.37,24,99.55,85.02,80.93,9.36,112.65,35.0,0 - 15.75
EXP-ZNO-02122,HepG2,194.18,12,83.86,70.39,68.88,9.92,86.84,53.53,0 - 24.09
EXP-ZNO-02123,CHO,78.07,12,40.54,31.17,31.02,49.02,38.63,70.1,0 - 31.55
EXP-ZNO-02124,NIH-3T3,5.33,72,6.67,4.13,1.25,94.48,3.92,44.25,0 - 19.91
EXP-ZNO-02125,A549,49.12,6,50.51,37.22,35.31,58.64,49.99,61.73,0 - 27.78
EXP-ZNO-02126,Caco-2,75.13,12,46.53,33.33,33.53,48.88,42.65,63.73,0 - 28.68
EXP-ZNO-02127,HeLa,5.02,12,2.27,4.02,0.0,99.92,1.1,57.36,0 - 25.81
EXP-ZNO-02128,HeLa,155.37,12,70.94,68.4,59.07,10.87,77.87,57.36,0 - 25.81
EXP-ZNO-02129,HEK293,197.14,72,62.1,60.1,58.05,5.0,66.0,40.85,0 - 18.38
EXP-ZNO-02130,HEK293,21.96,6,5.65,0.19,6.15,90.25,5.91,97.47,0 - 43.86
EXP-ZNO-02131,PC12,90.32,24,71.39,65.12,58.64,24.34,81.27,40.0,0 - 18.0
EXP-ZNO-02132,HeLa,189.68,72,77.82,71.24,65.91,6.06,83.11,30.64,0 - 13.79
EXP-ZNO-02133,NIH-3T3,63.85,72,41.88,39.42,39.26,35.47,41.95,44.25,0 - 19.91
EXP-ZNO-02134,Caco-2,89.86,72,69.12,61.08,53.95,13.29,70.71,34.04,0 - 15.32
EXP-ZNO-02135,HeLa,129.07,24,76.43,63.73,61.71,12.74,77.73,45.0,0 - 20.25
EXP-ZNO-02136,HepG2,169.33,12,78.13,68.54,63.08,10.17,84.3,53.53,0 - 24.09
EXP-ZNO-02137,HEK293,132.44,48,61.05,52.53,49.28,18.81,57.87,47.08,0 - 21.18
EXP-ZNO-02138,HEK293,69.87,24,41.91,33.23,31.51,44.34,39.03,60.0,0 - 27.0
EXP-ZNO-02139,Caco-2,82.03,72,66.07,51.36,50.7,23.76,63.31,34.04,0 - 15.32
EXP-ZNO-02140,CHO,30.99,48,25.62,23.22,20.48,67.32,25.22,43.15,0 - 19.42
EXP-ZNO-02141,PC12,48.44,24,44.39,47.68,37.01,48.58,54.39,40.0,0 - 18.0
EXP-ZNO-02142,PC12,76.98,6,53.94,42.48,47.69,45.15,59.5,64.98,0 - 29.24
EXP-ZNO-02143,MCF-7,98.85,6,78.93,66.88,63.43,31.54,86.95,56.86,0 - 25.59
EXP-ZNO-02144,HeLa,167.25,24,67.84,62.27,60.41,14.59,74.67,45.0,0 - 20.25
EXP-ZNO-02145,HeLa,24.91,6,9.76,7.98,9.59,88.24,10.47,73.1,0 - 32.9
EXP-ZNO-02146,Caco-2,145.97,48,80.42,62.77,65.93,9.22,76.74,39.23,0 - 17.65
EXP-ZNO-02147,CHO,179.08,24,74.26,62.64,54.99,10.35,69.59,55.0,0 - 24.75
EXP-ZNO-02148,A549,112.55,72,95.39,85.3,82.69,8.55,108.0,25.87,0 - 11.64
EXP-ZNO-02149,PC12,65.54,24,70.71,55.64,55.04,33.83,73.4,40.0,0 - 18.0
EXP-ZNO-02150,HepG2,90.18,72,81.79,63.01,59.24,14.45,81.34,28.59,0 - 12.87
EXP-ZNO-02151,HepG2,32.18,6,9.22,28.29,21.22,73.38,23.71,68.23,0 - 30.7
EXP-ZNO-02152,MCF-7,37.68,6,27.15,30.14,33.91,67.32,39.22,56.86,0 - 25.59
EXP-ZNO-02153,HEK293,167.5,48,65.82,51.65,52.53,12.42,61.69,47.08,0 - 21.18
EXP-ZNO-02154,NIH-3T3,65.61,72,44.62,34.58,39.12,39.24,40.29,44.25,0 - 19.91
EXP-ZNO-02155,Jurkat,8.07,72,26.85,21.89,18.95,80.04,27.92,20.42,0 - 9.19
EXP-ZNO-02156,A549,167.06,72,89.9,78.16,75.55,5.0,106.24,25.87,0 - 11.64
EXP-ZNO-02157,MCF-7,83.59,48,95.09,82.09,75.62,15.75,106.0,27.46,0 - 12.36
EXP-ZNO-02158,Caco-2,158.22,24,72.9,72.13,61.47,7.54,76.81,50.0,0 - 22.5
EXP-ZNO-02159,Caco-2,116.32,6,57.09,50.87,45.5,33.22,56.3,81.23,0 - 36.55
EXP-ZNO-02160,Caco-2,32.54,48,36.38,29.62,30.92,59.31,34.87,39.23,0 - 17.65
EXP-ZNO-02161,Jurkat,156.79,24,100.0,91.66,81.05,7.49,119.81,30.0,0 - 13.5
EXP-ZNO-02162,A549,45.26,72,75.9,64.97,61.47,25.92,85.42,25.87,0 - 11.64
EXP-ZNO-02163,Jurkat,180.47,48,100.0,100.0,87.69,5.0,124.35,23.54,0 - 10.59
EXP-ZNO-02164,CHO,130.21,72,62.44,59.16,53.61,11.45,66.31,37.44,0 - 16.85
EXP-ZNO-02165,HeLa,168.89,12,69.72,62.75,62.18,15.12,75.12,57.36,0 - 25.81
EXP-ZNO-02166,MCF-7,54.71,48,86.49,73.78,68.89,20.96,97.77,27.46,0 - 12.36
EXP-ZNO-02167,HeLa,141.68,24,68.5,68.49,63.64,11.62,77.71,45.0,0 - 20.25
EXP-ZNO-02168,Caco-2,149.96,48,81.4,70.58,61.94,5.0,79.48,39.23,0 - 17.65
EXP-ZNO-02169,Caco-2,178.37,6,60.63,55.23,52.06,22.81,63.47,81.23,0 - 36.55
EXP-ZNO-02170,Caco-2,100.25,72,64.84,52.67,54.2,22.49,64.37,34.04,0 - 15.32
EXP-ZNO-02171,HeLa,105.4,24,65.08,59.48,50.35,23.39,67.8,45.0,0 - 20.25
EXP-ZNO-02172,NIH-3T3,99.01,48,51.09,37.96,39.47,24.75,47.57,51.0,0 - 22.95
EXP-ZNO-02173,PC12,187.7,24,84.84,73.39,74.69,6.08,99.06,40.0,0 - 18.0
EXP-ZNO-02174,Caco-2,142.17,72,79.18,62.14,62.69,7.0,77.01,34.04,0 - 15.32
EXP-ZNO-02175,CHO,47.42,48,36.11,37.1,32.15,45.55,40.35,43.15,0 - 19.42
EXP-ZNO-02176,Caco-2,88.29,12,37.84,39.84,37.45,43.16,45.2,63.73,0 - 28.68
EXP-ZNO-02177,NIH-3T3,50.63,72,42.13,37.84,35.38,42.44,38.55,44.25,0 - 19.91
EXP-ZNO-02178,Jurkat,177.07,6,98.43,89.53,85.74,5.12,121.44,48.74,0 - 21.93
EXP-ZNO-02179,MCF-7,6.94,24,15.62,14.47,13.66,87.71,16.86,35.0,0 - 15.75
EXP-ZNO-02180,MCF-7,199.32,48,97.2,83.42,83.33,5.0,114.94,27.46,0 - 12.36
EXP-ZNO-02181,MCF-7,112.36,6,74.27,63.72,59.54,27.81,86.8,56.86,0 - 25.59
EXP-ZNO-02182,A549,130.68,48,92.41,77.93,78.58,5.0,107.35,29.81,0 - 13.42
EXP-ZNO-02183,Caco-2,143.99,12,64.15,56.54,51.02,26.29,62.53,63.73,0 - 28.68
EXP-ZNO-02184,A549,137.23,6,79.26,77.0,71.59,17.9,95.03,61.73,0 - 27.78
EXP-ZNO-02185,NIH-3T3,58.65,72,37.2,37.32,35.26,41.56,38.04,44.25,0 - 19.91
EXP-ZNO-02186,A549,14.43,24,14.81,16.77,13.18,80.85,20.44,38.0,0 - 17.1
EXP-ZNO-02187,A549,39.01,24,46.57,41.64,37.05,55.55,52.01,38.0,0 - 17.1
EXP-ZNO-02188,HEK293,130.47,72,60.43,54.91,53.26,13.19,60.96,40.85,0 - 18.38
EXP-ZNO-02189,HeLa,178.22,12,66.63,59.56,62.32,18.66,72.28,57.36,0 - 25.81
EXP-ZNO-02190,HepG2,96.64,72,72.25,65.57,56.29,17.94,77.45,28.59,0 - 12.87
EXP-ZNO-02191,PC12,69.94,12,71.6,57.09,50.89,33.54,73.31,50.98,0 - 22.94
EXP-ZNO-02192,CHO,64.15,48,43.43,42.81,37.72,38.83,46.22,43.15,0 - 19.42
EXP-ZNO-02193,NIH-3T3,64.32,24,40.34,27.99,24.81,50.41,32.63,65.0,0 - 29.25
EXP-ZNO-02194,CHO,72.04,72,61.55,54.34,52.85,23.91,59.79,37.44,0 - 16.85
EXP-ZNO-02195,CHO,16.14,24,7.08,10.66,3.55,87.0,9.04,55.0,0 - 24.75
EXP-ZNO-02196,PC12,159.78,48,97.77,83.91,73.65,6.25,103.57,31.38,0 - 14.12
EXP-ZNO-02197,CHO,135.0,72,62.21,57.35,54.18,14.08,64.92,37.44,0 - 16.85
EXP-ZNO-02198,NIH-3T3,117.97,6,36.95,28.64,29.85,44.1,35.29,105.59,0 - 47.52
EXP-ZNO-02199,MCF-7,21.16,72,48.45,40.17,40.8,57.76,53.69,23.83,0 - 10.72
EXP-ZNO-02200,MCF-7,140.34,6,87.4,76.84,73.91,12.99,104.5,56.86,0 - 25.59
EXP-ZNO-02201,A549,141.46,24,89.1,78.31,77.67,7.33,105.06,38.0,0 - 17.1
EXP-ZNO-02202,HepG2,118.23,6,57.98,58.65,49.36,28.2,66.88,68.23,0 - 30.7
EXP-ZNO-02203,NIH-3T3,1.16,6,0.0,0.0,1.34,99.05,0.54,105.59,0 - 47.52
EXP-ZNO-02204,HeLa,6.4,12,0.0,0.37,0.09,100.0,0.07,57.36,0 - 25.81
EXP-ZNO-02205,Caco-2,34.4,48,36.52,31.04,27.95,55.2,36.62,39.23,0 - 17.65
EXP-ZNO-02206,CHO,61.62,24,48.35,31.37,31.98,47.32,40.96,55.0,0 - 24.75
EXP-ZNO-02207,Caco-2,120.2,48,59.35,47.54,47.44,22.29,61.72,39.23,0 - 17.65
EXP-ZNO-02208,Caco-2,41.93,12,36.21,20.85,27.93,56.7,34.4,63.73,0 - 28.68
EXP-ZNO-02209,NIH-3T3,192.91,48,67.33,53.79,48.45,9.34,59.31,51.0,0 - 22.95
EXP-ZNO-02210,Jurkat,59.39,72,85.84,80.0,81.2,12.62,110.55,20.42,0 - 9.19
EXP-ZNO-02211,HeLa,80.01,72,69.97,63.06,64.79,14.66,75.84,30.64,0 - 13.79
EXP-ZNO-02212,HeLa,62.55,48,63.19,53.0,52.93,20.66,68.2,35.31,0 - 15.89
EXP-ZNO-02213,Jurkat,59.51,72,99.09,86.82,80.82,10.32,116.75,20.42,0 - 9.19
EXP-ZNO-02214,PC12,33.77,72,61.58,58.17,51.19,39.45,67.84,27.23,0 - 12.25
EXP-ZNO-02215,PC12,19.05,24,23.28,19.2,13.96,76.34,24.68,40.0,0 - 18.0
EXP-ZNO-02216,HEK293,122.48,24,53.03,47.9,47.03,20.93,54.72,60.0,0 - 27.0
EXP-ZNO-02217,A549,149.26,24,94.66,83.33,79.98,5.0,109.11,38.0,0 - 17.1
EXP-ZNO-02218,HeLa,48.02,24,53.77,45.07,45.46,40.39,54.14,45.0,0 - 20.25
EXP-ZNO-02219,NIH-3T3,197.03,48,56.04,53.63,48.98,8.31,57.96,51.0,0 - 22.95
EXP-ZNO-02220,HepG2,72.09,12,61.04,51.1,45.2,37.9,60.59,53.53,0 - 24.09
EXP-ZNO-02221,HeLa,93.75,72,70.05,59.38,58.93,19.9,71.81,30.64,0 - 13.79
EXP-ZNO-02222,Jurkat,160.31,48,100.0,98.43,82.44,5.0,123.02,23.54,0 - 10.59
EXP-ZNO-02223,Caco-2,70.29,24,50.11,44.31,39.27,34.48,52.55,50.0,0 - 22.5
EXP-ZNO-02224,A549,61.55,72,88.21,80.07,72.36,11.23,101.87,25.87,0 - 11.64
EXP-ZNO-02225,A549,66.21,6,45.44,44.25,35.98,51.69,54.33,61.73,0 - 27.78
EXP-ZNO-02226,NIH-3T3,153.75,72,64.82,50.85,45.65,6.72,59.26,44.25,0 - 19.91
EXP-ZNO-02227,Jurkat,52.5,24,78.38,61.53,67.26,28.66,91.86,30.0,0 - 13.5
EXP-ZNO-02228,Jurkat,49.83,12,73.48,63.26,56.64,36.85,83.53,38.24,0 - 17.21
EXP-ZNO-02229,A549,132.32,72,88.25,84.21,79.46,6.54,106.72,25.87,0 - 11.64
EXP-ZNO-02230,MCF-7,160.85,6,96.26,79.63,76.12,11.08,108.84,56.86,0 - 25.59
EXP-ZNO-02231,CHO,196.37,24,67.46,58.86,56.37,10.61,67.92,55.0,0 - 24.75
EXP-ZNO-02232,MCF-7,35.37,48,74.23,65.61,51.01,35.98,80.44,27.46,0 - 12.36
EXP-ZNO-02233,HEK293,80.73,6,29.75,29.71,34.56,55.11,32.33,97.47,0 - 43.86
EXP-ZNO-02234,HEK293,67.46,24,39.64,40.94,30.48,44.01,39.64,60.0,0 - 27.0
EXP-ZNO-02235,HEK293,92.97,72,64.09,56.41,48.9,20.0,58.32,40.85,0 - 18.38
EXP-ZNO-02236,CHO,100.67,24,60.0,54.74,49.95,22.1,59.99,55.0,0 - 24.75
EXP-ZNO-02237,NIH-3T3,17.72,12,10.12,6.98,6.42,93.84,5.69,82.85,0 - 37.28
EXP-ZNO-02238,Caco-2,152.78,72,73.33,68.76,60.6,8.23,75.96,34.04,0 - 15.32
EXP-ZNO-02239,PC12,151.72,48,88.72,80.77,77.28,8.82,100.1,31.38,0 - 14.12
EXP-ZNO-02240,HEK293,18.36,6,3.6,1.4,0.0,94.92,2.95,97.47,0 - 43.86
EXP-ZNO-02241,HepG2,146.13,48,83.3,81.65,70.41,5.64,90.98,32.95,0 - 14.83
EXP-ZNO-02242,HeLa,132.47,12,67.52,62.25,54.36,19.77,71.11,57.36,0 - 25.81
EXP-ZNO-02243,Caco-2,194.45,24,63.69,56.41,60.0,15.16,68.99,50.0,0 - 22.5
EXP-ZNO-02244,A549,5.85,48,8.46,9.91,15.13,89.48,12.85,29.81,0 - 13.42
EXP-ZNO-02245,HepG2,113.17,12,67.02,64.92,58.52,20.69,75.15,53.53,0 - 24.09
EXP-ZNO-02246,HEK293,150.53,6,57.39,43.58,42.09,26.2,52.04,97.47,0 - 43.86
EXP-ZNO-02247,Jurkat,182.09,24,92.42,82.01,78.63,14.44,110.97,30.0,0 - 13.5
EXP-ZNO-02248,NIH-3T3,15.49,24,5.86,5.89,7.16,89.35,6.76,65.0,0 - 29.25
EXP-ZNO-02249,CHO,83.44,72,52.13,42.17,46.24,31.31,52.23,37.44,0 - 16.85
EXP-ZNO-02250,PC12,157.37,48,83.05,70.23,70.98,11.99,94.07,31.38,0 - 14.12
EXP-ZNO-02251,Caco-2,42.17,12,37.16,26.14,27.01,63.29,32.07,63.73,0 - 28.68
EXP-ZNO-02252,HepG2,84.6,24,67.57,58.71,54.3,24.86,71.44,42.0,0 - 18.9
EXP-ZNO-02253,PC12,125.46,6,72.78,61.34,57.48,28.59,78.3,64.98,0 - 29.24
EXP-ZNO-02254,CHO,117.79,48,58.82,58.23,53.13,12.6,64.95,43.15,0 - 19.42
EXP-ZNO-02255,HEK293,190.67,6,47.76,47.86,42.01,27.18,50.53,97.47,0 - 43.86
EXP-ZNO-02256,Caco-2,190.25,48,78.09,66.74,56.52,5.58,77.25,39.23,0 - 17.65
EXP-ZNO-02257,Jurkat,104.41,6,90.23,77.76,71.82,21.81,103.45,48.74,0 - 21.93
EXP-ZNO-02258,Caco-2,99.0,12,60.05,49.71,42.9,29.35,58.17,63.73,0 - 28.68
EXP-ZNO-02259,NIH-3T3,50.09,24,30.72,27.93,23.05,55.72,28.74,65.0,0 - 29.25
EXP-ZNO-02260,MCF-7,161.52,72,97.86,83.49,80.18,7.33,113.07,23.83,0 - 10.72
EXP-ZNO-02261,A549,5.12,12,6.56,6.87,0.0,94.36,6.2,48.43,0 - 21.79
EXP-ZNO-02262,Jurkat,44.97,12,59.66,59.42,54.51,44.02,74.11,38.24,0 - 17.21
EXP-ZNO-02263,CHO,171.36,24,71.64,62.75,52.26,18.3,65.19,55.0,0 - 24.75
EXP-ZNO-02264,CHO,149.96,24,62.36,64.45,54.58,16.79,64.74,55.0,0 - 24.75
EXP-ZNO-02265,NIH-3T3,62.25,48,39.31,40.5,35.74,37.92,40.27,51.0,0 - 22.95
EXP-ZNO-02266,HEK293,24.76,24,7.46,12.07,8.43,83.58,10.86,60.0,0 - 27.0
EXP-ZNO-02267,Jurkat,77.61,48,98.04,91.2,85.01,10.0,118.35,23.54,0 - 10.59
EXP-ZNO-02268,HEK293,185.52,72,66.64,61.91,53.04,5.8,66.02,40.85,0 - 18.38
EXP-ZNO-02269,MCF-7,48.91,72,74.92,71.95,62.0,27.8,88.97,23.83,0 - 10.72
EXP-ZNO-02270,HEK293,170.75,48,71.54,60.68,59.94,5.0,67.92,47.08,0 - 21.18
EXP-ZNO-02271,NIH-3T3,173.22,12,46.14,50.7,37.61,22.11,49.14,82.85,0 - 37.28
EXP-ZNO-02272,HEK293,199.47,72,71.72,57.2,52.5,5.6,66.3,40.85,0 - 18.38
EXP-ZNO-02273,CHO,5.94,24,0.0,4.37,3.39,96.83,2.47,55.0,0 - 24.75
EXP-ZNO-02274,Jurkat,20.27,6,22.7,22.77,23.01,80.02,27.82,48.74,0 - 21.93
EXP-ZNO-02275,MCF-7,45.2,48,66.19,62.72,61.32,30.96,82.96,27.46,0 - 12.36
EXP-ZNO-02276,HEK293,122.11,48,67.15,54.96,46.23,14.86,60.5,47.08,0 - 21.18
EXP-ZNO-02277,HEK293,66.53,12,31.41,25.76,27.96,54.52,31.52,76.47,0 - 34.41
EXP-ZNO-02278,HeLa,123.48,24,60.73,61.92,64.46,15.99,73.11,45.0,0 - 20.25
EXP-ZNO-02279,HEK293,58.5,6,29.04,26.36,21.78,61.63,27.38,97.47,0 - 43.86
EXP-ZNO-02280,MCF-7,68.44,6,68.83,51.63,53.62,39.75,74.6,56.86,0 - 25.59
EXP-ZNO-02281,CHO,184.67,12,66.38,55.46,53.18,14.1,65.27,70.1,0 - 31.55
EXP-ZNO-02282,A549,188.2,24,98.99,87.57,78.68,5.0,110.68,38.0,0 - 17.1
EXP-ZNO-02283,Caco-2,120.5,24,66.55,56.02,51.21,21.01,65.45,50.0,0 - 22.5
EXP-ZNO-02284,Caco-2,187.19,12,69.48,58.29,56.38,13.97,70.41,63.73,0 - 28.68
EXP-ZNO-02285,HeLa,158.11,48,88.07,75.42,64.34,6.21,85.47,35.31,0 - 15.89
EXP-ZNO-02286,HepG2,189.62,12,81.49,74.59,64.8,7.49,87.63,53.53,0 - 24.09
EXP-ZNO-02287,HeLa,9.76,24,6.85,4.5,5.24,91.61,7.03,45.0,0 - 20.25
EXP-ZNO-02288,HEK293,124.8,24,60.92,49.63,46.68,22.77,55.46,60.0,0 - 27.0
EXP-ZNO-02289,CHO,111.91,12,48.72,51.67,40.65,29.66,52.89,70.1,0 - 31.55
EXP-ZNO-02290,HEK293,72.24,48,51.21,42.02,34.57,30.98,47.8,47.08,0 - 21.18
EXP-ZNO-02291,Caco-2,86.9,72,68.9,56.32,48.27,17.62,67.13,34.04,0 - 15.32
EXP-ZNO-02292,HeLa,170.78,72,77.57,69.73,62.11,8.26,81.16,30.64,0 - 13.79
EXP-ZNO-02293,CHO,122.04,24,53.68,49.73,42.56,28.07,54.49,55.0,0 - 24.75
EXP-ZNO-02294,MCF-7,43.15,48,70.02,65.55,61.45,31.11,84.37,27.46,0 - 12.36
EXP-ZNO-02295,HeLa,193.77,12,78.8,69.58,60.6,14.05,78.26,57.36,0 - 25.81
EXP-ZNO-02296,PC12,59.45,6,41.87,38.26,36.91,56.76,47.46,64.98,0 - 29.24
EXP-ZNO-02297,NIH-3T3,178.31,6,42.72,39.92,42.17,31.89,43.93,105.59,0 - 47.52
EXP-ZNO-02298,A549,158.28,12,81.73,70.95,69.12,17.25,94.48,48.43,0 - 21.79
EXP-ZNO-02299,HEK293,20.56,48,16.63,14.73,11.61,78.34,15.39,47.08,0 - 21.18
EXP-ZNO-02300,HeLa,180.05,6,69.03,66.05,52.92,19.28,72.01,73.1,0 - 32.9
EXP-ZNO-02301,HepG2,50.58,48,57.42,61.85,53.83,29.13,67.48,32.95,0 - 14.83
EXP-ZNO-02302,Jurkat,99.61,24,88.99,82.47,74.26,16.73,107.83,30.0,0 - 13.5
EXP-ZNO-02303,CHO,106.64,6,40.47,34.37,33.92,42.06,42.58,89.35,0 - 40.21
EXP-ZNO-02304,NIH-3T3,14.65,24,8.57,3.19,1.77,95.05,3.95,65.0,0 - 29.25
EXP-ZNO-02305,PC12,157.69,12,78.98,71.76,60.96,16.7,88.96,50.98,0 - 22.94
EXP-ZNO-02306,Caco-2,81.07,48,66.69,57.97,52.12,18.91,66.88,39.23,0 - 17.65
EXP-ZNO-02307,PC12,122.28,24,79.59,69.57,72.94,13.63,92.55,40.0,0 - 18.0
EXP-ZNO-02308,HeLa,3.1,72,1.66,5.61,2.45,98.68,2.2,30.64,0 - 13.79
EXP-ZNO-02309,HepG2,92.23,6,55.67,43.71,41.96,44.81,54.16,68.23,0 - 30.7
EXP-ZNO-02310,HeLa,103.32,24,63.22,62.43,51.39,26.14,66.65,45.0,0 - 20.25
EXP-ZNO-02311,NIH-3T3,137.09,72,58.36,48.44,47.64,17.13,54.02,44.25,0 - 19.91
EXP-ZNO-02312,PC12,135.04,6,72.47,63.04,56.59,24.35,80.8,64.98,0 - 29.24
EXP-ZNO-02313,HepG2,73.16,72,69.52,71.68,60.39,16.35,79.32,28.59,0 - 12.87
EXP-ZNO-02314,NIH-3T3,87.75,12,22.31,32.52,32.3,47.26,32.44,82.85,0 - 37.28
EXP-ZNO-02315,HEK293,78.19,12,31.58,32.42,30.41,50.68,34.34,76.47,0 - 34.41
EXP-ZNO-02316,PC12,173.63,48,89.95,80.14,75.82,5.25,102.07,31.38,0 - 14.12
EXP-ZNO-02317,Jurkat,153.2,12,94.7,94.98,88.17,5.0,122.09,38.24,0 - 17.21
EXP-ZNO-02318,MCF-7,92.22,6,73.9,62.72,54.1,33.55,81.91,56.86,0 - 25.59
EXP-ZNO-02319,Caco-2,92.27,6,39.13,32.56,27.99,50.69,39.49,81.23,0 - 36.55
EXP-ZNO-02320,Caco-2,13.44,48,7.23,8.77,8.42,83.73,11.55,39.23,0 - 17.65
EXP-ZNO-02321,CHO,94.44,12,50.82,47.89,39.99,38.37,48.74,70.1,0 - 31.55
EXP-ZNO-02322,MCF-7,63.29,48,86.46,75.93,68.64,21.98,97.48,27.46,0 - 12.36
EXP-ZNO-02323,Jurkat,31.4,24,60.51,50.04,48.65,45.91,70.14,30.0,0 - 13.5
EXP-ZNO-02324,Caco-2,7.29,24,0.0,1.33,0.0,100.0,0.19,50.0,0 - 22.5
EXP-ZNO-02325,PC12,62.7,72,83.31,73.86,71.62,14.38,93.49,27.23,0 - 12.25
EXP-ZNO-02326,NIH-3T3,121.06,24,34.31,34.62,37.07,34.74,40.2,65.0,0 - 29.25
EXP-ZNO-02327,Caco-2,111.32,72,72.58,54.28,55.28,12.32,71.05,34.04,0 - 15.32
EXP-ZNO-02328,HepG2,119.97,72,79.69,69.79,60.26,8.13,85.45,28.59,0 - 12.87
EXP-ZNO-02329,HeLa,108.79,24,67.8,60.76,54.2,18.43,71.59,45.0,0 - 20.25
EXP-ZNO-02330,CHO,70.75,48,53.27,50.88,50.82,25.46,56.86,43.15,0 - 19.42
EXP-ZNO-02331,PC12,29.41,24,46.83,33.65,35.1,59.4,45.98,40.0,0 - 18.0
EXP-ZNO-02332,Jurkat,101.35,24,100.0,87.44,83.84,9.36,118.32,30.0,0 - 13.5
EXP-ZNO-02333,NIH-3T3,118.06,6,35.46,34.72,33.26,41.99,37.04,105.59,0 - 47.52
EXP-ZNO-02334,NIH-3T3,75.18,12,27.33,25.85,25.49,55.54,28.32,82.85,0 - 37.28
EXP-ZNO-02335,HeLa,129.7,48,86.26,62.54,65.38,8.4,82.24,35.31,0 - 15.89
EXP-ZNO-02336,PC12,60.7,48,75.35,67.17,65.94,22.26,84.99,31.38,0 - 14.12
EXP-ZNO-02337,PC12,183.72,48,88.51,76.25,68.72,9.86,97.2,31.38,0 - 14.12
EXP-ZNO-02338,HeLa,170.1,24,72.57,75.59,65.07,9.03,81.1,45.0,0 - 20.25
EXP-ZNO-02339,NIH-3T3,131.06,6,41.34,33.0,33.0,41.68,37.86,105.59,0 - 47.52
EXP-ZNO-02340,HEK293,193.91,24,66.49,45.87,56.4,11.94,61.77,60.0,0 - 27.0
EXP-ZNO-02341,HeLa,137.88,48,82.89,70.96,66.6,5.0,84.71,35.31,0 - 15.89
EXP-ZNO-02342,NIH-3T3,56.92,48,38.92,35.79,33.81,41.6,37.94,51.0,0 - 22.95
EXP-ZNO-02343,HEK293,60.28,72,40.37,31.8,35.65,42.01,40.11,40.85,0 - 18.38
EXP-ZNO-02344,HEK293,178.18,6,53.25,47.47,45.05,23.67,53.29,97.47,0 - 43.86
EXP-ZNO-02345,HepG2,44.8,12,38.15,29.06,33.09,57.96,39.87,53.53,0 - 24.09
EXP-ZNO-02346,PC12,123.82,6,63.15,58.97,51.66,30.92,73.33,64.98,0 - 29.24
EXP-ZNO-02347,NIH-3T3,3.83,72,5.21,4.03,0.0,98.91,1.75,44.25,0 - 19.91
EXP-ZNO-02348,HepG2,139.48,48,79.55,72.47,68.9,5.86,88.39,32.95,0 - 14.83
EXP-ZNO-02349,HepG2,182.84,72,79.88,70.44,63.59,12.15,84.01,28.59,0 - 12.87
EXP-ZNO-02350,A549,191.95,72,96.98,85.85,84.48,5.0,110.93,25.87,0 - 11.64
EXP-ZNO-02351,CHO,198.61,12,66.47,65.41,53.12,14.97,66.23,70.1,0 - 31.55
EXP-ZNO-02352,Caco-2,18.12,48,19.32,15.4,17.31,77.92,18.82,39.23,0 - 17.65
EXP-ZNO-02353,CHO,19.42,48,20.99,22.74,13.78,75.06,19.93,43.15,0 - 19.42
EXP-ZNO-02354,Jurkat,63.34,72,100.0,86.09,74.29,13.7,113.37,20.42,0 - 9.19
EXP-ZNO-02355,MCF-7,104.75,6,70.07,59.56,61.74,32.98,82.15,56.86,0 - 25.59
EXP-ZNO-02356,HEK293,96.49,12,35.73,32.1,38.89,43.07,39.32,76.47,0 - 34.41
EXP-ZNO-02357,MCF-7,96.15,6,70.26,60.22,61.49,32.79,82.39,56.86,0 - 25.59
EXP-ZNO-02358,HEK293,159.53,72,69.55,54.54,54.41,10.19,63.88,40.85,0 - 18.38
EXP-ZNO-02359,Caco-2,48.65,6,20.55,18.66,19.91,76.37,20.62,81.23,0 - 36.55
EXP-ZNO-02360,Caco-2,5.16,6,6.26,0.0,11.86,93.24,6.09,81.23,0 - 36.55
EXP-ZNO-02361,MCF-7,110.42,72,94.06,87.71,75.33,9.74,110.5,23.83,0 - 10.72
EXP-ZNO-02362,HEK293,2.91,48,10.73,6.82,7.84,94.09,6.2,47.08,0 - 21.18
EXP-ZNO-02363,PC12,14.99,72,29.67,24.13,26.18,69.24,33.19,27.23,0 - 12.25
EXP-ZNO-02364,PC12,14.97,24,8.62,5.43,10.22,89.48,10.73,40.0,0 - 18.0
EXP-ZNO-02365,NIH-3T3,23.75,48,7.4,12.78,8.64,81.43,11.18,51.0,0 - 22.95
EXP-ZNO-02366,NIH-3T3,116.98,12,52.08,39.04,32.31,35.69,42.62,82.85,0 - 37.28
EXP-ZNO-02367,Jurkat,3.16,48,4.34,8.46,3.89,92.48,8.42,23.54,0 - 10.59
EXP-ZNO-02368,A549,169.38,48,91.07,84.92,74.52,8.32,105.56,29.81,0 - 13.42
EXP-ZNO-02369,NIH-3T3,88.35,24,36.4,37.36,39.3,39.96,39.04,65.0,0 - 29.25
EXP-ZNO-02370,A549,79.01,72,82.5,77.22,72.82,15.01,97.8,25.87,0 - 11.64
EXP-ZNO-02371,NIH-3T3,45.14,48,27.34,22.57,22.97,60.74,25.54,51.0,0 - 22.95
EXP-ZNO-02372,MCF-7,43.52,48,73.52,61.57,59.02,34.72,81.79,27.46,0 - 12.36
EXP-ZNO-02373,NIH-3T3,82.73,48,45.43,43.91,38.4,33.28,43.83,51.0,0 - 22.95
EXP-ZNO-02374,HEK293,13.24,12,1.65,5.45,1.25,91.62,4.7,76.47,0 - 34.41
EXP-ZNO-02375,A549,60.54,72,77.54,62.2,69.25,22.32,88.88,25.87,0 - 11.64
EXP-ZNO-02376,Caco-2,151.63,6,61.61,53.74,49.02,24.88,62.03,81.23,0 - 36.55
EXP-ZNO-02377,HepG2,117.1,72,85.07,74.66,71.29,9.47,88.38,28.59,0 - 12.87
EXP-ZNO-02378,HEK293,70.74,12,35.07,32.74,32.4,48.36,36.21,76.47,0 - 34.41
EXP-ZNO-02379,MCF-7,170.3,48,95.67,86.75,76.51,9.71,110.96,27.46,0 - 12.36
EXP-ZNO-02380,A549,145.22,48,90.92,87.74,77.12,6.96,107.32,29.81,0 - 13.42
EXP-ZNO-02381,Caco-2,2.75,6,4.75,4.18,6.79,91.82,6.35,81.23,0 - 36.55
EXP-ZNO-02382,HepG2,25.87,24,34.93,29.08,25.77,61.96,35.95,42.0,0 - 18.9
EXP-ZNO-02383,MCF-7,102.47,6,77.23,72.42,62.87,26.31,90.73,56.86,0 - 25.59
EXP-ZNO-02384,A549,24.18,72,48.59,36.1,36.85,56.5,50.89,25.87,0 - 11.64
EXP-ZNO-02385,NIH-3T3,10.66,72,8.03,7.17,2.63,92.03,5.65,44.25,0 - 19.91
EXP-ZNO-02386,A549,62.78,6,53.35,52.0,40.2,45.83,61.9,61.73,0 - 27.78
EXP-ZNO-02387,A549,83.16,24,85.7,70.87,67.59,21.32,92.7,38.0,0 - 17.1
EXP-ZNO-02388,HEK293,9.28,72,6.86,10.55,5.07,91.17,6.91,40.85,0 - 18.38
EXP-ZNO-02389,NIH-3T3,46.81,12,16.87,16.69,13.63,69.98,18.35,82.85,0 - 37.28
EXP-ZNO-02390,NIH-3T3,131.72,48,59.47,48.64,46.35,19.66,53.05,51.0,0 - 22.95
EXP-ZNO-02391,HEK293,132.63,12,53.79,44.96,45.63,25.82,52.22,76.47,0 - 34.41
EXP-ZNO-02392,Caco-2,117.36,48,58.42,57.17,56.32,20.77,64.91,39.23,0 - 17.65
EXP-ZNO-02393,PC12,136.45,48,87.2,84.42,68.04,8.32,99.07,31.38,0 - 14.12
EXP-ZNO-02394,MCF-7,58.41,48,88.45,85.27,75.44,14.69,105.56,27.46,0 - 12.36
EXP-ZNO-02395,Jurkat,59.24,12,83.53,69.4,64.14,31.77,92.11,38.24,0 - 17.21
EXP-ZNO-02396,HEK293,34.21,12,18.26,21.33,20.76,75.68,18.81,76.47,0 - 34.41
EXP-ZNO-02397,MCF-7,104.28,24,96.3,84.98,79.4,10.57,110.79,35.0,0 - 15.75
EXP-ZNO-02398,Jurkat,174.68,48,100.0,92.26,87.65,5.67,122.4,23.54,0 - 10.59
EXP-ZNO-02399,MCF-7,178.54,48,100.0,83.72,84.98,5.0,116.01,27.46,0 - 12.36
EXP-ZNO-02400,HepG2,75.37,6,47.76,41.4,42.11,44.53,52.3,68.23,0 - 30.7
EXP-ZNO-02401,HeLa,121.68,72,75.02,67.26,58.74,7.16,80.32,30.64,0 - 13.79
EXP-ZNO-02402,HEK293,170.02,72,70.51,59.19,57.07,8.03,65.9,40.85,0 - 18.38
EXP-ZNO-02403,HEK293,164.92,48,67.66,59.86,55.64,7.12,65.7,47.08,0 - 21.18
EXP-ZNO-02404,Jurkat,107.74,72,97.57,90.14,80.89,8.91,117.93,20.42,0 - 9.19
EXP-ZNO-02405,A549,101.71,6,77.4,64.05,57.72,28.8,83.21,61.73,0 - 27.78
EXP-ZNO-02406,NIH-3T3,42.98,24,30.5,23.81,21.7,62.46,25.36,65.0,0 - 29.25
EXP-ZNO-02407,CHO,110.6,72,59.72,48.07,52.13,19.94,60.3,37.44,0 - 16.85
EXP-ZNO-02408,NIH-3T3,49.53,48,32.19,31.18,29.53,53.21,31.15,51.0,0 - 22.95
EXP-ZNO-02409,A549,190.4,12,90.54,78.34,71.32,12.34,101.26,48.43,0 - 21.79
EXP-ZNO-02410,HeLa,22.97,6,19.69,20.47,16.79,74.28,22.39,73.1,0 - 32.9
EXP-ZNO-02411,HepG2,12.35,72,23.24,10.05,10.57,79.83,18.72,28.59,0 - 12.87
EXP-ZNO-02412,Caco-2,129.36,48,66.75,61.23,55.69,14.56,69.93,39.23,0 - 17.65
EXP-ZNO-02413,PC12,170.2,12,81.98,74.46,73.32,13.88,93.87,50.98,0 - 22.94
EXP-ZNO-02414,MCF-7,117.8,24,92.55,81.46,75.82,13.92,106.43,35.0,0 - 15.75
EXP-ZNO-02415,HepG2,156.03,12,80.47,71.39,65.71,12.08,84.65,53.53,0 - 24.09
EXP-ZNO-02416,HeLa,35.45,12,29.33,27.68,21.79,64.6,30.99,57.36,0 - 25.81
EXP-ZNO-02417,CHO,95.15,6,36.97,43.09,38.02,48.35,40.85,89.35,0 - 40.21
EXP-ZNO-02418,CHO,14.75,6,11.35,4.77,6.83,91.23,7.56,89.35,0 - 40.21
EXP-ZNO-02419,CHO,163.16,48,67.2,61.85,50.89,13.1,66.42,43.15,0 - 19.42
EXP-ZNO-02420,CHO,84.51,6,32.69,24.21,30.02,58.91,31.7,89.35,0 - 40.21
EXP-ZNO-02421,NIH-3T3,112.67,12,35.31,33.04,37.64,38.64,38.68,82.85,0 - 37.28
EXP-ZNO-02422,Jurkat,142.24,12,99.61,86.05,84.46,7.43,119.32,38.24,0 - 17.21
EXP-ZNO-02423,HepG2,133.25,12,74.24,67.07,60.6,19.06,78.19,53.53,0 - 24.09
EXP-ZNO-02424,HepG2,21.53,72,33.79,29.15,29.67,61.55,36.55,28.59,0 - 12.87
EXP-ZNO-02425,HepG2,183.23,12,82.9,68.17,63.33,8.71,86.05,53.53,0 - 24.09
EXP-ZNO-02426,HepG2,124.78,12,85.04,71.94,68.36,10.14,87.13,53.53,0 - 24.09
EXP-ZNO-02427,CHO,64.32,12,32.29,35.61,23.79,53.97,34.54,70.1,0 - 31.55
EXP-ZNO-02428,MCF-7,181.22,6,97.14,78.06,78.1,13.16,107.84,56.86,0 - 25.59
EXP-ZNO-02429,HEK293,178.24,6,57.87,49.93,43.21,24.78,53.68,97.47,0 - 43.86
EXP-ZNO-02430,Caco-2,192.55,6,70.4,59.05,55.37,17.71,68.77,81.23,0 - 36.55
EXP-ZNO-02431,NIH-3T3,153.54,12,49.44,45.53,41.74,22.46,49.4,82.85,0 - 37.28
EXP-ZNO-02432,HEK293,152.38,48,57.08,61.69,50.84,12.69,61.16,47.08,0 - 21.18
EXP-ZNO-02433,MCF-7,169.22,6,80.34,80.05,84.34,13.1,105.22,56.86,0 - 25.59
EXP-ZNO-02434,CHO,35.46,72,43.38,41.12,31.39,50.61,39.82,37.44,0 - 16.85
EXP-ZNO-02435,HEK293,87.4,6,38.7,38.13,35.87,49.42,37.51,97.47,0 - 43.86
EXP-ZNO-02436,PC12,79.46,72,90.1,74.67,72.31,9.66,98.02,27.23,0 - 12.25
EXP-ZNO-02437,HEK293,10.14,6,0.0,0.0,1.44,99.77,0.28,97.47,0 - 43.86
EXP-ZNO-02438,PC12,105.48,6,55.98,53.75,55.92,35.72,68.75,64.98,0 - 29.24
EXP-ZNO-02439,PC12,71.67,48,78.13,67.73,59.15,21.53,84.98,31.38,0 - 14.12
EXP-ZNO-02440,HepG2,71.26,6,45.02,41.4,33.7,55.55,44.62,68.23,0 - 30.7
EXP-ZNO-02441,HepG2,24.76,6,15.35,16.42,10.22,83.19,16.24,68.23,0 - 30.7
EXP-ZNO-02442,NIH-3T3,93.34,72,54.57,47.27,42.98,17.14,52.71,44.25,0 - 19.91
EXP-ZNO-02443,NIH-3T3,81.3,48,46.37,42.02,40.52,29.87,45.38,51.0,0 - 22.95
EXP-ZNO-02444,Caco-2,104.89,24,62.36,49.48,45.38,26.66,60.2,50.0,0 - 22.5
EXP-ZNO-02445,A549,60.55,12,58.36,48.89,51.25,43.59,65.88,48.43,0 - 21.79
EXP-ZNO-02446,HepG2,165.75,72,83.52,76.64,71.04,5.0,90.67,28.59,0 - 12.87
EXP-ZNO-02447,HEK293,12.23,48,8.59,6.07,10.0,88.57,8.37,47.08,0 - 21.18
EXP-ZNO-02448,A549,145.04,24,93.25,86.21,81.49,8.73,107.33,38.0,0 - 17.1
EXP-ZNO-02449,Jurkat,27.12,72,57.21,53.6,48.84,41.31,73.0,20.42,0 - 9.19
EXP-ZNO-02450,CHO,151.76,72,73.75,63.77,61.17,8.97,71.11,37.44,0 - 16.85
EXP-ZNO-02451,HeLa,85.24,6,49.98,43.77,41.1,40.9,52.28,73.1,0 - 32.9
EXP-ZNO-02452,NIH-3T3,7.24,24,1.72,4.42,0.0,100.0,0.81,65.0,0 - 29.25
EXP-ZNO-02453,NIH-3T3,175.7,12,43.08,42.77,42.55,27.35,46.19,82.85,0 - 37.28
EXP-ZNO-02454,CHO,36.22,12,12.71,17.2,17.82,75.17,18.19,70.1,0 - 31.55
EXP-ZNO-02455,A549,78.38,24,84.65,71.08,67.67,21.68,92.28,38.0,0 - 17.1
EXP-ZNO-02456,MCF-7,195.05,24,99.03,91.53,82.42,5.0,116.75,35.0,0 - 15.75
EXP-ZNO-02457,HepG2,98.18,72,82.06,72.71,69.71,10.54,86.63,28.59,0 - 12.87
EXP-ZNO-02458,HEK293,186.39,6,50.05,43.5,44.01,35.69,47.0,97.47,0 - 43.86
EXP-ZNO-02459,A549,181.6,6,83.8,75.08,67.78,18.85,94.52,61.73,0 - 27.78
EXP-ZNO-02460,Caco-2,126.27,12,54.23,49.53,47.1,31.69,56.52,63.73,0 - 28.68
EXP-ZNO-02461,HeLa,121.77,24,68.6,60.15,57.59,16.3,73.23,45.0,0 - 20.25
EXP-ZNO-02462,Caco-2,51.81,48,43.81,31.6,35.55,46.2,43.45,39.23,0 - 17.65
EXP-ZNO-02463,Caco-2,189.36,6,59.8,53.23,51.21,21.33,63.61,81.23,0 - 36.55
EXP-ZNO-02464,HepG2,88.07,12,62.81,63.39,58.75,21.97,73.39,53.53,0 - 24.09
EXP-ZNO-02465,NIH-3T3,90.79,24,44.4,27.24,35.28,36.28,40.09,65.0,0 - 29.25
EXP-ZNO-02466,HEK293,138.14,6,32.67,34.61,35.4,48.07,36.55,97.47,0 - 43.86
EXP-ZNO-02467,Caco-2,19.81,24,6.16,2.87,5.01,92.99,5.62,50.0,0 - 22.5
EXP-ZNO-02468,HeLa,117.23,72,79.53,63.36,66.05,12.9,78.87,30.64,0 - 13.79
EXP-ZNO-02469,Jurkat,29.18,48,63.11,60.31,56.55,40.65,77.77,23.54,0 - 10.59
EXP-ZNO-02470,HepG2,92.02,12,51.59,41.86,44.52,37.08,57.47,53.53,0 - 24.09
EXP-ZNO-02471,CHO,34.01,48,27.31,26.27,25.75,62.19,28.95,43.15,0 - 19.42
EXP-ZNO-02472,Caco-2,1.19,12,4.43,0.0,0.0,98.52,1.54,63.73,0 - 28.68
EXP-ZNO-02473,A549,67.91,12,53.64,55.55,52.78,39.5,68.67,48.43,0 - 21.79
EXP-ZNO-02474,HeLa,95.0,6,45.67,46.74,43.82,38.98,53.23,73.1,0 - 32.9
EXP-ZNO-02475,A549,160.15,72,93.75,77.65,78.41,5.0,107.59,25.87,0 - 11.64
EXP-ZNO-02476,A549,99.9,6,71.64,60.69,53.66,35.76,76.32,61.73,0 - 27.78
EXP-ZNO-02477,MCF-7,99.32,6,82.6,69.4,59.05,27.63,89.97,56.86,0 - 25.59
EXP-ZNO-02478,Caco-2,112.05,6,49.8,39.17,36.5,36.26,50.52,81.23,0 - 36.55
EXP-ZNO-02479,NIH-3T3,17.92,12,5.46,5.88,7.25,84.12,8.8,82.85,0 - 37.28
EXP-ZNO-02480,Caco-2,183.92,12,73.1,65.32,58.94,9.89,74.4,63.73,0 - 28.68
EXP-ZNO-02481,A549,70.16,6,61.22,60.16,55.47,39.02,72.09,61.73,0 - 27.78
EXP-ZNO-02482,NIH-3T3,33.42,6,13.53,12.81,5.31,89.83,8.41,105.59,0 - 47.52
EXP-ZNO-02483,MCF-7,98.03,6,67.38,62.39,53.48,32.35,80.85,56.86,0 - 25.59
EXP-ZNO-02484,A549,39.88,6,26.47,19.08,21.75,73.91,29.36,61.73,0 - 27.78
EXP-ZNO-02485,Caco-2,66.07,6,36.9,27.64,28.82,59.09,34.49,81.23,0 - 36.55
EXP-ZNO-02486,Caco-2,184.5,72,79.98,65.72,61.2,5.0,78.41,34.04,0 - 15.32
EXP-ZNO-02487,PC12,46.38,12,44.57,36.73,42.0,48.92,53.2,50.98,0 - 22.94
EXP-ZNO-02488,CHO,131.74,12,55.3,53.07,42.72,24.38,56.91,70.1,0 - 31.55
EXP-ZNO-02489,NIH-3T3,155.97,48,64.73,54.18,52.61,9.48,59.38,51.0,0 - 22.95
EXP-ZNO-02490,HEK293,58.2,6,13.64,18.78,20.81,69.48,20.34,97.47,0 - 43.86
EXP-ZNO-02491,MCF-7,9.43,24,5.45,4.81,7.41,93.57,7.67,35.0,0 - 15.75
EXP-ZNO-02492,HeLa,163.58,72,76.82,71.8,66.0,8.69,81.69,30.64,0 - 13.79
EXP-ZNO-02493,HEK293,164.32,48,61.2,60.37,52.91,12.4,62.08,47.08,0 - 21.18
EXP-ZNO-02494,HepG2,3.54,72,9.3,5.57,3.22,97.75,4.52,28.59,0 - 12.87
EXP-ZNO-02495,HEK293,188.03,12,52.32,54.43,52.84,18.0,57.42,76.47,0 - 34.41
EXP-ZNO-02496,A549,62.73,24,70.65,58.21,58.6,35.11,76.92,38.0,0 - 17.1
EXP-ZNO-02497,PC12,77.75,12,66.62,59.31,53.49,35.27,72.0,50.98,0 - 22.94
EXP-ZNO-02498,CHO,66.19,24,44.71,35.63,39.52,40.3,45.06,55.0,0 - 24.75
EXP-ZNO-02499,PC12,194.96,6,71.31,67.17,62.73,23.36,82.88,64.98,0 - 29.24
EXP-ZNO-02500,HEK293,87.65,12,45.35,34.83,33.61,42.47,40.89,76.47,0 - 34.41
EXP-ZNO-02501,HeLa,143.53,48,73.96,63.18,63.95,11.67,78.03,35.31,0 - 15.89
EXP-ZNO-02502,HepG2,66.14,24,57.63,45.23,48.0,34.74,61.05,42.0,0 - 18.9
EXP-ZNO-02503,CHO,87.57,48,63.56,46.22,49.11,25.27,57.94,43.15,0 - 19.42
EXP-ZNO-02504,Jurkat,28.68,48,67.38,59.78,57.82,37.31,81.2,23.54,0 - 10.59
EXP-ZNO-02505,PC12,181.8,6,75.63,69.87,70.0,18.27,88.52,64.98,0 - 29.24
EXP-ZNO-02506,HeLa,142.83,6,60.89,49.71,52.29,24.59,65.18,73.1,0 - 32.9
EXP-ZNO-02507,HeLa,56.87,6,35.62,29.33,33.99,56.32,38.46,73.1,0 - 32.9
EXP-ZNO-02508,A549,39.91,72,71.83,70.13,62.61,27.77,84.47,25.87,0 - 11.64
EXP-ZNO-02509,HeLa,97.87,72,80.92,67.42,60.5,9.13,80.81,30.64,0 - 13.79
EXP-ZNO-02510,Jurkat,47.36,24,75.97,72.41,71.28,28.31,94.37,30.0,0 - 13.5
EXP-ZNO-02511,HEK293,105.54,12,45.49,47.55,33.27,40.47,43.34,76.47,0 - 34.41
EXP-ZNO-02512,Jurkat,122.07,72,100.0,93.67,80.67,5.05,121.71,20.42,0 - 9.19
EXP-ZNO-02513,PC12,67.23,6,48.74,49.04,44.29,44.72,59.1,64.98,0 - 29.24
EXP-ZNO-02514,HepG2,140.67,12,82.97,69.14,65.76,11.22,85.28,53.53,0 - 24.09
EXP-ZNO-02515,HepG2,139.4,6,75.9,62.1,60.48,19.62,77.44,68.23,0 - 30.7
EXP-ZNO-02516,CHO,112.71,6,44.52,37.44,42.23,38.01,46.66,89.35,0 - 40.21
EXP-ZNO-02517,PC12,44.96,72,75.33,58.46,56.21,31.38,76.56,27.23,0 - 12.25
EXP-ZNO-02518,NIH-3T3,159.22,72,60.67,56.11,51.23,9.43,58.82,44.25,0 - 19.91
EXP-ZNO-02519,HepG2,183.45,24,82.2,65.84,64.06,11.71,84.07,42.0,0 - 18.9
EXP-ZNO-02520,Jurkat,79.04,72,96.91,85.3,79.21,10.66,115.35,20.42,0 - 9.19
EXP-ZNO-02521,NIH-3T3,188.22,24,51.49,44.0,45.11,22.01,50.13,65.0,0 - 29.25
EXP-ZNO-02522,CHO,157.27,12,53.3,46.19,45.94,26.57,55.08,70.1,0 - 31.55
EXP-ZNO-02523,Caco-2,149.98,6,64.36,58.06,47.93,24.88,63.01,81.23,0 - 36.55
EXP-ZNO-02524,PC12,122.35,24,82.58,74.78,62.65,18.33,89.66,40.0,0 - 18.0
EXP-ZNO-02525,HepG2,127.17,24,79.08,71.74,67.22,10.64,85.41,42.0,0 - 18.9
EXP-ZNO-02526,HEK293,159.56,72,67.87,60.52,56.79,5.0,66.87,40.85,0 - 18.38
EXP-ZNO-02527,Jurkat,162.9,6,91.74,75.67,74.2,21.75,103.94,48.74,0 - 21.93
EXP-ZNO-02528,A549,110.79,6,77.47,69.73,65.99,22.64,89.44,61.73,0 - 27.78
EXP-ZNO-02529,NIH-3T3,41.93,72,27.92,31.3,20.44,54.46,28.89,44.25,0 - 19.91
EXP-ZNO-02530,CHO,136.02,12,56.12,42.48,44.56,30.28,53.23,70.1,0 - 31.55
EXP-ZNO-02531,A549,181.0,6,90.17,81.29,71.07,16.86,98.95,61.73,0 - 27.78
EXP-ZNO-02532,HEK293,165.65,72,61.1,62.4,57.32,7.4,65.01,40.85,0 - 18.38
EXP-ZNO-02533,NIH-3T3,101.25,24,48.62,38.11,36.15,31.1,44.25,65.0,0 - 29.25
EXP-ZNO-02534,Jurkat,118.61,24,96.01,88.73,78.04,10.76,115.49,30.0,0 - 13.5
EXP-ZNO-02535,CHO,71.56,48,54.72,46.93,46.03,26.37,55.53,43.15,0 - 19.42
EXP-ZNO-02536,Caco-2,42.63,24,29.29,27.5,27.57,58.09,33.32,50.0,0 - 22.5
EXP-ZNO-02537,PC12,103.59,12,69.63,62.73,60.69,25.85,79.94,50.98,0 - 22.94
EXP-ZNO-02538,A549,15.67,48,23.53,17.74,19.74,78.06,25.56,29.81,0 - 13.42
EXP-ZNO-02539,HepG2,154.13,24,74.3,63.25,58.53,17.19,78.26,42.0,0 - 18.9
EXP-ZNO-02540,HeLa,77.22,48,63.48,54.94,57.42,23.25,67.92,35.31,0 - 15.89
EXP-ZNO-02541,MCF-7,162.31,24,92.01,77.18,79.26,13.97,106.1,35.0,0 - 15.75
EXP-ZNO-02542,PC12,79.58,24,72.8,64.6,50.73,29.22,77.34,40.0,0 - 18.0
EXP-ZNO-02543,Caco-2,44.08,48,42.44,41.42,33.21,50.35,42.28,39.23,0 - 17.65
EXP-ZNO-02544,HepG2,115.84,72,86.38,77.3,70.97,5.66,91.02,28.59,0 - 12.87
EXP-ZNO-02545,HepG2,17.56,72,25.59,26.44,20.55,65.91,30.67,28.59,0 - 12.87
EXP-ZNO-02546,PC12,103.59,72,83.1,73.81,74.51,12.73,94.88,27.23,0 - 12.25
EXP-ZNO-02547,PC12,83.55,72,94.03,75.51,71.96,12.93,97.13,27.23,0 - 12.25
EXP-ZNO-02548,Jurkat,183.61,24,100.0,84.31,90.64,5.49,121.55,30.0,0 - 13.5
EXP-ZNO-02549,HEK293,5.13,72,6.15,0.0,1.1,97.79,2.12,40.85,0 - 18.38
EXP-ZNO-02550,Jurkat,183.59,72,100.0,89.2,80.87,5.0,120.91,20.42,0 - 9.19
EXP-ZNO-02551,CHO,190.92,48,72.88,64.9,52.48,8.41,70.18,43.15,0 - 19.42
EXP-ZNO-02552,Caco-2,90.65,24,62.38,52.08,47.51,29.69,59.44,50.0,0 - 22.5
EXP-ZNO-02553,HeLa,108.83,72,75.08,66.11,63.4,10.13,79.38,30.64,0 - 13.79
EXP-ZNO-02554,NIH-3T3,119.73,72,55.44,49.6,47.45,15.49,54.32,44.25,0 - 19.91
EXP-ZNO-02555,CHO,30.54,6,8.03,10.9,10.64,87.11,10.15,89.35,0 - 40.21
EXP-ZNO-02556,HepG2,147.26,72,85.93,78.81,71.18,5.0,91.54,28.59,0 - 12.87
EXP-ZNO-02557,HepG2,169.96,24,91.03,75.84,64.4,5.8,90.66,42.0,0 - 18.9
EXP-ZNO-02558,A549,130.5,12,87.45,75.8,79.75,12.62,101.42,48.43,0 - 21.79
EXP-ZNO-02559,HepG2,65.61,72,76.59,63.06,61.65,21.16,77.12,28.59,0 - 12.87
EXP-ZNO-02560,NIH-3T3,169.43,6,48.45,36.47,31.21,36.72,41.19,105.59,0 - 47.52
EXP-ZNO-02561,PC12,139.21,6,78.08,65.15,58.51,24.65,82.62,64.98,0 - 29.24
EXP-ZNO-02562,MCF-7,141.86,12,95.09,78.21,80.23,11.69,108.67,44.61,0 - 20.07
EXP-ZNO-02563,PC12,136.95,24,85.35,74.03,66.8,15.05,92.77,40.0,0 - 18.0
EXP-ZNO-02564,HEK293,145.16,72,69.55,60.96,51.34,8.1,65.2,40.85,0 - 18.38
EXP-ZNO-02565,NIH-3T3,195.14,6,50.87,43.98,36.1,29.83,45.82,105.59,0 - 47.52
EXP-ZNO-02566,NIH-3T3,132.81,6,34.37,31.0,30.2,49.26,33.14,105.59,0 - 47.52
EXP-ZNO-02567,A549,159.59,12,95.14,74.87,78.48,10.04,104.41,48.43,0 - 21.79
EXP-ZNO-02568,MCF-7,45.62,6,50.09,37.46,36.77,56.0,53.94,56.86,0 - 25.59
EXP-ZNO-02569,CHO,49.87,6,20.69,18.68,19.64,71.39,21.77,89.35,0 - 40.21
EXP-ZNO-02570,Jurkat,157.58,24,100.0,89.05,80.6,7.27,119.36,30.0,0 - 13.5
EXP-ZNO-02571,HEK293,168.8,6,50.35,49.57,46.45,26.89,51.87,97.47,0 - 43.86
EXP-ZNO-02572,HEK293,164.12,12,55.88,54.17,45.48,21.68,55.49,76.47,0 - 34.41
EXP-ZNO-02573,MCF-7,134.53,48,94.96,89.42,76.81,7.6,112.66,27.46,0 - 12.36
EXP-ZNO-02574,A549,84.34,48,87.96,76.02,68.18,16.9,96.93,29.81,0 - 13.42
EXP-ZNO-02575,A549,45.41,72,81.25,70.57,64.48,21.93,90.65,25.87,0 - 11.64
EXP-ZNO-02576,Jurkat,130.4,24,100.0,88.61,83.49,5.86,120.75,30.0,0 - 13.5
EXP-ZNO-02577,PC12,152.81,12,77.95,68.26,65.79,17.25,88.63,50.98,0 - 22.94
EXP-ZNO-02578,Jurkat,150.13,48,100.0,92.77,85.38,7.79,120.68,23.54,0 - 10.59
EXP-ZNO-02579,Caco-2,65.0,48,69.3,58.16,52.25,17.59,68.05,39.23,0 - 17.65
EXP-ZNO-02580,CHO,137.89,12,55.51,52.82,51.44,22.5,58.94,70.1,0 - 31.55
EXP-ZNO-02581,HEK293,109.76,24,54.67,50.99,44.35,20.42,55.27,60.0,0 - 27.0
EXP-ZNO-02582,NIH-3T3,140.39,6,45.49,35.45,28.92,38.39,39.65,105.59,0 - 47.52
EXP-ZNO-02583,A549,44.07,6,34.31,32.28,27.74,64.66,40.24,61.73,0 - 27.78
EXP-ZNO-02584,HEK293,19.16,48,26.35,8.15,9.52,81.62,14.54,47.08,0 - 21.18
EXP-ZNO-02585,CHO,150.5,6,59.92,50.96,48.01,27.01,56.99,89.35,0 - 40.21
EXP-ZNO-02586,HeLa,43.76,6,20.56,19.54,19.28,78.27,20.8,73.1,0 - 32.9
EXP-ZNO-02587,CHO,72.21,48,52.91,45.46,46.93,29.42,53.76,43.15,0 - 19.42
EXP-ZNO-02588,A549,27.25,6,26.66,21.6,24.61,74.67,29.91,61.73,0 - 27.78
EXP-ZNO-02589,MCF-7,141.21,12,95.8,80.46,76.16,11.09,108.89,44.61,0 - 20.07
EXP-ZNO-02590,CHO,49.99,72,46.52,39.67,42.44,38.28,47.23,37.44,0 - 16.85
EXP-ZNO-02591,PC12,188.38,72,99.07,79.16,77.46,5.0,104.43,27.23,0 - 12.25
EXP-ZNO-02592,PC12,33.96,24,41.74,37.96,29.75,59.76,44.42,40.0,0 - 18.0
EXP-ZNO-02593,NIH-3T3,184.48,24,52.77,51.94,42.02,10.71,55.43,65.0,0 - 29.25
EXP-ZNO-02594,NIH-3T3,99.49,12,42.1,24.41,25.12,44.21,35.0,82.85,0 - 37.28
EXP-ZNO-02595,PC12,21.84,72,40.46,29.61,30.35,59.33,43.03,27.23,0 - 12.25
EXP-ZNO-02596,A549,73.39,12,61.42,56.53,55.85,35.31,73.78,48.43,0 - 21.79
EXP-ZNO-02597,Caco-2,146.04,12,63.24,55.22,52.09,20.03,65.29,63.73,0 - 28.68
EXP-ZNO-02598,NIH-3T3,65.76,24,28.42,35.98,26.1,50.48,31.8,65.0,0 - 29.25
EXP-ZNO-02599,HeLa,37.73,12,29.29,31.52,31.36,62.72,33.93,57.36,0 - 25.81
EXP-ZNO-02600,Jurkat,132.51,48,92.47,91.08,85.39,6.83,119.01,23.54,0 - 10.59
EXP-ZNO-02601,Jurkat,96.91,24,92.31,85.04,77.57,16.02,110.3,30.0,0 - 13.5
EXP-ZNO-02602,Jurkat,27.02,12,44.15,43.97,44.17,53.64,58.8,38.24,0 - 17.21
EXP-ZNO-02603,HepG2,148.83,6,73.29,62.46,58.71,21.64,75.61,68.23,0 - 30.7
EXP-ZNO-02604,HeLa,37.97,48,48.96,32.2,36.15,49.48,45.3,35.31,0 - 15.89
EXP-ZNO-02605,HeLa,34.59,24,32.7,27.41,20.18,67.28,30.04,45.0,0 - 20.25
EXP-ZNO-02606,HEK293,16.36,6,1.79,3.61,0.0,100.0,0.76,97.47,0 - 43.86
EXP-ZNO-02607,MCF-7,137.72,48,94.48,85.0,76.11,12.38,108.59,27.46,0 - 12.36
EXP-ZNO-02608,HepG2,147.9,6,68.74,57.73,56.55,23.46,72.62,68.23,0 - 30.7
EXP-ZNO-02609,CHO,177.98,48,74.04,57.97,61.42,5.0,72.19,43.15,0 - 19.42
EXP-ZNO-02610,Caco-2,21.78,24,15.31,14.42,13.43,82.28,15.29,50.0,0 - 22.5
EXP-ZNO-02611,A549,103.47,12,96.11,71.85,75.37,13.47,101.48,48.43,0 - 21.79
EXP-ZNO-02612,Caco-2,72.01,6,34.01,27.33,34.85,52.52,37.88,81.23,0 - 36.55
EXP-ZNO-02613,MCF-7,57.68,72,81.41,70.76,68.59,23.6,94.23,23.83,0 - 10.72
EXP-ZNO-02614,HeLa,108.25,12,60.25,50.8,50.54,28.51,63.0,57.36,0 - 25.81
EXP-ZNO-02615,HEK293,184.36,72,68.57,55.19,56.65,9.34,64.45,40.85,0 - 18.38
EXP-ZNO-02616,PC12,156.96,12,78.01,73.35,61.44,13.88,90.71,50.98,0 - 22.94
EXP-ZNO-02617,CHO,90.77,12,45.68,44.72,39.5,40.66,46.3,70.1,0 - 31.55
EXP-ZNO-02618,HeLa,64.21,48,64.03,57.46,50.65,26.53,65.76,35.31,0 - 15.89
EXP-ZNO-02619,PC12,164.38,12,97.23,79.04,74.31,7.49,102.01,50.98,0 - 22.94
EXP-ZNO-02620,PC12,168.06,24,85.86,83.29,76.99,7.67,100.49,40.0,0 - 18.0
EXP-ZNO-02621,MCF-7,13.34,24,16.65,13.19,15.57,82.85,20.27,35.0,0 - 15.75
EXP-ZNO-02622,Jurkat,165.5,48,100.0,83.05,87.24,5.75,120.47,23.54,0 - 10.59
EXP-ZNO-02623,CHO,11.72,72,9.13,12.52,11.41,85.11,11.57,37.44,0 - 16.85
EXP-ZNO-02624,HEK293,6.07,24,1.47,9.62,3.62,95.75,3.74,60.0,0 - 27.0
EXP-ZNO-02625,NIH-3T3,14.52,48,8.33,4.78,6.67,91.71,6.02,51.0,0 - 22.95
EXP-ZNO-02626,MCF-7,16.35,72,31.5,29.05,25.58,69.3,37.31,23.83,0 - 10.72
EXP-ZNO-02627,A549,57.65,6,59.7,45.23,48.64,46.64,63.24,61.73,0 - 27.78
EXP-ZNO-02628,HEK293,86.47,6,38.94,27.65,30.16,56.09,32.65,97.47,0 - 43.86
EXP-ZNO-02629,Caco-2,146.59,48,65.99,59.32,55.73,16.11,68.78,39.23,0 - 17.65
EXP-ZNO-02630,NIH-3T3,151.72,48,54.21,56.59,44.02,14.49,54.95,51.0,0 - 22.95
EXP-ZNO-02631,A549,129.12,6,81.78,71.44,64.74,21.38,91.31,61.73,0 - 27.78
EXP-ZNO-02632,HepG2,22.25,24,21.83,25.13,21.52,72.12,26.57,42.0,0 - 18.9
EXP-ZNO-02633,CHO,189.99,6,73.07,55.75,52.66,14.58,66.23,89.35,0 - 40.21
EXP-ZNO-02634,Caco-2,74.68,12,44.09,41.26,44.46,42.82,47.75,63.73,0 - 28.68
EXP-ZNO-02635,HeLa,80.88,12,49.47,46.81,42.07,40.63,52.91,57.36,0 - 25.81
EXP-ZNO-02636,Caco-2,63.89,24,46.85,39.71,32.82,42.6,46.5,50.0,0 - 22.5
EXP-ZNO-02637,A549,169.02,6,90.66,77.43,67.2,15.14,98.71,61.73,0 - 27.78
EXP-ZNO-02638,HepG2,199.96,6,68.09,53.68,52.9,26.94,69.44,68.23,0 - 30.7
EXP-ZNO-02639,A549,101.34,48,91.76,71.72,70.61,12.24,100.3,29.81,0 - 13.42
EXP-ZNO-02640,HEK293,29.44,6,9.14,13.13,10.03,87.32,9.9,97.47,0 - 43.86
EXP-ZNO-02641,Caco-2,7.29,24,6.01,12.48,6.01,88.26,9.35,50.0,0 - 22.5
EXP-ZNO-02642,HeLa,175.91,6,64.51,52.98,52.38,23.69,66.86,73.1,0 - 32.9
EXP-ZNO-02643,A549,117.75,48,83.59,71.56,67.54,18.59,93.95,29.81,0 - 13.42
EXP-ZNO-02644,PC12,166.88,24,85.87,76.26,73.73,12.93,95.69,40.0,0 - 18.0
EXP-ZNO-02645,Caco-2,134.19,72,63.74,61.86,65.44,12.05,72.03,34.04,0 - 15.32
EXP-ZNO-02646,A549,166.13,6,79.06,74.91,73.82,17.31,95.36,61.73,0 - 27.78
EXP-ZNO-02647,HEK293,87.41,24,46.56,36.87,39.31,36.71,44.53,60.0,0 - 27.0
EXP-ZNO-02648,A549,75.33,12,74.13,68.88,58.89,30.32,82.6,48.43,0 - 21.79
EXP-ZNO-02649,HEK293,8.97,48,1.59,0.81,3.61,93.75,3.49,47.08,0 - 21.18
EXP-ZNO-02650,PC12,146.89,12,88.36,81.83,74.06,9.49,99.26,50.98,0 - 22.94
EXP-ZNO-02651,A549,155.49,24,93.79,80.08,76.85,9.69,104.94,38.0,0 - 17.1
EXP-ZNO-02652,MCF-7,192.78,72,100.0,99.35,81.13,5.0,118.22,23.83,0 - 10.72
EXP-ZNO-02653,Caco-2,156.78,24,72.26,60.21,56.92,11.84,72.3,50.0,0 - 22.5
EXP-ZNO-02654,NIH-3T3,71.16,6,20.81,23.6,18.92,63.64,22.98,105.59,0 - 47.52
EXP-ZNO-02655,A549,76.16,48,80.48,77.09,67.74,19.48,93.7,29.81,0 - 13.42
EXP-ZNO-02656,MCF-7,60.93,72,90.0,84.85,76.31,13.79,106.6,23.83,0 - 10.72
EXP-ZNO-02657,Caco-2,16.49,24,2.47,14.55,13.33,92.11,8.19,50.0,0 - 22.5
EXP-ZNO-02658,PC12,160.43,12,75.44,68.41,65.08,20.19,86.27,50.98,0 - 22.94
EXP-ZNO-02659,HepG2,46.84,6,35.5,35.84,32.44,62.62,37.83,68.23,0 - 30.7
EXP-ZNO-02660,A549,110.88,24,88.2,76.07,70.41,17.8,96.85,38.0,0 - 17.1
EXP-ZNO-02661,Jurkat,133.13,6,84.75,79.62,68.16,18.78,103.65,48.74,0 - 21.93
EXP-ZNO-02662,CHO,38.88,72,44.6,41.14,32.56,46.84,41.9,37.44,0 - 16.85
EXP-ZNO-02663,HeLa,16.36,6,13.74,10.48,9.58,84.83,13.34,73.1,0 - 32.9
EXP-ZNO-02664,HepG2,147.17,48,70.0,71.01,65.75,13.77,81.51,32.95,0 - 14.83
EXP-ZNO-02665,Caco-2,14.01,72,20.56,13.81,15.18,77.33,18.81,34.04,0 - 15.32
EXP-ZNO-02666,HEK293,152.12,24,63.92,54.92,49.24,13.48,60.92,60.0,0 - 27.0
EXP-ZNO-02667,HepG2,53.18,72,65.25,55.37,59.16,22.05,72.66,28.59,0 - 12.87
EXP-ZNO-02668,NIH-3T3,117.08,6,43.37,35.17,31.31,40.46,38.73,105.59,0 - 47.52
EXP-ZNO-02669,PC12,32.19,6,19.84,13.77,12.43,81.77,19.56,64.98,0 - 29.24
EXP-ZNO-02670,HEK293,18.65,6,1.63,7.65,7.27,90.09,6.39,97.47,0 - 43.86
EXP-ZNO-02671,HEK293,3.89,24,5.96,0.0,1.85,94.12,3.75,60.0,0 - 27.0
EXP-ZNO-02672,HEK293,4.39,48,1.85,0.42,7.37,93.16,4.21,47.08,0 - 21.18
EXP-ZNO-02673,Jurkat,75.51,72,87.83,85.63,74.9,16.06,108.7,20.42,0 - 9.19
EXP-ZNO-02674,HEK293,131.56,48,58.08,52.67,48.3,19.8,56.83,47.08,0 - 21.18
EXP-ZNO-02675,Jurkat,12.74,48,41.17,38.76,32.13,69.84,44.13,23.54,0 - 10.59
EXP-ZNO-02676,PC12,35.78,72,59.71,48.92,40.34,46.31,60.0,27.23,0 - 12.25
EXP-ZNO-02677,HepG2,48.39,6,35.96,23.43,26.67,67.65,32.43,68.23,0 - 30.7
EXP-ZNO-02678,NIH-3T3,46.83,24,22.57,28.14,22.6,63.12,24.45,65.0,0 - 29.25
EXP-ZNO-02679,Caco-2,55.4,72,61.08,49.69,47.19,31.59,57.91,34.04,0 - 15.32
EXP-ZNO-02680,HeLa,157.77,24,79.75,75.32,78.33,5.0,86.5,45.0,0 - 20.25
EXP-ZNO-02681,PC12,131.3,72,91.32,76.59,77.57,5.0,102.22,27.23,0 - 12.25
EXP-ZNO-02682,Jurkat,45.38,72,84.42,68.98,71.21,22.71,99.52,20.42,0 - 9.19
EXP-ZNO-02683,PC12,55.41,72,69.8,61.77,61.27,28.65,78.3,27.23,0 - 12.25
EXP-ZNO-02684,HeLa,8.47,12,6.38,3.61,0.0,99.75,1.94,57.36,0 - 25.81
EXP-ZNO-02685,HepG2,22.6,24,23.73,22.64,19.74,76.66,23.91,42.0,0 - 18.9
EXP-ZNO-02686,Caco-2,66.96,24,61.68,52.36,51.53,29.9,59.82,50.0,0 - 22.5
EXP-ZNO-02687,HEK293,116.63,12,48.87,38.92,36.13,35.42,45.32,76.47,0 - 34.41
EXP-ZNO-02688,HepG2,78.8,6,52.28,45.87,32.82,45.63,51.92,68.23,0 - 30.7
EXP-ZNO-02689,Jurkat,23.09,48,59.26,50.32,50.11,46.89,69.51,23.54,0 - 10.59
EXP-ZNO-02690,MCF-7,71.62,12,72.64,58.86,54.92,31.97,82.01,44.61,0 - 20.07
EXP-ZNO-02691,PC12,88.05,48,82.51,65.59,67.84,15.96,90.32,31.38,0 - 14.12
EXP-ZNO-02692,HeLa,138.77,24,73.62,67.88,64.64,13.03,78.09,45.0,0 - 20.25
EXP-ZNO-02693,Caco-2,54.23,24,42.66,38.53,36.55,45.96,44.47,50.0,0 - 22.5
EXP-ZNO-02694,PC12,157.06,48,94.1,77.92,68.35,11.19,97.94,31.38,0 - 14.12
EXP-ZNO-02695,Jurkat,196.83,24,92.87,84.88,84.6,7.81,117.12,30.0,0 - 13.5
EXP-ZNO-02696,HeLa,123.58,6,58.31,58.01,51.18,32.32,61.88,73.1,0 - 32.9
EXP-ZNO-02697,A549,64.43,24,66.06,54.53,55.71,34.57,74.96,38.0,0 - 17.1
EXP-ZNO-02698,Caco-2,193.16,72,73.81,68.7,58.9,5.0,77.33,34.04,0 - 15.32
EXP-ZNO-02699,A549,39.86,12,30.47,27.41,29.45,68.9,36.21,48.43,0 - 21.79
EXP-ZNO-02700,NIH-3T3,185.87,12,45.66,46.06,41.27,22.52,48.78,82.85,0 - 37.28
EXP-ZNO-02701,Caco-2,114.38,24,70.21,63.04,52.95,19.93,67.9,50.0,0 - 22.5
EXP-ZNO-02702,A549,32.78,72,52.73,49.82,43.13,45.41,62.14,25.87,0 - 11.64
EXP-ZNO-02703,Jurkat,33.67,24,62.41,45.77,48.73,46.57,69.38,30.0,0 - 13.5
EXP-ZNO-02704,CHO,18.65,24,16.14,10.68,16.48,81.89,14.72,55.0,0 - 24.75
EXP-ZNO-02705,Jurkat,161.81,6,100.0,88.98,87.63,6.95,120.92,48.74,0 - 21.93
EXP-ZNO-02706,MCF-7,86.74,72,99.07,78.56,75.98,14.48,107.19,23.83,0 - 10.72
EXP-ZNO-02707,MCF-7,147.51,48,100.0,85.76,83.37,5.0,116.09,27.46,0 - 12.36
EXP-ZNO-02708,A549,174.95,48,100.0,86.13,82.66,5.0,111.38,29.81,0 - 13.42
EXP-ZNO-02709,PC12,90.54,24,84.2,70.43,64.26,16.11,90.84,40.0,0 - 18.0
EXP-ZNO-02710,HEK293,112.06,24,55.54,46.0,36.18,28.32,50.38,60.0,0 - 27.0
EXP-ZNO-02711,MCF-7,31.26,6,27.1,28.94,25.39,71.44,34.81,56.86,0 - 25.59
EXP-ZNO-02712,Jurkat,145.28,72,100.0,86.97,84.43,5.0,121.17,20.42,0 - 9.19
EXP-ZNO-02713,MCF-7,72.08,12,66.97,60.98,59.71,36.57,79.02,44.61,0 - 20.07
EXP-ZNO-02714,A549,130.66,48,96.83,84.37,79.55,5.0,109.74,29.81,0 - 13.42
EXP-ZNO-02715,MCF-7,118.77,12,88.27,78.33,69.43,16.6,101.9,44.61,0 - 20.07
EXP-ZNO-02716,HepG2,161.22,24,75.69,66.43,62.54,14.96,80.85,42.0,0 - 18.9
EXP-ZNO-02717,CHO,12.9,48,19.63,8.19,11.02,77.85,16.09,43.15,0 - 19.42
EXP-ZNO-02718,PC12,124.01,12,81.67,73.21,72.18,16.68,91.77,50.98,0 - 22.94
EXP-ZNO-02719,NIH-3T3,194.55,72,62.43,54.95,50.97,8.2,59.42,44.25,0 - 19.91
EXP-ZNO-02720,HeLa,149.49,48,68.38,53.6,57.89,15.32,72.74,35.31,0 - 15.89
EXP-ZNO-02721,PC12,53.14,48,72.78,59.19,60.33,32.26,76.31,31.38,0 - 14.12
EXP-ZNO-02722,HeLa,0.95,12,0.0,0.38,0.74,100.0,0.17,57.36,0 - 25.81
EXP-ZNO-02723,A549,133.76,6,89.51,78.81,67.07,17.76,97.08,61.73,0 - 27.78
EXP-ZNO-02724,CHO,177.91,12,68.17,57.49,50.64,18.6,63.5,70.1,0 - 31.55
EXP-ZNO-02725,CHO,85.54,48,59.47,46.47,49.3,23.41,58.1,43.15,0 - 19.42
EXP-ZNO-02726,CHO,168.97,72,70.85,62.69,53.02,10.14,68.81,37.44,0 - 16.85
EXP-ZNO-02727,A549,69.74,72,91.03,78.07,75.09,12.36,102.0,25.87,0 - 11.64
EXP-ZNO-02728,Jurkat,143.58,72,100.0,94.48,85.25,5.0,122.8,20.42,0 - 9.19
EXP-ZNO-02729,Caco-2,106.36,12,57.22,49.19,46.99,31.82,56.96,63.73,0 - 28.68
EXP-ZNO-02730,HepG2,54.66,72,70.08,62.23,57.93,20.6,75.33,28.59,0 - 12.87
EXP-ZNO-02731,Caco-2,117.42,24,64.27,59.48,48.8,22.65,64.38,50.0,0 - 22.5
EXP-ZNO-02732,Caco-2,131.48,24,61.27,56.12,49.55,20.58,64.42,50.0,0 - 22.5
EXP-ZNO-02733,Jurkat,145.17,12,100.0,91.85,80.96,5.13,121.36,38.24,0 - 17.21
EXP-ZNO-02734,MCF-7,180.35,24,98.07,86.47,76.15,6.98,113.15,35.0,0 - 15.75
EXP-ZNO-02735,CHO,180.76,48,77.49,63.25,57.94,5.3,72.92,43.15,0 - 19.42
EXP-ZNO-02736,HeLa,182.57,6,82.86,68.78,65.04,9.68,81.81,73.1,0 - 32.9
EXP-ZNO-02737,PC12,77.74,12,60.88,50.59,46.36,38.65,66.0,50.98,0 - 22.94
EXP-ZNO-02738,HEK293,168.68,12,52.31,47.82,48.65,25.11,53.02,76.47,0 - 34.41
EXP-ZNO-02739,Jurkat,158.11,12,100.0,86.83,76.94,11.19,115.66,38.24,0 - 17.21
EXP-ZNO-02740,Jurkat,153.64,48,100.0,89.38,81.82,9.39,118.28,23.54,0 - 10.59
EXP-ZNO-02741,Caco-2,193.93,12,60.04,57.71,54.12,20.45,65.13,63.73,0 - 28.68
EXP-ZNO-02742,A549,195.91,48,98.53,89.64,77.47,5.0,110.73,29.81,0 - 13.42
EXP-ZNO-02743,HEK293,161.36,48,62.02,60.71,54.38,8.39,64.15,47.08,0 - 21.18
EXP-ZNO-02744,Caco-2,132.33,12,52.88,51.91,44.84,29.68,57.24,63.73,0 - 28.68
EXP-ZNO-02745,Jurkat,124.92,72,100.0,81.57,90.21,6.54,120.25,20.42,0 - 9.19
EXP-ZNO-02746,A549,30.96,48,59.69,49.28,42.18,47.36,62.37,29.81,0 - 13.42
EXP-ZNO-02747,HepG2,186.69,72,78.01,66.07,58.21,14.18,81.01,28.59,0 - 12.87
EXP-ZNO-02748,PC12,106.48,72,79.53,75.25,71.9,15.08,92.5,27.23,0 - 12.25
EXP-ZNO-02749,Caco-2,121.7,72,73.45,63.23,59.54,8.24,75.04,34.04,0 - 15.32
EXP-ZNO-02750,NIH-3T3,198.49,12,51.31,42.71,43.17,27.8,47.4,82.85,0 - 37.28
EXP-ZNO-02751,Caco-2,146.81,48,69.92,65.47,60.22,8.03,74.88,39.23,0 - 17.65
EXP-ZNO-02752,CHO,92.66,6,39.94,30.58,32.13,47.39,39.33,89.35,0 - 40.21
EXP-ZNO-02753,HEK293,94.58,24,50.63,48.4,41.24,30.92,49.4,60.0,0 - 27.0
EXP-ZNO-02754,PC12,51.32,24,68.92,51.77,51.16,39.36,68.48,40.0,0 - 18.0
EXP-ZNO-02755,A549,96.72,24,83.03,76.28,68.15,17.88,95.2,38.0,0 - 17.1
EXP-ZNO-02756,HeLa,162.21,72,76.46,72.16,63.82,7.67,81.85,30.64,0 - 13.79
EXP-ZNO-02757,NIH-3T3,194.2,12,57.22,51.5,46.3,15.09,54.86,82.85,0 - 37.28
EXP-ZNO-02758,HepG2,177.04,72,78.39,74.98,65.4,8.48,86.62,28.59,0 - 12.87
EXP-ZNO-02759,HepG2,116.99,12,68.07,62.53,56.32,23.38,73.24,53.53,0 - 24.09
EXP-ZNO-02760,HepG2,73.84,12,39.9,39.98,44.41,42.52,51.85,53.53,0 - 24.09
EXP-ZNO-02761,PC12,192.81,72,92.6,80.28,76.37,6.75,101.94,27.23,0 - 12.25
EXP-ZNO-02762,Jurkat,170.23,12,100.0,89.56,76.84,10.43,116.67,38.24,0 - 17.21
EXP-ZNO-02763,Jurkat,86.49,12,89.8,77.84,74.79,19.77,105.26,38.24,0 - 17.21
EXP-ZNO-02764,HepG2,93.75,6,53.25,51.79,43.8,41.67,56.86,68.23,0 - 30.7
EXP-ZNO-02765,HeLa,24.69,72,34.43,30.83,32.52,58.7,37.04,30.64,0 - 13.79
EXP-ZNO-02766,NIH-3T3,94.23,24,36.47,41.12,35.69,35.46,40.87,65.0,0 - 29.25
EXP-ZNO-02767,MCF-7,152.58,12,95.42,91.69,80.76,7.73,113.86,44.61,0 - 20.07
EXP-ZNO-02768,MCF-7,195.37,6,89.85,75.67,74.86,13.4,104.81,56.86,0 - 25.59
EXP-ZNO-02769,HeLa,48.54,72,63.12,57.99,50.0,30.0,63.82,30.64,0 - 13.79
EXP-ZNO-02770,Caco-2,67.01,72,59.79,54.98,49.35,24.53,62.08,34.04,0 - 15.32
EXP-ZNO-02771,Caco-2,61.96,24,44.84,45.36,39.75,42.58,47.92,50.0,0 - 22.5
EXP-ZNO-02772,NIH-3T3,142.26,72,65.77,55.27,47.41,11.72,58.16,44.25,0 - 19.91
EXP-ZNO-02773,Caco-2,139.8,24,64.06,61.92,55.16,22.78,65.53,50.0,0 - 22.5
EXP-ZNO-02774,HeLa,54.11,6,28.26,29.89,33.7,57.29,36.55,73.1,0 - 32.9
EXP-ZNO-02775,HEK293,50.67,24,40.5,28.32,30.08,54.14,33.82,60.0,0 - 27.0
EXP-ZNO-02776,HepG2,170.1,12,74.14,68.83,67.2,14.91,81.67,53.53,0 - 24.09
EXP-ZNO-02777,Caco-2,70.62,24,43.8,46.51,48.76,37.77,51.46,50.0,0 - 22.5
EXP-ZNO-02778,CHO,170.84,6,61.21,42.93,46.2,23.49,57.48,89.35,0 - 40.21
EXP-ZNO-02779,CHO,165.11,6,55.48,57.25,47.5,22.17,59.15,89.35,0 - 40.21
EXP-ZNO-02780,CHO,44.94,72,46.62,35.61,35.27,40.24,44.85,37.44,0 - 16.85
EXP-ZNO-02781,PC12,55.76,12,57.56,46.13,45.67,44.95,60.73,50.98,0 - 22.94
EXP-ZNO-02782,HEK293,191.38,12,67.27,52.56,50.99,15.72,60.46,76.47,0 - 34.41
EXP-ZNO-02783,HepG2,114.12,48,78.84,69.04,64.98,12.19,83.76,32.95,0 - 14.83
EXP-ZNO-02784,HepG2,71.14,24,60.81,56.42,49.13,31.02,65.61,42.0,0 - 18.9
EXP-ZNO-02785,PC12,118.63,6,68.98,56.11,55.06,30.6,74.95,64.98,0 - 29.24
EXP-ZNO-02786,HepG2,71.7,12,57.58,35.77,38.99,42.5,54.05,53.53,0 - 24.09
EXP-ZNO-02787,Jurkat,136.56,6,96.37,82.23,79.14,13.26,112.9,48.74,0 - 21.93
EXP-ZNO-02788,CHO,27.22,24,23.79,13.55,17.6,75.04,19.72,55.0,0 - 24.75
EXP-ZNO-02789,Caco-2,61.44,48,56.55,53.42,43.9,30.48,57.63,39.23,0 - 17.65
EXP-ZNO-02790,Jurkat,2.89,12,1.87,4.48,0.0,100.0,1.36,38.24,0 - 17.21
EXP-ZNO-02791,PC12,89.31,12,76.58,65.53,55.52,26.33,80.85,50.98,0 - 22.94
EXP-ZNO-02792,PC12,182.29,24,87.03,83.93,75.4,5.91,101.6,40.0,0 - 18.0
EXP-ZNO-02793,HEK293,75.65,72,54.66,54.12,47.96,22.77,55.13,40.85,0 - 18.38
EXP-ZNO-02794,Jurkat,155.81,72,100.0,93.28,89.79,5.0,123.45,20.42,0 - 9.19
EXP-ZNO-02795,PC12,13.52,48,21.05,7.79,11.2,89.66,14.06,31.38,0 - 14.12
EXP-ZNO-02796,MCF-7,165.39,6,95.61,73.89,74.36,15.67,104.41,56.86,0 - 25.59
EXP-ZNO-02797,CHO,145.53,48,66.1,55.62,53.96,14.37,65.22,43.15,0 - 19.42
EXP-ZNO-02798,Jurkat,44.63,48,80.53,82.49,70.82,22.79,101.02,23.54,0 - 10.59
EXP-ZNO-02799,NIH-3T3,11.3,48,8.3,3.9,5.14,93.97,4.82,51.0,0 - 22.95
EXP-ZNO-02800,CHO,58.49,6,22.33,28.23,20.06,59.74,28.66,89.35,0 - 40.21
EXP-ZNO-02801,A549,23.68,48,39.35,37.09,33.07,61.16,45.38,29.81,0 - 13.42
EXP-ZNO-02802,HepG2,14.88,12,14.67,18.51,21.95,79.0,20.48,53.53,0 - 24.09
EXP-ZNO-02803,A549,94.66,6,81.37,64.56,63.12,26.46,86.64,61.73,0 - 27.78
EXP-ZNO-02804,CHO,78.03,6,39.45,36.44,30.52,48.95,39.11,89.35,0 - 40.21
EXP-ZNO-02805,HEK293,64.36,72,53.1,44.06,41.45,32.16,48.76,40.85,0 - 18.38
EXP-ZNO-02806,HeLa,178.06,12,71.88,60.45,60.46,12.7,76.16,57.36,0 - 25.81
EXP-ZNO-02807,HEK293,26.56,6,5.79,5.79,5.82,92.77,5.54,97.47,0 - 43.86
EXP-ZNO-02808,HepG2,98.51,12,61.62,65.05,56.63,26.54,70.67,53.53,0 - 24.09
EXP-ZNO-02809,NIH-3T3,11.01,6,0.43,2.31,5.46,90.59,4.77,105.59,0 - 47.52
EXP-ZNO-02810,HepG2,82.14,12,61.21,57.37,51.26,30.13,66.65,53.53,0 - 24.09
EXP-ZNO-02811,HeLa,129.37,24,72.52,69.22,64.06,9.88,79.56,45.0,0 - 20.25
EXP-ZNO-02812,A549,190.02,24,93.34,76.59,69.19,17.87,97.92,38.0,0 - 17.1
EXP-ZNO-02813,HEK293,16.71,72,11.43,10.57,9.21,82.53,11.89,40.85,0 - 18.38
EXP-ZNO-02814,MCF-7,178.42,72,100.0,87.91,83.85,6.71,115.51,23.83,0 - 10.72
EXP-ZNO-02815,PC12,26.87,24,37.96,37.41,32.93,58.84,44.53,40.0,0 - 18.0
EXP-ZNO-02816,CHO,25.05,24,17.24,8.99,13.97,77.55,16.31,55.0,0 - 24.75
EXP-ZNO-02817,Caco-2,58.16,6,35.6,32.02,24.86,58.29,34.68,81.23,0 - 36.55
EXP-ZNO-02818,NIH-3T3,32.77,6,7.1,8.46,10.91,89.21,7.78,105.59,0 - 47.52
EXP-ZNO-02819,Caco-2,133.68,48,65.43,62.33,62.51,11.01,72.49,39.23,0 - 17.65
EXP-ZNO-02820,Caco-2,148.56,6,55.31,48.74,48.29,25.54,59.7,81.23,0 - 36.55
EXP-ZNO-02821,HEK293,99.74,6,33.89,27.1,28.57,51.99,33.26,97.47,0 - 43.86
EXP-ZNO-02822,HepG2,147.1,12,78.06,67.8,63.29,17.52,80.34,53.53,0 - 24.09
EXP-ZNO-02823,Jurkat,17.69,48,47.73,45.64,37.25,55.48,57.51,23.54,0 - 10.59
EXP-ZNO-02824,HEK293,160.63,6,47.78,37.63,41.92,30.8,47.68,97.47,0 - 43.86
EXP-ZNO-02825,Jurkat,141.44,48,100.0,91.88,81.97,5.0,121.65,23.54,0 - 10.59
EXP-ZNO-02826,MCF-7,72.32,72,100.0,83.02,78.76,11.07,110.91,23.83,0 - 10.72
EXP-ZNO-02827,HEK293,51.83,12,19.9,11.63,19.57,70.6,19.86,76.47,0 - 34.41
EXP-ZNO-02828,PC12,45.92,48,67.98,56.4,53.28,35.21,71.81,31.38,0 - 14.12
EXP-ZNO-02829,CHO,136.15,48,68.12,56.76,49.85,16.98,64.01,43.15,0 - 19.42
EXP-ZNO-02830,CHO,125.05,72,65.35,60.37,57.18,12.01,67.23,37.44,0 - 16.85
EXP-ZNO-02831,A549,72.51,12,67.5,59.22,52.85,35.66,74.98,48.43,0 - 21.79
EXP-ZNO-02832,CHO,9.92,48,7.96,4.48,9.04,89.12,8.15,43.15,0 - 19.42
EXP-ZNO-02833,HeLa,97.54,48,77.38,70.93,60.81,12.6,78.94,35.31,0 - 15.89
EXP-ZNO-02834,HeLa,121.56,24,76.69,69.53,58.74,12.25,78.45,45.0,0 - 20.25
EXP-ZNO-02835,A549,133.46,72,88.99,81.05,80.76,8.3,105.5,25.87,0 - 11.64
EXP-ZNO-02836,HepG2,133.47,6,62.0,59.47,55.31,28.43,68.67,68.23,0 - 30.7
EXP-ZNO-02837,MCF-7,76.74,12,81.3,64.77,64.75,27.9,89.67,44.61,0 - 20.07
EXP-ZNO-02838,Jurkat,187.63,48,100.0,91.19,85.82,5.91,121.68,23.54,0 - 10.59
EXP-ZNO-02839,NIH-3T3,176.3,24,51.98,47.98,51.08,13.41,54.84,65.0,0 - 29.25
EXP-ZNO-02840,PC12,19.95,12,18.41,20.23,10.68,81.54,20.18,50.98,0 - 22.94
EXP-ZNO-02841,PC12,102.93,48,87.78,77.21,65.04,14.66,93.8,31.38,0 - 14.12
EXP-ZNO-02842,HepG2,85.63,48,73.27,68.74,59.06,18.27,78.42,32.95,0 - 14.83
EXP-ZNO-02843,Jurkat,106.52,24,87.77,85.13,79.72,16.15,109.47,30.0,0 - 13.5
EXP-ZNO-02844,Jurkat,142.48,6,97.15,83.79,76.85,14.32,112.28,48.74,0 - 21.93
EXP-ZNO-02845,NIH-3T3,170.89,6,47.42,43.01,39.07,29.55,45.62,105.59,0 - 47.52
EXP-ZNO-02846,HEK293,139.39,48,67.16,56.18,52.5,9.52,63.73,47.08,0 - 21.18
EXP-ZNO-02847,MCF-7,142.76,24,91.85,85.02,76.12,10.36,109.2,35.0,0 - 15.75
EXP-ZNO-02848,HeLa,113.26,6,50.57,46.13,45.33,33.05,57.31,73.1,0 - 32.9
EXP-ZNO-02849,Jurkat,61.62,24,88.33,79.82,67.39,25.05,100.39,30.0,0 - 13.5
EXP-ZNO-02850,HEK293,138.72,12,62.41,57.14,45.63,20.22,57.62,76.47,0 - 34.41
EXP-ZNO-02851,CHO,26.16,6,7.24,3.42,1.83,90.82,6.14,89.35,0 - 40.21
EXP-ZNO-02852,A549,134.12,48,100.0,79.4,81.93,5.0,110.04,29.81,0 - 13.42
EXP-ZNO-02853,CHO,9.66,24,5.64,0.0,0.0,98.37,1.75,55.0,0 - 24.75
EXP-ZNO-02854,CHO,191.65,6,70.38,57.5,57.52,15.42,66.26,89.35,0 - 40.21
EXP-ZNO-02855,HepG2,4.61,6,0.0,5.88,0.5,97.96,2.08,68.23,0 - 30.7
EXP-ZNO-02856,A549,148.84,12,82.41,75.45,71.16,14.86,97.25,48.43,0 - 21.79
EXP-ZNO-02857,A549,78.92,12,63.45,61.52,57.34,30.85,78.11,48.43,0 - 21.79
EXP-ZNO-02858,Caco-2,179.8,12,75.71,65.94,55.18,13.16,72.89,63.73,0 - 28.68
EXP-ZNO-02859,HEK293,156.12,6,45.59,40.02,35.85,30.54,46.94,97.47,0 - 43.86
EXP-ZNO-02860,HeLa,191.47,6,70.72,65.5,56.05,17.83,73.46,73.1,0 - 32.9
EXP-ZNO-02861,NIH-3T3,197.12,12,49.47,47.86,42.25,29.33,47.0,82.85,0 - 37.28
EXP-ZNO-02862,HepG2,143.13,72,76.96,70.85,61.86,11.92,83.31,28.59,0 - 12.87
EXP-ZNO-02863,HeLa,24.03,24,24.49,23.57,15.75,70.82,25.39,45.0,0 - 20.25
EXP-ZNO-02864,PC12,109.49,72,90.82,80.58,75.47,5.0,102.43,27.23,0 - 12.25
EXP-ZNO-02865,Caco-2,158.17,6,45.28,52.06,50.71,29.56,56.71,81.23,0 - 36.55
EXP-ZNO-02866,HEK293,62.19,24,28.04,34.52,29.1,49.46,34.36,60.0,0 - 27.0
EXP-ZNO-02867,NIH-3T3,100.42,72,43.1,44.13,44.4,20.0,49.52,44.25,0 - 19.91
EXP-ZNO-02868,A549,134.34,72,97.06,83.76,76.98,5.0,109.23,25.87,0 - 11.64
EXP-ZNO-02869,A549,59.73,12,61.14,45.3,51.25,37.22,69.72,48.43,0 - 21.79
EXP-ZNO-02870,MCF-7,36.31,24,60.86,53.59,46.07,45.79,67.78,35.0,0 - 15.75
EXP-ZNO-02871,NIH-3T3,89.61,6,27.08,23.12,31.08,54.42,29.07,105.59,0 - 47.52
EXP-ZNO-02872,PC12,74.97,12,67.0,55.02,52.96,36.23,70.7,50.98,0 - 22.94
EXP-ZNO-02873,HepG2,39.07,24,41.77,33.85,30.14,59.61,40.05,42.0,0 - 18.9
EXP-ZNO-02874,HepG2,122.68,12,69.34,60.88,56.78,17.31,76.51,53.53,0 - 24.09
EXP-ZNO-02875,PC12,32.79,12,30.5,23.55,29.46,67.22,35.01,50.98,0 - 22.94
EXP-ZNO-02876,Jurkat,0.95,48,0.0,2.95,0.0,99.48,0.91,23.54,0 - 10.59
EXP-ZNO-02877,CHO,66.58,24,46.4,32.61,35.81,44.83,42.42,55.0,0 - 24.75
EXP-ZNO-02878,PC12,24.52,48,29.86,28.87,30.25,62.91,38.39,31.38,0 - 14.12
EXP-ZNO-02879,A549,194.64,48,98.88,83.58,76.53,5.0,109.55,29.81,0 - 13.42
EXP-ZNO-02880,A549,163.4,12,100.0,89.93,79.15,5.0,111.43,48.43,0 - 21.79
EXP-ZNO-02881,HepG2,182.3,24,82.91,72.2,69.55,7.8,88.14,42.0,0 - 18.9
EXP-ZNO-02882,Caco-2,6.15,6,10.43,0.0,5.09,97.36,3.96,81.23,0 - 36.55
EXP-ZNO-02883,Jurkat,4.88,6,6.31,0.04,2.5,98.55,3.08,48.74,0 - 21.93
EXP-ZNO-02884,Caco-2,73.55,24,60.71,53.56,43.3,31.11,58.06,50.0,0 - 22.5
EXP-ZNO-02885,Caco-2,141.48,72,69.86,68.57,59.98,7.09,75.72,34.04,0 - 15.32
EXP-ZNO-02886,HEK293,157.57,48,63.1,57.37,47.58,19.17,58.46,47.08,0 - 21.18
EXP-ZNO-02887,MCF-7,135.99,12,91.93,81.73,74.25,12.86,106.69,44.61,0 - 20.07
EXP-ZNO-02888,MCF-7,188.99,24,98.7,91.72,89.64,5.0,118.06,35.0,0 - 15.75
EXP-ZNO-02889,HepG2,78.65,6,57.9,47.74,45.43,40.24,58.21,68.23,0 - 30.7
EXP-ZNO-02890,Caco-2,153.41,48,73.77,64.53,55.56,8.97,74.37,39.23,0 - 17.65
EXP-ZNO-02891,HeLa,164.22,12,58.34,55.65,59.61,17.32,70.3,57.36,0 - 25.81
EXP-ZNO-02892,NIH-3T3,13.82,72,5.36,0.46,4.05,90.01,5.39,44.25,0 - 19.91
EXP-ZNO-02893,HEK293,191.24,24,63.05,60.63,52.57,8.2,64.17,60.0,0 - 27.0
EXP-ZNO-02894,MCF-7,122.03,72,98.08,82.13,79.0,10.4,110.73,23.83,0 - 10.72
EXP-ZNO-02895,HEK293,132.97,72,63.13,52.96,57.73,11.42,62.49,40.85,0 - 18.38
EXP-ZNO-02896,MCF-7,178.18,6,96.0,78.61,80.82,10.11,110.07,56.86,0 - 25.59
EXP-ZNO-02897,A549,6.84,72,8.64,12.26,8.88,91.22,11.15,25.87,0 - 11.64
EXP-ZNO-02898,HEK293,167.53,72,63.76,56.25,48.1,10.54,62.16,40.85,0 - 18.38
EXP-ZNO-02899,A549,47.22,6,41.75,34.98,39.34,58.11,48.53,61.73,0 - 27.78
EXP-ZNO-02900,NIH-3T3,167.14,12,49.04,43.09,41.9,27.19,47.17,82.85,0 - 37.28
EXP-ZNO-02901,A549,133.01,24,88.15,78.76,67.34,15.88,97.93,38.0,0 - 17.1
EXP-ZNO-02902,HEK293,35.45,72,30.84,28.29,25.34,51.11,32.86,40.85,0 - 18.38
EXP-ZNO-02903,HeLa,171.05,24,74.74,70.05,60.8,11.08,79.04,45.0,0 - 20.25
EXP-ZNO-02904,MCF-7,13.63,12,22.45,14.49,15.67,84.14,21.18,44.61,0 - 20.07
EXP-ZNO-02905,NIH-3T3,119.31,6,35.83,37.52,26.85,45.54,35.24,105.59,0 - 47.52
EXP-ZNO-02906,PC12,191.9,6,89.15,71.43,64.53,13.01,93.98,64.98,0 - 29.24
EXP-ZNO-02907,HEK293,190.43,12,57.91,46.2,44.24,19.61,55.54,76.47,0 - 34.41
EXP-ZNO-02908,PC12,0.52,24,0.0,0.05,1.16,99.21,0.66,40.0,0 - 18.0
EXP-ZNO-02909,HEK293,46.29,6,10.62,13.85,16.56,78.51,14.82,97.47,0 - 43.86
EXP-ZNO-02910,PC12,62.14,12,55.82,56.19,47.85,37.7,66.61,50.98,0 - 22.94
EXP-ZNO-02911,PC12,173.62,12,81.73,72.39,61.49,18.49,88.76,50.98,0 - 22.94
EXP-ZNO-02912,CHO,27.48,48,17.53,24.86,14.12,71.22,21.37,43.15,0 - 19.42
EXP-ZNO-02913,HepG2,182.52,6,80.07,71.69,58.32,13.02,82.96,68.23,0 - 30.7
EXP-ZNO-02914,Caco-2,2.32,72,10.02,8.17,4.2,90.73,8.07,34.04,0 - 15.32
EXP-ZNO-02915,HEK293,64.02,48,40.95,34.73,32.47,44.73,39.02,47.08,0 - 21.18
EXP-ZNO-02916,HeLa,61.82,48,65.22,45.17,53.02,28.52,63.51,35.31,0 - 15.89
EXP-ZNO-02917,CHO,26.79,6,3.44,0.0,0.0,94.11,3.27,89.35,0 - 40.21
EXP-ZNO-02918,Jurkat,80.03,72,99.36,91.6,89.06,6.03,122.14,20.42,0 - 9.19
EXP-ZNO-02919,A549,122.75,12,83.41,76.97,67.21,19.06,94.53,48.43,0 - 21.79
EXP-ZNO-02920,MCF-7,145.54,48,98.54,84.21,80.94,9.17,112.37,27.46,0 - 12.36
EXP-ZNO-02921,HepG2,49.95,72,67.16,57.05,54.28,28.23,69.32,28.59,0 - 12.87
EXP-ZNO-02922,HeLa,66.95,48,63.55,59.0,45.93,23.34,66.78,35.31,0 - 15.89
EXP-ZNO-02923,Jurkat,118.28,24,98.91,86.88,78.33,11.32,115.57,30.0,0 - 13.5
EXP-ZNO-02924,NIH-3T3,79.34,48,47.64,46.38,43.89,29.85,46.51,51.0,0 - 22.95
EXP-ZNO-02925,HEK293,178.91,6,46.57,43.25,44.93,31.29,48.36,97.47,0 - 43.86
EXP-ZNO-02926,HeLa,84.11,24,63.67,51.3,55.18,26.35,65.53,45.0,0 - 20.25
EXP-ZNO-02927,HEK293,14.72,24,9.78,5.36,5.45,91.34,6.72,60.0,0 - 27.0
EXP-ZNO-02928,PC12,140.83,24,87.12,69.25,62.88,14.84,91.8,40.0,0 - 18.0
EXP-ZNO-02929,Caco-2,30.08,72,34.4,32.62,31.52,55.02,37.04,34.04,0 - 15.32
EXP-ZNO-02930,PC12,164.54,6,75.67,69.07,69.66,18.84,88.0,64.98,0 - 29.24
EXP-ZNO-02931,HeLa,159.52,48,80.21,63.44,69.11,5.56,83.14,35.31,0 - 15.89
EXP-ZNO-02932,CHO,132.48,12,54.89,53.93,42.41,24.02,57.08,70.1,0 - 31.55
EXP-ZNO-02933,Caco-2,151.09,6,59.05,58.91,49.86,28.2,60.82,81.23,0 - 36.55
EXP-ZNO-02934,HepG2,64.88,24,61.91,53.98,52.5,30.55,66.23,42.0,0 - 18.9
EXP-ZNO-02935,Jurkat,9.13,24,23.86,11.53,9.59,86.59,19.04,30.0,0 - 13.5
EXP-ZNO-02936,NIH-3T3,75.65,12,40.55,30.96,24.99,55.89,30.85,82.85,0 - 37.28
EXP-ZNO-02937,MCF-7,31.22,72,66.48,55.28,59.61,37.18,77.42,23.83,0 - 10.72
EXP-ZNO-02938,HeLa,32.14,72,49.83,45.15,33.72,47.27,48.16,30.64,0 - 13.79
EXP-ZNO-02939,PC12,13.04,72,11.55,19.74,10.84,81.03,18.84,27.23,0 - 12.25
EXP-ZNO-02940,HeLa,16.83,6,17.39,12.05,7.07,89.09,11.8,73.1,0 - 32.9
EXP-ZNO-02941,HEK293,24.72,6,8.29,6.77,8.54,89.6,7.78,97.47,0 - 43.86
EXP-ZNO-02942,MCF-7,118.85,72,100.0,84.77,84.99,6.48,115.28,23.83,0 - 10.72
EXP-ZNO-02943,PC12,52.04,72,69.09,65.34,60.03,26.83,79.59,27.23,0 - 12.25
EXP-ZNO-02944,Jurkat,72.63,72,100.0,88.26,84.61,6.24,120.65,20.42,0 - 9.19
EXP-ZNO-02945,PC12,33.31,72,53.47,49.89,42.57,47.17,58.62,27.23,0 - 12.25
EXP-ZNO-02946,Jurkat,181.62,72,100.0,96.47,80.87,6.77,121.18,20.42,0 - 9.19
EXP-ZNO-02947,A549,34.47,12,43.98,28.5,34.01,57.41,47.36,48.43,0 - 21.79
EXP-ZNO-02948,NIH-3T3,165.46,72,65.58,59.14,50.54,6.89,60.9,44.25,0 - 19.91
EXP-ZNO-02949,Caco-2,89.95,48,70.45,55.19,53.75,20.32,66.76,39.23,0 - 17.65
EXP-ZNO-02950,A549,41.52,6,28.4,30.05,32.39,65.59,38.7,61.73,0 - 27.78
EXP-ZNO-02951,Jurkat,65.6,6,74.8,62.22,54.69,39.4,81.64,48.74,0 - 21.93
EXP-ZNO-02952,Caco-2,87.15,72,64.68,61.57,55.41,20.42,66.76,34.04,0 - 15.32
EXP-ZNO-02953,PC12,79.79,72,83.37,73.1,67.12,16.8,91.2,27.23,0 - 12.25
EXP-ZNO-02954,HepG2,112.32,6,65.26,55.59,53.32,24.45,70.52,68.23,0 - 30.7
EXP-ZNO-02955,CHO,85.58,72,63.05,61.5,51.4,16.27,64.27,37.44,0 - 16.85
EXP-ZNO-02956,CHO,121.77,24,65.87,58.96,52.17,20.97,62.42,55.0,0 - 24.75
EXP-ZNO-02957,Jurkat,125.52,48,99.22,91.52,82.76,7.31,120.03,23.54,0 - 10.59
EXP-ZNO-02958,Jurkat,39.37,72,85.94,69.95,64.17,27.34,95.73,20.42,0 - 9.19
EXP-ZNO-02959,HEK293,133.97,72,61.53,50.07,51.57,9.41,61.92,40.85,0 - 18.38
EXP-ZNO-02960,PC12,70.08,12,63.56,57.77,55.47,31.58,73.49,50.98,0 - 22.94
EXP-ZNO-02961,Caco-2,150.41,48,72.17,62.79,61.11,7.45,75.33,39.23,0 - 17.65
EXP-ZNO-02962,NIH-3T3,46.37,12,8.33,17.79,18.57,71.51,17.09,82.85,0 - 37.28
EXP-ZNO-02963,Caco-2,25.98,6,11.31,0.55,4.65,86.33,9.38,81.23,0 - 36.55
EXP-ZNO-02964,HEK293,140.39,48,64.85,55.62,47.23,18.93,58.59,47.08,0 - 21.18
EXP-ZNO-02965,Caco-2,140.2,24,68.99,56.49,52.13,16.21,68.39,50.0,0 - 22.5
EXP-ZNO-02966,HepG2,5.62,48,3.78,8.97,12.52,90.34,9.25,32.95,0 - 14.83
EXP-ZNO-02967,A549,7.12,12,5.52,2.01,0.0,97.79,3.01,48.43,0 - 21.79
EXP-ZNO-02968,Jurkat,157.14,72,100.0,92.77,83.75,8.7,119.77,20.42,0 - 9.19
EXP-ZNO-02969,HEK293,46.25,24,21.7,26.06,28.42,63.16,26.29,60.0,0 - 27.0
EXP-ZNO-02970,Jurkat,181.84,6,94.55,80.74,72.07,15.48,109.32,48.74,0 - 21.93
EXP-ZNO-02971,PC12,65.45,12,49.45,45.09,42.18,43.62,58.85,50.98,0 - 22.94
EXP-ZNO-02972,CHO,50.26,24,38.54,30.98,34.45,52.76,37.03,55.0,0 - 24.75
EXP-ZNO-02973,PC12,31.58,48,48.42,46.76,43.99,48.78,56.24,31.38,0 - 14.12
EXP-ZNO-02974,HEK293,178.66,48,60.51,56.09,47.92,11.78,61.04,47.08,0 - 21.18
EXP-ZNO-02975,A549,72.27,24,68.13,64.83,62.36,28.98,81.86,38.0,0 - 17.1
EXP-ZNO-02976,HepG2,56.43,72,66.31,56.22,51.47,29.73,67.78,28.59,0 - 12.87
EXP-ZNO-02977,Jurkat,122.16,72,100.0,89.29,82.82,6.43,120.38,20.42,0 - 9.19
EXP-ZNO-02978,Caco-2,33.66,12,26.04,22.82,16.49,70.27,24.67,63.73,0 - 28.68
EXP-ZNO-02979,HepG2,143.88,6,70.36,65.12,61.3,19.25,77.08,68.23,0 - 30.7
EXP-ZNO-02980,MCF-7,20.97,24,31.92,20.5,20.37,71.27,33.6,35.0,0 - 15.75
EXP-ZNO-02981,CHO,175.45,48,63.07,63.72,60.92,10.92,68.27,43.15,0 - 19.42
EXP-ZNO-02982,HEK293,129.23,12,52.64,45.55,43.69,27.1,51.31,76.47,0 - 34.41
EXP-ZNO-02983,A549,76.5,6,66.59,51.1,55.67,38.31,72.21,61.73,0 - 27.78
EXP-ZNO-02984,HEK293,77.65,6,24.89,20.79,21.27,64.67,24.61,97.47,0 - 43.86
EXP-ZNO-02985,Jurkat,10.77,12,13.35,12.46,9.31,85.91,16.87,38.24,0 - 17.21
EXP-ZNO-02986,MCF-7,83.97,12,78.73,80.34,66.78,21.53,96.31,44.61,0 - 20.07
EXP-ZNO-02987,A549,161.59,48,84.97,84.98,76.15,10.68,102.99,29.81,0 - 13.42
EXP-ZNO-02988,HepG2,172.39,24,91.41,76.3,66.2,5.0,91.51,42.0,0 - 18.9
EXP-ZNO-02989,Caco-2,94.3,48,59.96,53.24,49.17,24.82,61.7,39.23,0 - 17.65
EXP-ZNO-02990,HEK293,138.42,24,51.76,51.8,43.35,27.12,51.9,60.0,0 - 27.0
EXP-ZNO-02991,HeLa,196.67,12,80.0,57.62,57.62,12.37,77.1,57.36,0 - 25.81
EXP-ZNO-02992,Jurkat,101.56,24,96.31,82.67,71.06,16.44,109.33,30.0,0 - 13.5
EXP-ZNO-02993,NIH-3T3,55.23,48,37.18,30.7,28.26,48.17,33.76,51.0,0 - 22.95
EXP-ZNO-02994,HEK293,167.25,72,67.18,55.62,56.92,6.93,65.32,40.85,0 - 18.38
EXP-ZNO-02995,A549,105.12,24,86.82,68.24,66.4,19.24,93.53,38.0,0 - 17.1
EXP-ZNO-02996,HeLa,4.98,48,3.33,0.0,0.0,100.0,0.67,35.31,0 - 15.89
EXP-ZNO-02997,HEK293,37.83,72,32.64,33.8,29.32,52.85,33.64,40.85,0 - 18.38
EXP-ZNO-02998,NIH-3T3,12.47,6,7.37,2.08,0.0,100.0,1.43,105.59,0 - 47.52
EXP-ZNO-02999,NIH-3T3,161.34,24,54.81,48.0,42.73,18.52,52.25,65.0,0 - 29.25
EXP-ZNO-03000,Jurkat,183.09,12,100.0,83.35,80.38,10.5,116.1,38.24,0 - 17.21
EXP-ZNO-03001,Jurkat,9.28,24,8.89,13.89,18.91,85.1,18.39,30.0,0 - 13.5
EXP-ZNO-03002,PC12,128.93,6,62.51,61.31,59.89,30.94,74.99,64.98,0 - 29.24
EXP-ZNO-03003,Jurkat,160.67,12,98.56,83.81,79.46,11.35,115.09,38.24,0 - 17.21
EXP-ZNO-03004,HeLa,29.96,6,26.46,17.48,15.64,73.35,23.59,73.1,0 - 32.9
EXP-ZNO-03005,Jurkat,7.58,72,32.32,27.75,28.35,72.01,37.54,20.42,0 - 9.19
EXP-ZNO-03006,Caco-2,173.43,72,70.29,69.23,64.81,8.41,75.96,34.04,0 - 15.32
EXP-ZNO-03007,Caco-2,136.94,12,59.76,61.37,55.1,16.64,67.55,63.73,0 - 28.68
EXP-ZNO-03008,HeLa,115.24,6,60.39,46.64,48.94,34.73,59.05,73.1,0 - 32.9
EXP-ZNO-03009,Jurkat,152.24,72,99.98,87.86,82.07,6.14,120.14,20.42,0 - 9.19
EXP-ZNO-03010,Jurkat,160.57,12,100.0,97.71,83.72,5.0,123.13,38.24,0 - 17.21
EXP-ZNO-03011,CHO,195.84,72,66.92,65.81,58.86,5.0,71.63,37.44,0 - 16.85
EXP-ZNO-03012,MCF-7,132.62,48,99.48,80.56,78.95,8.97,111.67,27.46,0 - 12.36
EXP-ZNO-03013,NIH-3T3,180.34,6,50.19,37.33,39.87,32.4,44.33,105.59,0 - 47.52
EXP-ZNO-03014,HEK293,47.92,24,31.0,24.87,21.02,59.58,28.3,60.0,0 - 27.0
EXP-ZNO-03015,HepG2,125.63,12,74.93,58.78,56.0,27.55,71.85,53.53,0 - 24.09
EXP-ZNO-03016,NIH-3T3,69.63,72,46.77,38.82,39.51,30.96,44.5,44.25,0 - 19.91
EXP-ZNO-03017,MCF-7,129.5,72,93.95,90.51,79.1,8.77,112.31,23.83,0 - 10.72
EXP-ZNO-03018,Jurkat,106.05,24,82.25,81.0,79.32,17.67,106.16,30.0,0 - 13.5
EXP-ZNO-03019,A549,151.48,6,83.83,72.24,72.66,18.56,95.07,61.73,0 - 27.78
EXP-ZNO-03020,CHO,140.76,72,75.0,59.21,61.34,7.54,71.38,37.44,0 - 16.85
EXP-ZNO-03021,CHO,159.12,48,73.48,65.92,58.18,5.0,72.73,43.15,0 - 19.42
EXP-ZNO-03022,Caco-2,98.04,6,48.72,40.74,39.01,38.22,49.97,81.23,0 - 36.55
EXP-ZNO-03023,NIH-3T3,134.36,12,45.15,38.65,38.26,33.01,43.25,82.85,0 - 37.28
EXP-ZNO-03024,HepG2,7.86,24,0.59,0.62,5.82,96.52,2.97,42.0,0 - 18.9
EXP-ZNO-03025,HeLa,14.52,6,10.4,5.3,11.27,87.63,10.75,73.1,0 - 32.9
EXP-ZNO-03026,HepG2,4.47,12,0.0,0.0,0.91,100.0,0.14,53.53,0 - 24.09
EXP-ZNO-03027,HEK293,119.97,48,62.0,57.3,54.0,11.82,62.21,47.08,0 - 21.18
EXP-ZNO-03028,Caco-2,24.56,24,29.98,26.64,20.42,67.01,28.07,50.0,0 - 22.5
EXP-ZNO-03029,Caco-2,12.53,6,8.28,9.05,6.76,91.27,7.97,81.23,0 - 36.55
EXP-ZNO-03030,MCF-7,151.1,12,95.79,85.98,79.19,10.17,111.06,44.61,0 - 20.07
EXP-ZNO-03031,HepG2,197.86,6,79.36,67.07,62.22,9.23,84.68,68.23,0 - 30.7
EXP-ZNO-03032,A549,120.97,24,89.44,78.52,76.14,14.3,100.72,38.0,0 - 17.1
EXP-ZNO-03033,HeLa,20.95,6,9.92,15.84,10.17,82.16,14.81,73.1,0 - 32.9
EXP-ZNO-03034,MCF-7,91.22,72,77.1,77.33,71.17,19.08,97.69,23.83,0 - 10.72
EXP-ZNO-03035,Caco-2,14.79,6,3.15,8.69,3.91,93.28,5.59,81.23,0 - 36.55
EXP-ZNO-03036,PC12,24.41,12,30.73,26.7,24.77,73.74,31.05,50.98,0 - 22.94
EXP-ZNO-03037,Caco-2,104.97,72,77.71,56.44,65.56,5.0,77.27,34.04,0 - 15.32
EXP-ZNO-03038,HeLa,17.54,72,13.93,11.12,13.17,80.37,16.24,30.64,0 - 13.79
EXP-ZNO-03039,MCF-7,65.13,24,83.17,72.94,63.33,22.92,94.52,35.0,0 - 15.75
EXP-ZNO-03040,HepG2,81.65,24,63.23,55.65,50.85,26.6,68.59,42.0,0 - 18.9
EXP-ZNO-03041,PC12,55.42,24,64.22,60.24,54.08,34.51,72.15,40.0,0 - 18.0
EXP-ZNO-03042,HepG2,82.79,72,74.59,61.35,56.28,23.38,74.42,28.59,0 - 12.87
EXP-ZNO-03043,HEK293,90.97,12,45.09,39.39,35.75,40.44,42.56,76.47,0 - 34.41
EXP-ZNO-03044,Caco-2,134.35,6,56.14,48.54,47.87,31.4,56.99,81.23,0 - 36.55
EXP-ZNO-03045,Caco-2,176.62,12,65.24,59.4,52.16,16.6,67.91,63.73,0 - 28.68
EXP-ZNO-03046,HepG2,28.12,24,23.0,21.3,19.73,72.5,25.73,42.0,0 - 18.9
EXP-ZNO-03047,HepG2,181.51,72,75.29,68.98,66.94,11.36,83.75,28.59,0 - 12.87
EXP-ZNO-03048,A549,27.16,12,25.34,25.06,21.38,76.04,28.82,48.43,0 - 21.79
EXP-ZNO-03049,PC12,92.79,24,75.12,64.71,58.84,26.16,81.05,40.0,0 - 18.0
EXP-ZNO-03050,A549,197.09,12,90.57,78.42,72.21,11.12,102.18,48.43,0 - 21.79
EXP-ZNO-03051,NIH-3T3,13.55,24,10.52,4.48,5.95,89.25,7.23,65.0,0 - 29.25
EXP-ZNO-03052,MCF-7,192.13,72,100.0,84.59,86.34,5.08,116.37,23.83,0 - 10.72
EXP-ZNO-03053,HEK293,97.93,24,53.63,40.79,43.01,25.77,51.35,60.0,0 - 27.0
EXP-ZNO-03054,NIH-3T3,127.34,72,59.01,45.34,42.47,20.38,51.83,44.25,0 - 19.91
EXP-ZNO-03055,HEK293,184.29,72,61.72,56.23,54.96,8.77,63.44,40.85,0 - 18.38
EXP-ZNO-03056,CHO,141.7,24,63.85,57.33,54.37,19.22,62.92,55.0,0 - 24.75
EXP-ZNO-03057,HepG2,129.43,6,67.77,57.48,57.86,27.2,70.62,68.23,0 - 30.7
EXP-ZNO-03058,HepG2,176.02,48,85.03,73.27,68.89,8.23,88.43,32.95,0 - 14.83
EXP-ZNO-03059,Jurkat,24.6,6,33.62,28.1,21.66,72.75,36.16,48.74,0 - 21.93
EXP-ZNO-03060,NIH-3T3,14.65,12,5.48,1.01,1.98,93.31,3.91,82.85,0 - 37.28
EXP-ZNO-03061,HeLa,4.24,12,3.39,0.0,7.87,99.86,1.93,57.36,0 - 25.81
EXP-ZNO-03062,MCF-7,183.68,24,100.0,88.87,82.66,5.0,116.54,35.0,0 - 15.75
EXP-ZNO-03063,CHO,9.0,24,0.45,5.29,1.07,100.0,0.94,55.0,0 - 24.75
EXP-ZNO-03064,NIH-3T3,108.49,72,46.08,44.67,44.84,20.51,49.91,44.25,0 - 19.91
EXP-ZNO-03065,PC12,154.01,72,89.24,83.25,75.22,5.0,102.49,27.23,0 - 12.25
EXP-ZNO-03066,NIH-3T3,169.42,12,55.15,45.74,43.49,26.08,49.1,82.85,0 - 37.28
EXP-ZNO-03067,NIH-3T3,63.6,6,22.67,21.46,16.41,67.52,21.16,105.59,0 - 47.52
EXP-ZNO-03068,Jurkat,40.81,12,52.22,48.97,46.35,52.45,63.07,38.24,0 - 17.21
EXP-ZNO-03069,A549,22.8,6,14.66,7.89,6.7,89.67,12.34,61.73,0 - 27.78
EXP-ZNO-03070,Jurkat,150.57,6,98.99,86.68,80.37,10.72,116.34,48.74,0 - 21.93
EXP-ZNO-03071,HepG2,116.36,72,77.91,75.96,62.05,14.29,83.1,28.59,0 - 12.87
EXP-ZNO-03072,A549,129.73,24,100.0,81.96,78.17,5.0,109.82,38.0,0 - 17.1
EXP-ZNO-03073,HepG2,68.08,48,72.0,61.86,61.57,22.07,75.47,32.95,0 - 14.83
EXP-ZNO-03074,HeLa,163.98,6,68.57,66.98,59.92,13.44,76.03,73.1,0 - 32.9
EXP-ZNO-03075,Caco-2,89.29,6,43.67,36.22,39.35,44.99,45.2,81.23,0 - 36.55
EXP-ZNO-03076,NIH-3T3,129.16,72,58.29,40.24,41.39,21.8,50.4,44.25,0 - 19.91
EXP-ZNO-03077,MCF-7,121.0,6,79.2,72.42,63.76,24.76,92.36,56.86,0 - 25.59
EXP-ZNO-03078,Caco-2,96.18,6,46.16,37.03,33.99,42.96,45.98,81.23,0 - 36.55
EXP-ZNO-03079,HepG2,191.76,72,79.33,68.6,65.62,10.81,84.62,28.59,0 - 12.87
EXP-ZNO-03080,HepG2,7.76,6,0.0,0.0,3.16,100.0,0.5,68.23,0 - 30.7
EXP-ZNO-03081,NIH-3T3,103.99,48,45.69,43.79,42.93,33.19,44.44,51.0,0 - 22.95
EXP-ZNO-03082,HeLa,64.05,6,39.45,35.54,33.34,53.71,41.37,73.1,0 - 32.9
EXP-ZNO-03083,Jurkat,77.2,48,100.0,90.68,85.55,12.22,117.42,23.54,0 - 10.59
EXP-ZNO-03084,Caco-2,61.3,6,30.58,21.43,22.77,66.05,28.23,81.23,0 - 36.55
EXP-ZNO-03085,A549,81.4,48,97.56,81.36,75.86,11.54,104.79,29.81,0 - 13.42
EXP-ZNO-03086,A549,167.62,72,87.39,74.75,70.95,13.1,99.34,25.87,0 - 11.64
EXP-ZNO-03087,PC12,141.51,24,89.52,88.83,75.58,5.0,103.58,40.0,0 - 18.0
EXP-ZNO-03088,HeLa,29.47,72,43.32,37.14,38.65,50.97,44.55,30.64,0 - 13.79
EXP-ZNO-03089,CHO,75.62,48,56.81,50.06,41.87,26.76,55.59,43.15,0 - 19.42
EXP-ZNO-03090,HEK293,59.37,6,22.93,20.19,20.22,65.33,23.79,97.47,0 - 43.86
EXP-ZNO-03091,HeLa,102.99,48,72.99,65.81,60.51,12.85,77.12,35.31,0 - 15.89
EXP-ZNO-03092,Jurkat,186.99,12,100.0,89.5,90.84,5.0,122.92,38.24,0 - 17.21
EXP-ZNO-03093,A549,47.83,24,55.88,50.0,50.74,41.82,66.45,38.0,0 - 17.1
EXP-ZNO-03094,PC12,137.25,6,63.12,55.85,59.18,29.6,74.84,64.98,0 - 29.24
EXP-ZNO-03095,MCF-7,76.5,24,88.03,71.43,71.08,21.49,97.8,35.0,0 - 15.75
EXP-ZNO-03096,HeLa,70.41,48,68.56,55.63,53.46,24.15,68.0,35.31,0 - 15.89
EXP-ZNO-03097,HeLa,5.88,6,2.15,0.0,0.0,100.0,0.43,73.1,0 - 32.9
EXP-ZNO-03098,A549,199.85,12,100.0,84.11,77.13,9.94,107.06,48.43,0 - 21.79
EXP-ZNO-03099,HepG2,137.05,48,87.5,70.24,71.44,8.49,88.73,32.95,0 - 14.83
EXP-ZNO-03100,Caco-2,23.74,12,6.77,9.0,9.22,81.25,12.79,63.73,0 - 28.68
EXP-ZNO-03101,PC12,156.16,24,72.83,78.02,69.99,16.78,90.13,40.0,0 - 18.0
EXP-ZNO-03102,A549,16.42,6,10.72,11.46,10.59,88.05,13.71,61.73,0 - 27.78
EXP-ZNO-03103,Caco-2,44.9,48,52.55,43.47,44.64,40.98,50.57,39.23,0 - 17.65
EXP-ZNO-03104,Caco-2,101.1,12,53.92,50.13,41.02,33.26,54.94,63.73,0 - 28.68
EXP-ZNO-03105,NIH-3T3,32.67,72,23.73,17.55,22.59,66.62,21.97,44.25,0 - 19.91
EXP-ZNO-03106,Caco-2,37.64,6,13.06,14.13,11.26,79.91,15.64,81.23,0 - 36.55
EXP-ZNO-03107,MCF-7,6.0,48,1.49,4.67,0.0,100.0,1.25,27.46,0 - 12.36
EXP-ZNO-03108,PC12,77.53,24,69.15,66.24,57.26,29.32,77.85,40.0,0 - 18.0
EXP-ZNO-03109,NIH-3T3,31.06,72,22.96,21.04,20.51,65.62,22.41,44.25,0 - 19.91
EXP-ZNO-03110,PC12,170.12,72,90.92,80.23,74.29,5.0,102.19,27.23,0 - 12.25
EXP-ZNO-03111,A549,125.64,24,85.92,76.64,71.46,14.03,98.86,38.0,0 - 17.1
EXP-ZNO-03112,PC12,39.01,24,51.77,45.49,44.05,47.29,57.66,40.0,0 - 18.0
EXP-ZNO-03113,PC12,182.96,72,94.66,79.03,79.54,5.0,103.75,27.23,0 - 12.25
EXP-ZNO-03114,CHO,121.38,72,65.23,59.82,50.99,10.88,66.8,37.44,0 - 16.85
EXP-ZNO-03115,NIH-3T3,24.56,72,21.42,21.57,14.85,71.23,19.31,44.25,0 - 19.91
EXP-ZNO-03116,HeLa,84.42,72,68.46,60.66,53.5,19.34,71.15,30.64,0 - 13.79
EXP-ZNO-03117,HEK293,12.12,6,5.56,5.51,8.72,93.04,5.72,97.47,0 - 43.86
EXP-ZNO-03118,MCF-7,14.32,6,12.56,18.58,11.21,87.17,16.74,56.86,0 - 25.59
EXP-ZNO-03119,CHO,12.38,12,7.58,4.88,10.0,88.65,8.48,70.1,0 - 31.55
EXP-ZNO-03120,Caco-2,91.24,24,59.85,51.12,47.75,28.06,59.63,50.0,0 - 22.5
EXP-ZNO-03121,HEK293,197.6,48,69.37,58.6,52.55,14.49,62.31,47.08,0 - 21.18
EXP-ZNO-03122,HepG2,101.33,12,64.13,58.01,54.16,29.83,67.97,53.53,0 - 24.09
EXP-ZNO-03123,HepG2,76.02,6,41.88,41.3,42.42,46.99,49.81,68.23,0 - 30.7
EXP-ZNO-03124,HeLa,161.32,72,78.56,74.39,63.93,9.49,81.72,30.64,0 - 13.79
EXP-ZNO-03125,PC12,8.32,72,10.67,3.31,8.78,88.98,10.88,27.23,0 - 12.25
EXP-ZNO-03126,MCF-7,98.03,12,74.29,69.7,66.68,26.54,90.06,44.61,0 - 20.07
EXP-ZNO-03127,HepG2,144.13,12,74.17,77.1,59.27,14.39,82.0,53.53,0 - 24.09
EXP-ZNO-03128,HEK293,123.47,12,52.27,48.01,40.77,29.44,50.19,76.47,0 - 34.41
EXP-ZNO-03129,Caco-2,190.43,24,62.98,61.36,54.57,18.73,67.09,50.0,0 - 22.5
EXP-ZNO-03130,HEK293,165.24,6,44.84,42.67,32.24,36.93,43.98,97.47,0 - 43.86
EXP-ZNO-03131,PC12,182.63,48,95.17,79.65,73.26,5.36,102.68,31.38,0 - 14.12
EXP-ZNO-03132,Caco-2,89.78,72,63.49,51.35,50.51,21.6,63.82,34.04,0 - 15.32
EXP-ZNO-03133,HepG2,82.18,72,73.03,61.72,59.74,19.76,76.59,28.59,0 - 12.87
EXP-ZNO-03134,HeLa,72.02,12,47.23,39.65,41.24,44.23,49.46,57.36,0 - 25.81
EXP-ZNO-03135,Caco-2,70.92,48,60.03,42.76,42.9,33.51,55.2,39.23,0 - 17.65
EXP-ZNO-03136,MCF-7,177.08,6,95.25,89.19,71.05,10.4,109.86,56.86,0 - 25.59
EXP-ZNO-03137,NIH-3T3,89.02,72,50.1,39.44,35.54,29.92,45.05,44.25,0 - 19.91
EXP-ZNO-03138,A549,109.36,48,86.14,86.77,74.49,13.46,101.62,29.81,0 - 13.42
EXP-ZNO-03139,CHO,181.17,24,67.15,55.65,54.24,17.72,63.95,55.0,0 - 24.75
EXP-ZNO-03140,PC12,142.54,12,87.32,79.37,69.96,18.39,92.77,50.98,0 - 22.94
EXP-ZNO-03141,Caco-2,157.16,48,71.57,58.41,55.74,12.13,71.6,39.23,0 - 17.65
EXP-ZNO-03142,Jurkat,28.54,12,55.1,44.41,43.91,52.7,62.29,38.24,0 - 17.21
EXP-ZNO-03143,CHO,87.58,24,56.31,41.43,42.7,32.66,51.8,55.0,0 - 24.75
EXP-ZNO-03144,Caco-2,54.02,12,36.04,27.32,33.7,57.62,35.67,63.73,0 - 28.68
EXP-ZNO-03145,PC12,69.54,12,57.72,52.78,45.46,39.43,65.05,50.98,0 - 22.94
EXP-ZNO-03146,NIH-3T3,16.22,48,10.18,8.56,8.96,86.11,9.29,51.0,0 - 22.95
EXP-ZNO-03147,HEK293,76.1,6,21.76,20.72,21.07,68.09,22.59,97.47,0 - 43.86
EXP-ZNO-03148,HeLa,129.96,72,75.89,66.63,61.68,12.63,78.11,30.64,0 - 13.79
EXP-ZNO-03149,CHO,100.14,6,42.31,32.77,33.32,48.75,39.6,89.35,0 - 40.21
EXP-ZNO-03150,Jurkat,168.34,6,93.67,87.42,79.94,13.68,113.1,48.74,0 - 21.93
EXP-ZNO-03151,MCF-7,65.97,48,90.57,70.82,72.87,19.46,99.92,27.46,0 - 12.36
EXP-ZNO-03152,CHO,126.41,12,50.56,48.08,44.29,31.03,52.61,70.1,0 - 31.55
EXP-ZNO-03153,PC12,37.31,12,48.54,30.99,27.36,62.26,42.93,50.98,0 - 22.94
EXP-ZNO-03154,HepG2,31.39,24,34.41,25.2,28.57,61.37,35.98,42.0,0 - 18.9
EXP-ZNO-03155,A549,28.58,6,23.66,19.17,16.85,76.23,26.42,61.73,0 - 27.78
EXP-ZNO-03156,Caco-2,32.83,12,26.94,19.85,22.32,69.68,25.53,63.73,0 - 28.68
EXP-ZNO-03157,HepG2,164.22,48,83.37,74.37,70.79,5.0,90.25,32.95,0 - 14.83
EXP-ZNO-03158,HEK293,67.42,6,22.03,19.34,22.34,63.08,24.75,97.47,0 - 43.86
EXP-ZNO-03159,CHO,83.61,12,48.88,35.35,38.07,39.1,46.12,70.1,0 - 31.55
EXP-ZNO-03160,NIH-3T3,63.4,72,40.55,40.39,33.5,40.18,39.28,44.25,0 - 19.91
EXP-ZNO-03161,Jurkat,194.3,72,100.0,94.51,85.2,5.0,122.79,20.42,0 - 9.19
EXP-ZNO-03162,NIH-3T3,63.52,12,36.58,24.16,24.22,55.16,29.59,82.85,0 - 37.28
EXP-ZNO-03163,Jurkat,71.0,12,79.22,70.59,67.61,28.71,93.88,38.24,0 - 17.21
EXP-ZNO-03164,HepG2,125.81,48,79.09,72.2,67.32,14.29,83.58,32.95,0 - 14.83
EXP-ZNO-03165,Jurkat,67.86,72,91.71,82.46,78.18,12.83,111.83,20.42,0 - 9.19
EXP-ZNO-03166,CHO,127.58,12,55.07,56.19,49.82,24.22,58.32,70.1,0 - 31.55
EXP-ZNO-03167,MCF-7,172.72,12,100.0,96.29,83.8,5.25,117.99,44.61,0 - 20.07
EXP-ZNO-03168,HeLa,167.18,24,77.87,64.15,60.06,13.31,77.55,45.0,0 - 20.25
EXP-ZNO-03169,Jurkat,101.52,12,83.26,74.31,65.61,23.57,98.61,38.24,0 - 17.21
EXP-ZNO-03170,HEK293,148.02,6,47.54,49.39,43.41,29.2,50.0,97.47,0 - 43.86
EXP-ZNO-03171,HEK293,41.11,48,28.14,25.33,30.6,56.95,30.21,47.08,0 - 21.18
EXP-ZNO-03172,HepG2,46.5,48,72.84,59.93,54.05,23.57,73.37,32.95,0 - 14.83
EXP-ZNO-03173,Jurkat,44.87,24,76.37,69.44,60.18,31.33,89.77,30.0,0 - 13.5
EXP-ZNO-03174,HEK293,144.85,12,50.83,45.74,43.21,28.45,50.39,76.47,0 - 34.41
EXP-ZNO-03175,HepG2,195.4,48,84.94,76.1,69.55,5.79,90.24,32.95,0 - 14.83
EXP-ZNO-03176,Jurkat,166.87,12,100.0,86.21,85.26,5.0,121.19,38.24,0 - 17.21
EXP-ZNO-03177,Jurkat,58.59,72,89.08,79.15,84.46,14.29,110.78,20.42,0 - 9.19
EXP-ZNO-03178,Caco-2,9.62,6,0.75,5.64,0.0,96.26,2.72,81.23,0 - 36.55
EXP-ZNO-03179,MCF-7,70.89,12,69.88,55.42,56.13,34.28,79.46,44.61,0 - 20.07
EXP-ZNO-03180,PC12,134.2,72,88.09,81.11,70.89,10.49,97.95,27.23,0 - 12.25
EXP-ZNO-03181,Jurkat,145.96,12,92.75,87.74,83.87,11.34,115.21,38.24,0 - 17.21
EXP-ZNO-03182,PC12,6.57,24,14.94,3.36,4.3,88.9,11.14,40.0,0 - 18.0
EXP-ZNO-03183,MCF-7,179.74,72,100.0,85.61,85.89,5.0,116.53,23.83,0 - 10.72
EXP-ZNO-03184,HeLa,175.62,72,74.08,71.21,65.12,6.02,82.26,30.64,0 - 13.79
EXP-ZNO-03185,Jurkat,6.86,48,12.02,9.05,14.16,87.76,15.61,23.54,0 - 10.59
EXP-ZNO-03186,NIH-3T3,122.51,6,26.3,30.3,27.06,48.52,31.68,105.59,0 - 47.52
EXP-ZNO-03187,NIH-3T3,157.69,48,59.12,57.86,50.71,8.72,59.0,51.0,0 - 22.95
EXP-ZNO-03188,NIH-3T3,55.81,48,46.53,37.25,28.34,40.77,39.01,51.0,0 - 22.95
EXP-ZNO-03189,PC12,55.17,6,48.61,35.87,42.92,50.86,53.03,64.98,0 - 29.24
EXP-ZNO-03190,Jurkat,41.52,6,43.29,34.68,39.92,57.17,53.64,48.74,0 - 21.93
EXP-ZNO-03191,A549,63.18,48,88.14,73.44,55.7,20.64,92.01,29.81,0 - 13.42
EXP-ZNO-03192,HEK293,13.15,48,7.6,12.36,8.26,88.31,8.89,47.08,0 - 21.18
EXP-ZNO-03193,Jurkat,95.81,72,100.0,93.15,91.55,5.0,123.77,20.42,0 - 9.19
EXP-ZNO-03194,PC12,130.61,24,85.63,74.37,73.92,12.54,95.56,40.0,0 - 18.0
EXP-ZNO-03195,Caco-2,23.9,24,17.54,24.73,16.84,76.81,20.27,50.0,0 - 22.5
EXP-ZNO-03196,A549,42.83,48,70.57,53.63,56.16,35.46,75.42,29.81,0 - 13.42
EXP-ZNO-03197,Jurkat,115.18,6,100.0,81.72,80.52,14.38,113.29,48.74,0 - 21.93
EXP-ZNO-03198,HeLa,29.02,72,47.46,36.75,37.28,47.79,46.7,30.64,0 - 13.79
EXP-ZNO-03199,NIH-3T3,157.37,12,50.56,49.57,43.31,21.26,50.73,82.85,0 - 37.28
EXP-ZNO-03200,Jurkat,85.11,24,74.92,67.94,72.18,25.17,95.44,30.0,0 - 13.5
EXP-ZNO-03201,HepG2,146.31,24,79.18,73.5,70.04,11.11,85.9,42.0,0 - 18.9
EXP-ZNO-03202,CHO,86.93,24,52.6,47.66,43.83,29.91,53.36,55.0,0 - 24.75
EXP-ZNO-03203,Jurkat,76.78,48,95.17,89.11,78.3,12.43,114.31,23.54,0 - 10.59
EXP-ZNO-03204,MCF-7,153.09,24,96.0,94.95,84.51,6.81,115.89,35.0,0 - 15.75
EXP-ZNO-03205,HEK293,3.37,12,0.0,0.0,0.0,100.0,0.0,76.47,0 - 34.41
EXP-ZNO-03206,MCF-7,163.31,6,84.18,75.4,72.46,17.76,100.17,56.86,0 - 25.59
EXP-ZNO-03207,MCF-7,133.26,72,96.22,83.34,81.83,7.46,112.86,23.83,0 - 10.72
EXP-ZNO-03208,PC12,73.63,6,40.59,37.03,36.35,55.47,47.6,64.98,0 - 29.24
EXP-ZNO-03209,HepG2,120.96,12,61.64,59.61,56.5,25.1,70.55,53.53,0 - 24.09
EXP-ZNO-03210,HEK293,73.08,48,51.44,42.06,36.52,34.62,46.55,47.08,0 - 21.18
EXP-ZNO-03211,MCF-7,136.87,6,85.98,75.39,73.64,19.28,99.89,56.86,0 - 25.59
EXP-ZNO-03212,HeLa,72.71,6,35.69,32.72,30.36,54.63,39.29,73.1,0 - 32.9
EXP-ZNO-03213,Caco-2,133.87,12,51.82,56.12,56.4,25.92,61.07,63.73,0 - 28.68
EXP-ZNO-03214,CHO,197.37,12,58.56,52.57,47.88,21.32,59.51,70.1,0 - 31.55
EXP-ZNO-03215,CHO,60.44,12,36.67,26.76,21.78,51.87,34.81,70.1,0 - 31.55
EXP-ZNO-03216,Jurkat,180.91,72,100.0,90.62,83.96,5.0,121.79,20.42,0 - 9.19
EXP-ZNO-03217,A549,113.24,24,95.16,84.16,76.28,12.37,104.3,38.0,0 - 17.1
EXP-ZNO-03218,CHO,47.24,72,43.52,43.38,42.42,35.19,48.58,37.44,0 - 16.85
EXP-ZNO-03219,PC12,45.14,48,66.42,56.53,56.33,35.15,72.03,31.38,0 - 14.12
EXP-ZNO-03220,CHO,129.19,12,53.94,40.31,42.51,27.45,53.54,70.1,0 - 31.55
EXP-ZNO-03221,HepG2,149.2,6,70.25,59.19,52.57,25.53,71.45,68.23,0 - 30.7
EXP-ZNO-03222,HepG2,165.13,72,85.87,76.42,64.41,6.81,89.14,28.59,0 - 12.87
EXP-ZNO-03223,PC12,76.8,72,73.61,75.19,69.04,17.05,89.51,27.23,0 - 12.25
EXP-ZNO-03224,HeLa,28.14,72,32.4,32.0,32.45,55.11,38.59,30.64,0 - 13.79
EXP-ZNO-03225,A549,9.44,24,8.37,9.36,11.28,89.69,11.91,38.0,0 - 17.1
EXP-ZNO-03226,HepG2,142.04,48,75.73,63.6,67.07,12.02,82.67,32.95,0 - 14.83
EXP-ZNO-03227,Caco-2,189.89,12,72.7,61.98,56.55,14.27,71.43,63.73,0 - 28.68
EXP-ZNO-03228,Jurkat,17.6,72,47.59,51.36,43.8,52.74,61.65,20.42,0 - 9.19
EXP-ZNO-03229,CHO,83.45,12,56.21,41.74,39.56,35.49,50.12,70.1,0 - 31.55
EXP-ZNO-03230,PC12,89.09,48,89.15,78.91,72.65,11.14,97.74,31.38,0 - 14.12
EXP-ZNO-03231,NIH-3T3,3.25,6,0.0,0.69,4.76,100.0,0.65,105.59,0 - 47.52
EXP-ZNO-03232,Jurkat,135.89,72,100.0,88.58,88.17,5.0,122.22,20.42,0 - 9.19
EXP-ZNO-03233,Caco-2,185.37,72,72.19,63.66,64.05,8.55,75.35,34.04,0 - 15.32
EXP-ZNO-03234,Caco-2,169.75,72,67.7,64.41,60.34,5.0,75.76,34.04,0 - 15.32
EXP-ZNO-03235,MCF-7,67.17,6,63.08,50.28,46.01,41.18,70.59,56.86,0 - 25.59
EXP-ZNO-03236,A549,192.08,48,90.82,83.86,75.45,8.59,105.32,29.81,0 - 13.42
EXP-ZNO-03237,MCF-7,111.97,12,76.79,72.4,66.36,23.04,93.31,44.61,0 - 20.07
EXP-ZNO-03238,PC12,36.08,6,33.25,22.57,22.64,75.16,29.73,64.98,0 - 29.24
EXP-ZNO-03239,Jurkat,120.18,24,93.67,86.13,73.18,17.01,109.36,30.0,0 - 13.5
EXP-ZNO-03240,HeLa,144.23,72,78.96,65.07,63.48,12.13,79.01,30.64,0 - 13.79
EXP-ZNO-03241,HEK293,152.01,48,65.71,59.72,50.01,16.27,60.75,47.08,0 - 21.18
EXP-ZNO-03242,HepG2,37.4,6,35.26,22.94,27.38,64.06,34.2,68.23,0 - 30.7
EXP-ZNO-03243,HepG2,173.53,72,81.11,74.38,73.44,5.0,90.19,28.59,0 - 12.87
EXP-ZNO-03244,HepG2,133.61,48,76.03,65.46,62.92,12.18,82.29,32.95,0 - 14.83
EXP-ZNO-03245,HepG2,137.53,24,80.28,71.49,66.69,8.89,86.45,42.0,0 - 18.9
EXP-ZNO-03246,CHO,38.52,24,35.32,21.02,19.98,66.61,26.92,55.0,0 - 24.75
EXP-ZNO-03247,HEK293,177.22,6,45.55,36.03,42.54,31.43,46.9,97.47,0 - 43.86
EXP-ZNO-03248,Jurkat,66.89,24,85.3,72.5,62.97,23.45,98.35,30.0,0 - 13.5
EXP-ZNO-03249,HeLa,172.22,48,89.06,68.48,69.78,5.0,86.05,35.31,0 - 15.89
EXP-ZNO-03250,HepG2,6.49,24,1.59,0.0,2.86,95.51,3.14,42.0,0 - 18.9
EXP-ZNO-03251,HeLa,65.28,72,72.51,62.69,62.17,20.43,73.02,30.64,0 - 13.79
EXP-ZNO-03252,PC12,64.41,24,62.35,54.61,47.93,40.24,66.39,40.0,0 - 18.0
EXP-ZNO-03253,MCF-7,134.67,6,81.47,70.82,71.11,22.1,95.67,56.86,0 - 25.59
EXP-ZNO-03254,HepG2,162.61,6,66.02,62.17,60.75,19.5,75.49,68.23,0 - 30.7
EXP-ZNO-03255,HepG2,37.59,48,51.04,44.95,44.49,43.8,54.31,32.95,0 - 14.83
EXP-ZNO-03256,Jurkat,85.37,48,96.86,83.42,83.18,10.17,116.06,23.54,0 - 10.59
EXP-ZNO-03257,CHO,58.97,6,30.89,26.01,22.27,63.97,28.29,89.35,0 - 40.21
EXP-ZNO-03258,HepG2,55.21,72,66.55,61.57,57.43,22.49,73.41,28.59,0 - 12.87
EXP-ZNO-03259,A549,165.33,6,91.55,78.82,75.39,13.71,101.5,61.73,0 - 27.78
EXP-ZNO-03260,CHO,143.6,24,66.72,59.1,53.32,16.92,64.57,55.0,0 - 24.75
EXP-ZNO-03261,Caco-2,4.31,12,4.93,1.84,2.8,97.12,2.97,63.73,0 - 28.68
EXP-ZNO-03262,Jurkat,73.71,24,90.44,84.0,70.89,18.05,106.99,30.0,0 - 13.5
EXP-ZNO-03263,Caco-2,111.22,12,50.73,47.32,45.58,32.25,55.06,63.73,0 - 28.68
EXP-ZNO-03264,Caco-2,161.94,48,68.24,63.3,56.52,10.38,72.61,39.23,0 - 17.65
EXP-ZNO-03265,HepG2,102.08,72,73.99,69.91,59.97,14.72,80.77,28.59,0 - 12.87
EXP-ZNO-03266,CHO,66.99,24,51.37,41.66,40.15,34.98,49.55,55.0,0 - 24.75
EXP-ZNO-03267,A549,95.14,24,86.6,83.27,71.21,13.3,100.61,38.0,0 - 17.1
EXP-ZNO-03268,PC12,61.54,48,75.14,63.85,60.17,24.76,81.94,31.38,0 - 14.12
EXP-ZNO-03269,CHO,42.18,12,28.07,15.51,19.92,66.09,25.1,70.1,0 - 31.55
EXP-ZNO-03270,HepG2,73.92,6,58.47,49.09,43.13,44.48,55.95,68.23,0 - 30.7
EXP-ZNO-03271,HeLa,52.03,72,67.08,53.22,51.97,29.14,64.62,30.64,0 - 13.79
EXP-ZNO-03272,HEK293,177.98,12,64.35,53.79,48.43,16.34,59.53,76.47,0 - 34.41
EXP-ZNO-03273,HEK293,181.57,6,53.67,52.89,50.74,22.21,55.4,97.47,0 - 43.86
EXP-ZNO-03274,Caco-2,78.71,24,58.33,63.26,53.51,22.98,64.31,50.0,0 - 22.5
EXP-ZNO-03275,MCF-7,105.23,6,67.0,62.48,53.13,33.71,79.86,56.86,0 - 25.59
EXP-ZNO-03276,HeLa,130.86,6,62.9,59.27,52.86,26.44,66.18,73.1,0 - 32.9
EXP-ZNO-03277,A549,54.77,6,39.73,43.37,40.53,53.11,52.77,61.73,0 - 27.78
EXP-ZNO-03278,HeLa,42.59,48,49.92,41.27,36.39,44.98,49.14,35.31,0 - 15.89
EXP-ZNO-03279,Jurkat,74.3,48,100.0,83.6,76.34,14.64,112.67,23.54,0 - 10.59
EXP-ZNO-03280,CHO,121.43,6,48.35,48.64,42.74,33.05,51.17,89.35,0 - 40.21
EXP-ZNO-03281,A549,132.46,72,100.0,81.85,76.41,5.0,109.49,25.87,0 - 11.64
EXP-ZNO-03282,NIH-3T3,147.78,48,54.09,49.57,43.49,18.86,52.28,51.0,0 - 22.95
EXP-ZNO-03283,PC12,137.83,12,82.22,74.75,64.22,20.86,88.39,50.98,0 - 22.94
EXP-ZNO-03284,Caco-2,57.0,24,46.71,37.76,37.64,42.68,46.85,50.0,0 - 22.5
EXP-ZNO-03285,Jurkat,119.64,72,100.0,90.52,83.55,9.29,118.91,20.42,0 - 9.19
EXP-ZNO-03286,NIH-3T3,94.11,6,32.74,29.32,26.19,58.78,28.39,105.59,0 - 47.52
EXP-ZNO-03287,A549,11.09,6,6.66,2.92,0.0,96.94,3.96,61.73,0 - 27.78
EXP-ZNO-03288,HEK293,103.26,24,44.78,46.0,41.94,28.48,49.22,60.0,0 - 27.0
EXP-ZNO-03289,MCF-7,79.31,72,87.7,75.82,72.22,15.6,102.43,23.83,0 - 10.72
EXP-ZNO-03290,PC12,107.83,72,91.65,82.64,78.14,5.0,103.44,27.23,0 - 12.25
EXP-ZNO-03291,PC12,91.23,12,80.52,57.88,60.37,24.45,82.36,50.98,0 - 22.94
EXP-ZNO-03292,HeLa,154.34,48,76.25,67.44,67.64,7.14,81.94,35.31,0 - 15.89
EXP-ZNO-03293,NIH-3T3,140.8,24,51.16,53.51,45.64,18.87,52.54,65.0,0 - 29.25
EXP-ZNO-03294,HeLa,30.57,12,24.9,17.81,10.39,75.91,21.25,57.36,0 - 25.81
EXP-ZNO-03295,NIH-3T3,145.13,24,53.55,47.58,52.45,16.68,53.9,65.0,0 - 29.25
EXP-ZNO-03296,Caco-2,30.74,6,16.85,10.61,11.25,79.16,16.22,81.23,0 - 36.55
EXP-ZNO-03297,HEK293,97.16,24,44.77,47.35,38.74,33.36,46.91,60.0,0 - 27.0
EXP-ZNO-03298,A549,26.98,6,16.35,19.97,23.08,79.19,24.16,61.73,0 - 27.78
EXP-ZNO-03299,HEK293,53.56,6,18.26,21.43,11.65,74.5,18.16,97.47,0 - 43.86
EXP-ZNO-03300,CHO,16.13,6,0.0,5.23,1.55,97.64,1.98,89.35,0 - 40.21
EXP-ZNO-03301,HepG2,130.06,24,72.33,71.11,62.93,16.47,80.15,42.0,0 - 18.9
EXP-ZNO-03302,Jurkat,154.03,24,100.0,90.97,80.87,9.29,118.47,30.0,0 - 13.5
EXP-ZNO-03303,NIH-3T3,57.84,12,22.31,24.29,20.55,60.37,24.8,82.85,0 - 37.28
EXP-ZNO-03304,MCF-7,25.44,12,31.31,28.11,26.41,72.02,35.54,44.61,0 - 20.07
EXP-ZNO-03305,HeLa,165.56,6,72.81,58.81,56.29,18.34,72.66,73.1,0 - 32.9
EXP-ZNO-03306,A549,20.08,48,34.02,33.35,23.24,71.01,35.74,29.81,0 - 13.42
EXP-ZNO-03307,HeLa,162.57,48,81.05,70.95,63.9,5.24,83.82,35.31,0 - 15.89
EXP-ZNO-03308,HEK293,61.44,72,45.86,44.08,36.81,36.0,45.31,40.85,0 - 18.38
EXP-ZNO-03309,Jurkat,115.28,48,98.3,92.46,89.44,5.0,122.78,23.54,0 - 10.59
EXP-ZNO-03310,Jurkat,172.1,24,90.42,89.17,81.21,13.19,113.16,30.0,0 - 13.5
EXP-ZNO-03311,MCF-7,107.37,12,74.1,72.73,69.01,26.76,90.88,44.61,0 - 20.07
EXP-ZNO-03312,CHO,40.39,72,39.14,31.98,32.83,51.33,37.7,37.44,0 - 16.85
EXP-ZNO-03313,HepG2,179.32,24,83.03,79.66,65.2,9.34,87.85,42.0,0 - 18.9
EXP-ZNO-03314,HEK293,65.37,12,25.79,33.85,20.14,61.12,27.79,76.47,0 - 34.41
EXP-ZNO-03315,Caco-2,9.83,48,10.4,9.75,12.03,88.7,10.45,39.23,0 - 17.65
EXP-ZNO-03316,HepG2,29.47,48,40.58,32.12,33.37,55.26,42.32,32.95,0 - 14.83
EXP-ZNO-03317,CHO,184.57,24,72.33,54.18,57.25,14.35,66.6,55.0,0 - 24.75
EXP-ZNO-03318,Jurkat,30.85,24,59.14,49.82,44.4,52.9,64.36,30.0,0 - 13.5
EXP-ZNO-03319,Jurkat,138.23,12,89.82,87.91,78.05,14.24,111.46,38.24,0 - 17.21
EXP-ZNO-03320,HepG2,179.49,12,86.77,65.21,70.28,11.24,86.16,53.53,0 - 24.09
EXP-ZNO-03321,Jurkat,96.72,72,100.0,84.52,81.47,10.91,116.28,20.42,0 - 9.19
EXP-ZNO-03322,CHO,145.35,6,52.0,41.56,38.99,35.88,49.09,89.35,0 - 40.21
EXP-ZNO-03323,Jurkat,170.27,72,98.37,91.53,80.64,8.74,118.47,20.42,0 - 9.19
EXP-ZNO-03324,Caco-2,68.79,48,59.19,57.55,54.05,24.84,62.85,39.23,0 - 17.65
EXP-ZNO-03325,HEK293,42.31,48,25.88,26.28,23.9,61.38,27.21,47.08,0 - 21.18
EXP-ZNO-03326,HeLa,88.73,24,62.62,54.31,47.84,25.22,65.24,45.0,0 - 20.25
EXP-ZNO-03327,NIH-3T3,165.88,24,63.84,49.42,46.35,20.23,53.61,65.0,0 - 29.25
EXP-ZNO-03328,A549,167.87,72,96.28,80.23,78.19,5.96,108.05,25.87,0 - 11.64
EXP-ZNO-03329,HEK293,22.38,48,28.5,16.46,15.18,73.95,19.95,47.08,0 - 21.18
EXP-ZNO-03330,CHO,123.25,12,56.62,53.51,42.03,26.04,56.37,70.1,0 - 31.55
EXP-ZNO-03331,CHO,92.84,6,37.23,39.15,31.47,50.46,38.53,89.35,0 - 40.21
EXP-ZNO-03332,PC12,43.24,12,41.68,33.89,36.64,60.82,44.28,50.98,0 - 22.94
EXP-ZNO-03333,PC12,168.11,48,88.34,78.69,71.48,7.93,99.16,31.38,0 - 14.12
EXP-ZNO-03334,A549,135.93,6,78.64,66.01,68.07,19.73,91.17,61.73,0 - 27.78
EXP-ZNO-03335,NIH-3T3,82.18,6,27.71,24.37,24.93,58.6,26.91,105.59,0 - 47.52
EXP-ZNO-03336,HEK293,180.58,48,58.83,56.53,52.25,13.61,60.59,47.08,0 - 21.18
EXP-ZNO-03337,HEK293,73.73,72,48.5,42.42,41.79,28.77,49.25,40.85,0 - 18.38
EXP-ZNO-03338,HepG2,140.84,6,67.84,62.35,57.92,19.37,75.52,68.23,0 - 30.7
EXP-ZNO-03339,NIH-3T3,197.05,72,60.04,49.77,47.93,13.54,55.91,44.25,0 - 19.91
EXP-ZNO-03340,NIH-3T3,195.54,6,49.35,41.81,38.23,31.52,44.89,105.59,0 - 47.52
EXP-ZNO-03341,PC12,95.3,12,67.0,61.9,59.26,31.86,75.49,50.98,0 - 22.94
EXP-ZNO-03342,MCF-7,154.86,6,87.27,83.31,75.63,14.28,105.19,56.86,0 - 25.59
EXP-ZNO-03343,PC12,129.97,48,83.16,78.71,68.03,13.68,94.07,31.38,0 - 14.12
EXP-ZNO-03344,HepG2,89.08,48,69.4,60.02,63.93,22.83,74.61,32.95,0 - 14.83
EXP-ZNO-03345,CHO,114.44,6,54.85,42.39,42.58,33.85,51.11,89.35,0 - 40.21
EXP-ZNO-03346,HeLa,121.02,12,69.88,67.44,56.42,20.15,72.48,57.36,0 - 25.81
EXP-ZNO-03347,HepG2,182.29,24,85.43,70.15,70.0,9.4,87.58,42.0,0 - 18.9
EXP-ZNO-03348,HepG2,181.54,6,76.43,63.66,59.04,14.18,80.43,68.23,0 - 30.7
EXP-ZNO-03349,HepG2,4.86,24,0.32,2.91,8.11,97.06,3.35,42.0,0 - 18.9
EXP-ZNO-03350,PC12,58.45,72,73.07,67.77,66.85,19.47,86.33,27.23,0 - 12.25
EXP-ZNO-03351,NIH-3T3,71.37,12,26.51,30.09,21.69,54.44,28.68,82.85,0 - 37.28
EXP-ZNO-03352,Caco-2,171.41,6,66.77,62.84,57.44,19.67,67.98,81.23,0 - 36.55
EXP-ZNO-03353,HEK293,123.1,6,39.77,37.02,30.7,45.35,38.62,97.47,0 - 43.86
EXP-ZNO-03354,Caco-2,4.38,24,3.54,3.06,11.34,92.61,6.23,50.0,0 - 22.5
EXP-ZNO-03355,HepG2,44.19,72,58.02,56.61,45.51,33.45,63.21,28.59,0 - 12.87
EXP-ZNO-03356,Caco-2,190.01,6,74.05,61.31,54.08,15.4,70.7,81.23,0 - 36.55
EXP-ZNO-03357,Jurkat,190.3,6,100.0,92.01,79.02,8.27,118.98,48.74,0 - 21.93
EXP-ZNO-03358,HeLa,64.41,72,59.2,56.55,52.26,25.16,65.58,30.64,0 - 13.79
EXP-ZNO-03359,MCF-7,177.24,24,100.0,89.8,85.53,6.82,116.11,35.0,0 - 15.75
EXP-ZNO-03360,HEK293,165.49,24,62.87,55.43,43.7,19.2,57.67,60.0,0 - 27.0
EXP-ZNO-03361,Jurkat,92.58,24,94.16,81.57,78.96,15.12,110.96,30.0,0 - 13.5
EXP-ZNO-03362,HepG2,32.67,72,45.21,38.1,35.81,46.68,49.13,28.59,0 - 12.87
EXP-ZNO-03363,A549,117.23,24,90.96,79.48,71.55,10.09,102.96,38.0,0 - 17.1
EXP-ZNO-03364,Jurkat,184.89,48,100.0,88.87,86.49,5.0,121.95,23.54,0 - 10.59
EXP-ZNO-03365,HeLa,180.54,72,76.23,74.37,68.19,5.0,84.13,30.64,0 - 13.79
EXP-ZNO-03366,CHO,144.07,12,66.24,54.11,50.63,19.04,62.5,70.1,0 - 31.55
EXP-ZNO-03367,NIH-3T3,150.94,48,65.39,52.17,52.28,7.22,60.11,51.0,0 - 22.95
EXP-ZNO-03368,MCF-7,39.54,48,69.33,60.29,54.72,33.9,80.21,27.46,0 - 12.36
EXP-ZNO-03369,NIH-3T3,149.98,72,62.39,49.88,47.74,13.68,56.22,44.25,0 - 19.91
EXP-ZNO-03370,NIH-3T3,161.99,72,63.98,50.71,49.48,9.0,58.66,44.25,0 - 19.91
EXP-ZNO-03371,Caco-2,82.64,72,66.16,58.98,53.33,20.34,66.41,34.04,0 - 15.32
EXP-ZNO-03372,HEK293,70.21,12,27.26,32.28,26.37,53.02,32.08,76.47,0 - 34.41
EXP-ZNO-03373,Caco-2,190.58,24,77.1,68.11,64.51,6.02,78.19,50.0,0 - 22.5
EXP-ZNO-03374,CHO,123.15,72,65.31,65.64,54.14,8.33,69.18,37.44,0 - 16.85
EXP-ZNO-03375,Jurkat,19.62,48,46.91,37.34,35.85,58.56,53.4,23.54,0 - 10.59
EXP-ZNO-03376,Caco-2,123.24,48,70.56,67.02,60.65,10.09,74.31,39.23,0 - 17.65
EXP-ZNO-03377,HepG2,162.67,24,83.02,73.59,67.21,7.98,87.92,42.0,0 - 18.9
EXP-ZNO-03378,PC12,2.77,6,11.5,2.61,0.37,96.89,4.95,64.98,0 - 29.24
EXP-ZNO-03379,Caco-2,165.08,24,76.6,74.37,59.82,8.8,77.0,50.0,0 - 22.5
EXP-ZNO-03380,HEK293,148.57,72,61.32,52.56,46.82,17.41,58.2,40.85,0 - 18.38
EXP-ZNO-03381,NIH-3T3,170.06,72,66.01,54.24,59.45,10.53,59.99,44.25,0 - 19.91
EXP-ZNO-03382,NIH-3T3,133.87,48,53.25,45.57,43.66,19.53,51.42,51.0,0 - 22.95
EXP-ZNO-03383,A549,113.16,48,100.0,82.6,76.98,5.0,109.72,29.81,0 - 13.42
EXP-ZNO-03384,A549,119.77,72,90.13,75.71,75.08,9.69,102.96,25.87,0 - 11.64
EXP-ZNO-03385,Caco-2,141.28,72,65.62,63.06,59.45,12.6,71.44,34.04,0 - 15.32
EXP-ZNO-03386,HeLa,33.84,6,21.17,16.75,20.46,76.11,21.76,73.1,0 - 32.9
EXP-ZNO-03387,HeLa,166.08,24,80.68,65.21,58.65,9.95,79.74,45.0,0 - 20.25
EXP-ZNO-03388,CHO,77.07,12,33.55,33.02,32.43,49.01,37.82,70.1,0 - 31.55
EXP-ZNO-03389,HepG2,51.77,6,41.95,37.71,34.46,53.87,44.39,68.23,0 - 30.7
EXP-ZNO-03390,CHO,155.8,6,52.34,44.1,46.36,31.22,52.58,89.35,0 - 40.21
EXP-ZNO-03391,Jurkat,192.23,6,100.0,94.28,86.95,5.0,123.09,48.74,0 - 21.93
EXP-ZNO-03392,NIH-3T3,10.68,48,10.0,3.98,0.0,91.75,5.38,51.0,0 - 22.95
EXP-ZNO-03393,HepG2,41.63,72,56.08,45.1,42.21,37.64,58.27,28.59,0 - 12.87
EXP-ZNO-03394,PC12,96.82,48,82.79,74.8,70.68,12.15,94.65,31.38,0 - 14.12
EXP-ZNO-03395,Jurkat,32.38,24,61.84,49.92,50.85,46.27,70.65,30.0,0 - 13.5
EXP-ZNO-03396,Caco-2,173.58,12,83.34,62.9,63.77,7.25,77.94,63.73,0 - 28.68
EXP-ZNO-03397,HeLa,25.9,12,26.23,19.26,21.79,71.92,25.44,57.36,0 - 25.81
EXP-ZNO-03398,NIH-3T3,166.32,6,50.06,42.4,38.02,33.23,44.37,105.59,0 - 47.52
EXP-ZNO-03399,Caco-2,163.87,6,55.14,51.02,53.02,25.36,60.76,81.23,0 - 36.55
EXP-ZNO-03400,HepG2,4.94,72,1.85,0.0,1.68,96.58,2.45,28.59,0 - 12.87
EXP-ZNO-03401,Caco-2,190.5,48,77.66,68.61,62.69,6.35,77.95,39.23,0 - 17.65
EXP-ZNO-03402,MCF-7,192.62,72,100.0,85.97,84.07,5.95,115.66,23.83,0 - 10.72
EXP-ZNO-03403,HeLa,178.22,6,77.05,65.48,56.26,15.62,75.86,73.1,0 - 32.9
EXP-ZNO-03404,NIH-3T3,156.86,12,47.15,37.91,39.84,29.83,44.94,82.85,0 - 37.28
EXP-ZNO-03405,A549,186.59,6,91.53,79.18,71.99,12.37,101.76,61.73,0 - 27.78
EXP-ZNO-03406,NIH-3T3,150.33,24,53.58,50.52,44.18,20.04,51.92,65.0,0 - 29.25
EXP-ZNO-03407,A549,65.07,72,81.68,76.59,74.79,14.92,97.9,25.87,0 - 11.64
EXP-ZNO-03408,HepG2,92.87,48,77.1,66.47,58.93,14.72,80.71,32.95,0 - 14.83
EXP-ZNO-03409,CHO,151.26,12,64.78,63.67,54.49,11.75,67.32,70.1,0 - 31.55
EXP-ZNO-03410,CHO,66.94,72,60.04,50.73,46.6,23.7,58.28,37.44,0 - 16.85
EXP-ZNO-03411,Caco-2,123.5,12,55.51,57.43,54.79,20.57,64.27,63.73,0 - 28.68
EXP-ZNO-03412,NIH-3T3,0.89,48,0.0,2.53,5.26,99.6,1.09,51.0,0 - 22.95
EXP-ZNO-03413,MCF-7,75.57,12,72.47,67.62,58.37,33.32,83.42,44.61,0 - 20.07
EXP-ZNO-03414,CHO,97.28,12,49.04,43.67,41.29,36.37,48.93,70.1,0 - 31.55
EXP-ZNO-03415,PC12,132.88,48,87.76,78.65,76.0,5.0,101.49,31.38,0 - 14.12
EXP-ZNO-03416,HepG2,149.63,12,72.87,68.69,63.28,13.1,81.71,53.53,0 - 24.09
EXP-ZNO-03417,CHO,169.04,12,61.95,61.65,51.81,21.77,61.67,70.1,0 - 31.55
EXP-ZNO-03418,HEK293,114.37,24,52.28,46.92,46.69,25.95,52.29,60.0,0 - 27.0
EXP-ZNO-03419,Caco-2,33.62,6,25.45,15.17,20.0,75.12,21.67,81.23,0 - 36.55
EXP-ZNO-03420,Caco-2,151.06,48,74.45,61.98,60.71,10.57,74.11,39.23,0 - 17.65
EXP-ZNO-03421,HEK293,53.51,6,28.94,15.48,13.37,74.86,19.28,97.47,0 - 43.86
EXP-ZNO-03422,PC12,96.78,48,86.94,81.04,73.49,10.32,98.22,31.38,0 - 14.12
EXP-ZNO-03423,A549,147.1,48,80.96,83.82,77.71,8.4,103.47,29.81,0 - 13.42
EXP-ZNO-03424,Caco-2,64.23,6,37.3,31.49,30.31,55.15,37.2,81.23,0 - 36.55
EXP-ZNO-03425,Jurkat,102.65,48,92.85,86.14,79.85,15.41,111.49,23.54,0 - 10.59
EXP-ZNO-03426,HEK293,179.77,72,66.32,63.72,61.0,5.57,67.31,40.85,0 - 18.38
EXP-ZNO-03427,HepG2,45.73,12,32.3,40.04,29.83,55.23,41.29,53.53,0 - 24.09
EXP-ZNO-03428,PC12,82.6,48,72.06,68.75,65.3,22.33,84.36,31.38,0 - 14.12
EXP-ZNO-03429,PC12,35.67,6,34.16,21.5,25.57,67.93,34.42,64.98,0 - 29.24
EXP-ZNO-03430,A549,197.04,72,99.43,89.83,78.08,5.0,111.09,25.87,0 - 11.64
EXP-ZNO-03431,Caco-2,83.87,72,59.73,50.95,52.99,20.69,63.83,34.04,0 - 15.32
EXP-ZNO-03432,HEK293,197.84,6,50.11,51.26,44.52,25.82,52.26,97.47,0 - 43.86
EXP-ZNO-03433,PC12,187.93,48,90.2,85.39,73.56,7.29,101.47,31.38,0 - 14.12
EXP-ZNO-03434,CHO,49.72,12,25.64,24.54,26.05,65.82,26.83,70.1,0 - 31.55
EXP-ZNO-03435,HEK293,85.35,48,54.62,41.32,37.98,28.61,49.74,47.08,0 - 21.18
EXP-ZNO-03436,Caco-2,99.85,24,63.75,49.18,52.19,26.46,61.49,50.0,0 - 22.5
EXP-ZNO-03437,MCF-7,59.87,24,77.43,61.71,59.63,30.07,85.82,35.0,0 - 15.75
EXP-ZNO-03438,HepG2,122.94,72,77.27,79.39,67.35,9.45,86.88,28.59,0 - 12.87
EXP-ZNO-03439,A549,196.77,48,90.62,82.79,79.08,5.69,107.47,29.81,0 - 13.42
EXP-ZNO-03440,PC12,92.53,24,78.61,71.17,65.36,20.13,87.56,40.0,0 - 18.0
EXP-ZNO-03441,NIH-3T3,36.49,72,28.24,22.94,20.9,59.15,26.12,44.25,0 - 19.91
EXP-ZNO-03442,HepG2,58.73,6,44.89,35.53,31.54,55.71,43.24,68.23,0 - 30.7
EXP-ZNO-03443,HeLa,33.02,12,23.71,21.43,19.05,75.99,22.82,57.36,0 - 25.81
EXP-ZNO-03444,HeLa,125.96,24,69.53,60.43,52.55,21.69,70.01,45.0,0 - 20.25
EXP-ZNO-03445,Jurkat,43.42,72,80.18,78.53,61.75,27.08,95.6,20.42,0 - 9.19
EXP-ZNO-03446,NIH-3T3,112.47,12,42.88,34.77,36.69,39.47,39.65,82.85,0 - 37.28
EXP-ZNO-03447,NIH-3T3,138.76,48,62.08,51.08,46.64,11.05,57.24,51.0,0 - 22.95
EXP-ZNO-03448,Caco-2,121.69,6,62.21,49.63,38.54,30.57,57.36,81.23,0 - 36.55
EXP-ZNO-03449,PC12,105.01,12,74.71,70.79,67.7,18.48,87.95,50.98,0 - 22.94
EXP-ZNO-03450,HeLa,2.36,72,0.0,3.75,0.0,98.24,1.44,30.64,0 - 13.79
EXP-ZNO-03451,HepG2,59.08,72,71.59,58.35,59.94,21.09,75.09,28.59,0 - 12.87
EXP-ZNO-03452,HEK293,42.57,24,29.54,24.08,27.59,59.23,28.94,60.0,0 - 27.0
EXP-ZNO-03453,A549,175.39,72,96.32,82.62,76.64,8.89,106.45,25.87,0 - 11.64
EXP-ZNO-03454,MCF-7,146.19,48,94.22,91.06,82.22,7.86,113.63,27.46,0 - 12.36
EXP-ZNO-03455,Caco-2,141.32,24,67.91,60.0,56.6,15.92,69.46,50.0,0 - 22.5
EXP-ZNO-03456,HepG2,150.54,6,65.62,57.38,58.88,24.88,71.53,68.23,0 - 30.7
EXP-ZNO-03457,NIH-3T3,190.73,24,56.6,47.98,50.47,14.2,55.19,65.0,0 - 29.25
EXP-ZNO-03458,PC12,77.35,72,68.33,70.12,60.27,23.89,81.97,27.23,0 - 12.25
EXP-ZNO-03459,Caco-2,125.27,6,54.05,47.47,41.31,34.14,54.2,81.23,0 - 36.55
EXP-ZNO-03460,HeLa,46.97,48,52.77,50.01,42.76,36.09,56.42,35.31,0 - 15.89
EXP-ZNO-03461,HEK293,19.38,48,11.24,17.0,9.6,80.57,13.56,47.08,0 - 21.18
EXP-ZNO-03462,HeLa,52.98,24,44.77,48.42,44.7,39.04,53.4,45.0,0 - 20.25
EXP-ZNO-03463,HEK293,151.18,72,65.62,59.98,48.62,11.48,62.62,40.85,0 - 18.38
EXP-ZNO-03464,NIH-3T3,22.43,72,10.03,13.47,9.97,76.5,13.82,44.25,0 - 19.91
EXP-ZNO-03465,HEK293,9.47,12,7.08,6.58,3.48,92.69,5.59,76.47,0 - 34.41
EXP-ZNO-03466,MCF-7,128.13,48,95.22,90.91,84.92,6.54,115.19,27.46,0 - 12.36
EXP-ZNO-03467,Jurkat,46.59,12,65.82,53.22,59.9,42.7,76.42,38.24,0 - 17.21
EXP-ZNO-03468,HEK293,77.49,72,53.8,48.28,40.64,23.27,53.09,40.85,0 - 18.38
EXP-ZNO-03469,HEK293,122.21,72,62.54,55.96,50.52,17.89,59.1,40.85,0 - 18.38
EXP-ZNO-03470,NIH-3T3,119.17,72,51.19,51.96,44.16,14.86,53.78,44.25,0 - 19.91
EXP-ZNO-03471,NIH-3T3,144.39,12,43.85,48.69,43.31,25.58,47.82,82.85,0 - 37.28
EXP-ZNO-03472,PC12,36.6,24,40.85,37.17,38.3,50.16,51.07,40.0,0 - 18.0
EXP-ZNO-03473,Caco-2,123.74,24,71.05,61.35,58.93,10.9,72.96,50.0,0 - 22.5
EXP-ZNO-03474,A549,185.75,12,95.3,87.1,78.04,7.94,107.83,48.43,0 - 21.79
EXP-ZNO-03475,CHO,80.08,48,51.71,45.38,44.84,31.58,52.28,43.15,0 - 19.42
EXP-ZNO-03476,MCF-7,172.91,72,100.0,85.71,84.86,5.0,116.36,23.83,0 - 10.72
EXP-ZNO-03477,CHO,8.14,12,4.78,2.1,5.27,96.45,3.45,70.1,0 - 31.55
EXP-ZNO-03478,CHO,55.35,6,17.78,29.46,15.84,72.93,21.5,89.35,0 - 40.21
EXP-ZNO-03479,HeLa,5.57,72,6.5,6.52,0.61,91.57,6.58,30.64,0 - 13.79
EXP-ZNO-03480,MCF-7,4.15,48,9.47,3.49,0.0,98.81,3.77,27.46,0 - 12.36
EXP-ZNO-03481,PC12,55.83,6,38.94,33.43,37.64,59.77,44.35,64.98,0 - 29.24
EXP-ZNO-03482,PC12,182.29,48,92.53,81.97,70.0,9.37,99.61,31.38,0 - 14.12
EXP-ZNO-03483,CHO,153.66,24,59.75,53.98,54.41,20.34,61.23,55.0,0 - 24.75
EXP-ZNO-03484,PC12,166.38,72,95.58,79.08,75.68,5.0,103.3,27.23,0 - 12.25
EXP-ZNO-03485,Caco-2,170.28,48,70.41,70.06,65.76,6.35,77.22,39.23,0 - 17.65
EXP-ZNO-03486,Caco-2,90.09,6,43.63,31.12,29.91,48.34,41.52,81.23,0 - 36.55
EXP-ZNO-03487,Jurkat,128.38,6,94.2,87.91,73.63,15.5,110.92,48.74,0 - 21.93
EXP-ZNO-03488,Jurkat,47.52,48,83.99,77.39,76.66,21.88,102.66,23.54,0 - 10.59
EXP-ZNO-03489,Caco-2,67.46,12,49.37,34.1,38.06,44.96,45.81,63.73,0 - 28.68
EXP-ZNO-03490,MCF-7,34.74,24,53.29,46.0,50.94,47.9,64.06,35.0,0 - 15.75
EXP-ZNO-03491,HEK293,9.94,48,2.76,3.91,5.48,92.77,4.74,47.08,0 - 21.18
EXP-ZNO-03492,PC12,135.55,12,77.2,57.4,64.62,21.31,84.05,50.98,0 - 22.94
EXP-ZNO-03493,HeLa,63.32,48,62.06,49.92,51.77,31.25,62.04,35.31,0 - 15.89
EXP-ZNO-03494,PC12,151.5,72,82.99,81.97,76.35,7.92,99.34,27.23,0 - 12.25
EXP-ZNO-03495,A549,108.73,6,72.04,65.17,62.71,26.32,84.52,61.73,0 - 27.78
EXP-ZNO-03496,Caco-2,74.62,48,62.29,65.09,50.63,18.71,66.94,39.23,0 - 17.65
EXP-ZNO-03497,CHO,164.72,12,59.89,56.91,49.64,17.49,62.29,70.1,0 - 31.55
EXP-ZNO-03498,NIH-3T3,20.31,24,13.44,7.85,1.83,86.42,8.74,65.0,0 - 29.25
EXP-ZNO-03499,PC12,191.72,72,92.11,85.45,78.37,5.0,104.07,27.23,0 - 12.25
EXP-ZNO-03500,Caco-2,53.6,24,41.57,38.97,37.19,49.5,42.74,50.0,0 - 22.5
EXP-ZNO-03501,HepG2,147.4,48,85.61,76.01,69.47,8.32,89.02,32.95,0 - 14.83
EXP-ZNO-03502,A549,148.37,6,81.41,65.73,68.44,19.69,91.88,61.73,0 - 27.78
EXP-ZNO-03503,Caco-2,70.2,12,46.7,48.83,39.51,42.67,48.69,63.73,0 - 28.68
EXP-ZNO-03504,HeLa,21.33,12,9.43,13.52,7.39,85.13,12.46,57.36,0 - 25.81
EXP-ZNO-03505,A549,82.46,24,75.53,73.17,66.85,22.81,89.64,38.0,0 - 17.1
EXP-ZNO-03506,A549,44.37,12,46.04,42.22,37.5,54.93,52.44,48.43,0 - 21.79
EXP-ZNO-03507,Jurkat,60.91,48,96.48,77.44,79.13,18.48,108.6,23.54,0 - 10.59
EXP-ZNO-03508,HepG2,126.99,24,64.25,63.08,62.58,18.35,76.15,42.0,0 - 18.9
EXP-ZNO-03509,Jurkat,159.89,72,99.68,81.11,83.46,13.3,114.36,20.42,0 - 9.19
EXP-ZNO-03510,Caco-2,2.76,6,7.74,2.04,0.0,94.71,4.27,81.23,0 - 36.55
EXP-ZNO-03511,Jurkat,163.58,72,100.0,92.9,85.7,6.14,121.84,20.42,0 - 9.19
EXP-ZNO-03512,A549,100.15,24,85.17,67.71,63.79,20.36,91.89,38.0,0 - 17.1
EXP-ZNO-03513,Caco-2,8.7,12,9.92,2.03,0.0,95.43,4.34,63.73,0 - 28.68
EXP-ZNO-03514,Jurkat,188.75,72,100.0,95.82,81.55,5.0,122.34,20.42,0 - 9.19
EXP-ZNO-03515,CHO,45.55,72,40.17,34.94,33.8,45.75,40.92,37.44,0 - 16.85
EXP-ZNO-03516,HepG2,13.22,6,6.47,0.0,1.69,96.23,3.6,68.23,0 - 30.7
EXP-ZNO-03517,HepG2,50.91,12,45.17,41.36,39.27,47.52,49.74,53.53,0 - 24.09
EXP-ZNO-03518,HEK293,29.63,24,21.3,18.07,17.91,69.23,21.29,60.0,0 - 27.0
EXP-ZNO-03519,HeLa,51.26,6,34.12,20.07,18.0,64.18,30.44,73.1,0 - 32.9
EXP-ZNO-03520,Caco-2,4.74,72,3.13,10.94,0.0,96.47,3.83,34.04,0 - 15.32
EXP-ZNO-03521,HepG2,147.24,48,77.8,77.41,68.45,5.0,89.19,32.95,0 - 14.83
EXP-ZNO-03522,MCF-7,39.67,48,64.8,56.52,57.26,37.19,76.79,27.46,0 - 12.36
EXP-ZNO-03523,PC12,123.14,72,79.14,79.48,75.4,14.23,94.24,27.23,0 - 12.25
EXP-ZNO-03524,NIH-3T3,92.45,24,36.89,36.72,34.96,38.4,39.14,65.0,0 - 29.25
EXP-ZNO-03525,HepG2,101.45,24,70.1,64.19,62.09,21.21,75.97,42.0,0 - 18.9
EXP-ZNO-03526,MCF-7,77.82,6,59.19,54.46,51.58,38.01,73.42,56.86,0 - 25.59
EXP-ZNO-03527,CHO,156.07,12,63.14,64.22,53.54,16.65,64.77,70.1,0 - 31.55
EXP-ZNO-03528,Jurkat,142.06,48,100.0,96.32,84.24,5.0,122.96,23.54,0 - 10.59
EXP-ZNO-03529,NIH-3T3,182.62,12,47.31,43.3,41.12,20.25,49.6,82.85,0 - 37.28
EXP-ZNO-03530,CHO,88.09,48,63.28,50.26,51.48,16.53,62.69,43.15,0 - 19.42
EXP-ZNO-03531,NIH-3T3,198.18,6,49.87,47.19,40.19,25.43,48.29,105.59,0 - 47.52
EXP-ZNO-03532,PC12,129.18,12,80.47,66.65,67.21,18.93,88.21,50.98,0 - 22.94
EXP-ZNO-03533,HepG2,63.66,48,74.75,57.59,59.97,23.91,74.16,32.95,0 - 14.83
EXP-ZNO-03534,NIH-3T3,103.26,12,40.47,39.91,34.65,40.13,39.37,82.85,0 - 37.28
EXP-ZNO-03535,HepG2,68.97,48,73.13,60.55,57.63,20.42,75.75,32.95,0 - 14.83
EXP-ZNO-03536,HepG2,190.72,72,84.84,73.3,69.82,5.0,90.23,28.59,0 - 12.87
EXP-ZNO-03537,HEK293,76.96,12,37.96,28.22,24.38,51.82,33.64,76.47,0 - 34.41
EXP-ZNO-03538,NIH-3T3,57.71,48,41.35,36.41,35.08,43.88,37.64,51.0,0 - 22.95
EXP-ZNO-03539,NIH-3T3,83.66,12,39.07,30.8,22.28,55.62,30.37,82.85,0 - 37.28
EXP-ZNO-03540,A549,151.32,6,76.86,65.43,64.39,20.27,89.65,61.73,0 - 27.78
EXP-ZNO-03541,HEK293,145.22,12,59.86,51.77,46.55,26.52,53.94,76.47,0 - 34.41
EXP-ZNO-03542,Jurkat,154.15,48,100.0,90.36,90.17,5.0,122.95,23.54,0 - 10.59
EXP-ZNO-03543,MCF-7,191.1,72,100.0,92.99,80.51,5.0,116.91,23.83,0 - 10.72
EXP-ZNO-03544,HepG2,194.84,24,84.27,72.58,73.74,5.15,90.54,42.0,0 - 18.9
EXP-ZNO-03545,Caco-2,96.91,24,52.89,44.27,48.61,30.19,56.44,50.0,0 - 22.5
EXP-ZNO-03546,HEK293,17.08,48,9.75,0.15,5.94,90.43,6.5,47.08,0 - 21.18
EXP-ZNO-03547,Jurkat,74.27,72,100.0,95.42,82.49,6.95,121.17,20.42,0 - 9.19
EXP-ZNO-03548,Caco-2,36.18,72,43.3,35.82,40.66,48.26,43.7,34.04,0 - 15.32
EXP-ZNO-03549,HeLa,128.11,6,54.67,57.49,51.24,30.0,62.24,73.1,0 - 32.9
EXP-ZNO-03550,NIH-3T3,35.95,6,12.2,10.94,13.4,81.57,12.24,105.59,0 - 47.52
EXP-ZNO-03551,HEK293,73.32,12,36.93,28.94,29.55,54.16,33.22,76.47,0 - 34.41
EXP-ZNO-03552,Jurkat,150.79,24,100.0,90.3,83.5,8.52,119.35,30.0,0 - 13.5
EXP-ZNO-03553,A549,52.98,72,77.39,68.22,60.35,26.66,85.72,25.87,0 - 11.64
EXP-ZNO-03554,NIH-3T3,66.33,72,48.27,42.23,40.25,27.87,46.47,44.25,0 - 19.91
EXP-ZNO-03555,HEK293,104.05,48,55.86,47.71,43.73,24.2,53.37,47.08,0 - 21.18
EXP-ZNO-03556,PC12,95.01,12,68.24,66.58,56.37,23.64,80.81,50.98,0 - 22.94
EXP-ZNO-03557,HepG2,18.08,6,6.97,6.12,4.85,94.11,6.28,68.23,0 - 30.7
EXP-ZNO-03558,CHO,36.42,6,19.59,22.73,19.91,77.11,19.58,89.35,0 - 40.21
EXP-ZNO-03559,CHO,91.56,48,53.15,47.54,41.88,25.75,55.05,43.15,0 - 19.42
EXP-ZNO-03560,Jurkat,106.02,12,97.95,89.44,82.61,12.74,115.74,38.24,0 - 17.21
EXP-ZNO-03561,PC12,69.36,6,56.75,47.12,44.07,44.1,60.93,64.98,0 - 29.24
EXP-ZNO-03562,HEK293,36.58,48,24.84,25.17,22.25,59.87,27.32,47.08,0 - 21.18
EXP-ZNO-03563,Caco-2,119.46,6,52.63,41.07,48.85,35.39,53.5,81.23,0 - 36.55
EXP-ZNO-03564,HeLa,176.86,6,64.19,60.9,48.86,24.63,66.99,73.1,0 - 32.9
EXP-ZNO-03565,CHO,124.1,12,43.65,46.49,41.73,34.56,49.21,70.1,0 - 31.55
EXP-ZNO-03566,CHO,3.06,24,4.06,0.0,0.0,96.99,2.09,55.0,0 - 24.75
EXP-ZNO-03567,Caco-2,99.02,24,60.6,54.01,53.03,27.5,61.2,50.0,0 - 22.5
EXP-ZNO-03568,HEK293,147.46,48,58.5,59.26,50.59,18.24,58.7,47.08,0 - 21.18
EXP-ZNO-03569,Jurkat,164.25,48,100.0,95.85,86.85,8.75,120.94,23.54,0 - 10.59
EXP-ZNO-03570,HEK293,165.4,24,54.55,48.66,46.82,18.28,56.18,60.0,0 - 27.0
EXP-ZNO-03571,HepG2,189.6,6,74.91,56.26,59.31,21.55,75.12,68.23,0 - 30.7
EXP-ZNO-03572,PC12,69.51,6,55.3,46.64,43.14,50.24,56.82,64.98,0 - 29.24
EXP-ZNO-03573,HepG2,10.3,48,10.24,4.59,7.74,92.2,8.19,32.95,0 - 14.83
EXP-ZNO-03574,CHO,18.2,24,9.28,13.85,12.05,80.7,13.85,55.0,0 - 24.75
EXP-ZNO-03575,PC12,27.62,24,29.18,29.57,26.23,69.33,33.97,40.0,0 - 18.0
EXP-ZNO-03576,Jurkat,136.29,12,87.15,79.09,70.42,17.33,105.55,38.24,0 - 17.21
EXP-ZNO-03577,Caco-2,116.55,24,60.31,55.91,51.46,20.56,64.49,50.0,0 - 22.5
EXP-ZNO-03578,Caco-2,115.83,48,66.61,51.4,57.47,17.11,67.54,39.23,0 - 17.65
EXP-ZNO-03579,A549,179.53,24,93.28,90.75,74.48,5.0,109.13,38.0,0 - 17.1
EXP-ZNO-03580,Jurkat,148.01,12,100.0,88.05,81.41,11.3,116.7,38.24,0 - 17.21
EXP-ZNO-03581,HepG2,38.5,6,27.45,30.34,23.75,67.11,31.55,68.23,0 - 30.7
EXP-ZNO-03582,NIH-3T3,118.59,6,40.36,35.56,37.2,39.16,39.52,105.59,0 - 47.52
EXP-ZNO-03583,HEK293,18.27,48,15.69,17.25,15.57,72.88,18.38,47.08,0 - 21.18
EXP-ZNO-03584,MCF-7,51.37,6,43.64,45.12,42.95,53.53,56.47,56.86,0 - 25.59
EXP-ZNO-03585,PC12,21.03,24,25.95,20.71,19.98,72.92,28.56,40.0,0 - 18.0
EXP-ZNO-03586,Caco-2,112.29,48,58.07,52.81,53.81,22.91,62.84,39.23,0 - 17.65
EXP-ZNO-03587,HeLa,191.01,48,76.61,67.24,61.11,9.8,79.67,35.31,0 - 15.89
EXP-ZNO-03588,Jurkat,95.11,72,100.0,90.92,80.08,7.02,119.78,20.42,0 - 9.19
EXP-ZNO-03589,HEK293,91.86,12,39.02,32.34,25.03,49.46,35.43,76.47,0 - 34.41
EXP-ZNO-03590,Jurkat,186.34,72,100.0,92.7,79.3,5.0,121.29,20.42,0 - 9.19
EXP-ZNO-03591,NIH-3T3,154.32,24,50.77,46.4,41.19,20.54,50.42,65.0,0 - 29.25
EXP-ZNO-03592,HEK293,78.61,6,28.01,29.39,18.55,60.84,27.52,97.47,0 - 43.86
EXP-ZNO-03593,NIH-3T3,0.53,48,0.0,0.0,3.28,100.0,0.39,51.0,0 - 22.95
EXP-ZNO-03594,PC12,85.36,6,55.85,53.08,52.02,36.33,67.59,64.98,0 - 29.24
EXP-ZNO-03595,Caco-2,43.06,48,41.34,44.99,29.16,49.09,42.6,39.23,0 - 17.65
EXP-ZNO-03596,HeLa,53.65,6,31.41,30.21,31.06,56.77,37.09,73.1,0 - 32.9
EXP-ZNO-03597,HEK293,22.13,6,12.3,12.18,5.32,87.73,9.54,97.47,0 - 43.86
EXP-ZNO-03598,HEK293,133.85,6,46.56,36.79,33.42,38.52,43.0,97.47,0 - 43.86
EXP-ZNO-03599,A549,35.19,72,62.83,54.01,44.47,43.97,66.42,25.87,0 - 11.64
EXP-ZNO-03600,Caco-2,156.4,48,72.02,66.04,63.78,9.2,75.31,39.23,0 - 17.65
EXP-ZNO-03601,Caco-2,96.13,6,45.5,44.98,34.55,46.74,45.28,81.23,0 - 36.55
EXP-ZNO-03602,HepG2,14.48,12,13.65,13.69,11.07,85.0,14.64,53.53,0 - 24.09
EXP-ZNO-03603,NIH-3T3,144.84,24,45.92,51.69,43.13,28.15,47.47,65.0,0 - 29.25
EXP-ZNO-03604,HeLa,111.42,6,58.39,49.66,45.96,30.37,60.84,73.1,0 - 32.9
EXP-ZNO-03605,Caco-2,183.43,48,79.76,66.48,59.7,10.02,75.88,39.23,0 - 17.65
EXP-ZNO-03606,PC12,72.23,48,78.64,69.77,56.89,17.88,87.16,31.38,0 - 14.12
EXP-ZNO-03607,HepG2,105.1,48,81.3,72.48,67.06,8.51,87.08,32.95,0 - 14.83
EXP-ZNO-03608,MCF-7,112.5,48,96.55,87.33,78.85,8.92,112.22,27.46,0 - 12.36
EXP-ZNO-03609,NIH-3T3,152.87,6,38.45,35.58,33.57,37.41,39.49,105.59,0 - 47.52
EXP-ZNO-03610,MCF-7,16.76,48,29.87,28.86,20.44,69.56,35.74,27.46,0 - 12.36
EXP-ZNO-03611,HepG2,103.5,24,68.97,69.79,62.75,17.26,78.8,42.0,0 - 18.9
EXP-ZNO-03612,NIH-3T3,133.8,24,45.18,47.29,40.32,26.65,47.08,65.0,0 - 29.25
EXP-ZNO-03613,PC12,116.09,6,67.23,56.22,64.19,25.67,78.97,64.98,0 - 29.24
EXP-ZNO-03614,HEK293,140.08,24,53.07,49.83,45.06,24.17,53.35,60.0,0 - 27.0
EXP-ZNO-03615,MCF-7,40.15,24,59.0,53.63,51.24,45.89,68.23,35.0,0 - 15.75
EXP-ZNO-03616,HepG2,43.94,72,53.79,46.79,44.04,39.08,57.58,28.59,0 - 12.87
EXP-ZNO-03617,CHO,196.79,6,65.53,53.81,49.31,21.91,60.86,89.35,0 - 40.21
EXP-ZNO-03618,A549,193.91,72,94.57,90.55,77.57,5.0,109.96,25.87,0 - 11.64
EXP-ZNO-03619,HEK293,54.39,6,20.6,20.1,13.69,74.5,18.65,97.47,0 - 43.86
EXP-ZNO-03620,CHO,102.8,48,66.12,56.61,53.75,15.59,64.78,43.15,0 - 19.42
EXP-ZNO-03621,Caco-2,45.82,12,29.34,27.1,22.02,63.0,30.15,63.73,0 - 28.68
EXP-ZNO-03622,A549,157.3,48,99.02,87.33,81.07,5.0,111.08,29.81,0 - 13.42
EXP-ZNO-03623,HEK293,9.63,72,14.46,7.65,4.82,87.44,9.39,40.85,0 - 18.38
EXP-ZNO-03624,NIH-3T3,142.95,48,59.11,51.84,51.69,11.81,57.16,51.0,0 - 22.95
EXP-ZNO-03625,A549,142.04,12,86.78,81.27,68.43,15.7,98.35,48.43,0 - 21.79
EXP-ZNO-03626,HeLa,178.31,72,82.46,71.84,65.28,5.0,84.56,30.64,0 - 13.79
EXP-ZNO-03627,MCF-7,167.1,12,96.96,94.0,82.31,10.63,113.15,44.61,0 - 20.07
EXP-ZNO-03628,NIH-3T3,42.75,12,14.43,6.59,12.51,77.37,13.65,82.85,0 - 37.28
EXP-ZNO-03629,Jurkat,44.15,48,90.77,71.11,66.57,24.26,99.68,23.54,0 - 10.59
EXP-ZNO-03630,HEK293,82.23,72,57.92,46.9,43.2,25.51,52.99,40.85,0 - 18.38
EXP-ZNO-03631,HeLa,153.28,48,79.78,69.69,60.94,9.32,80.89,35.31,0 - 15.89
EXP-ZNO-03632,A549,109.27,72,92.09,78.09,73.66,7.95,104.65,25.87,0 - 11.64
EXP-ZNO-03633,HEK293,122.59,48,54.16,55.01,47.2,19.1,56.62,47.08,0 - 21.18
EXP-ZNO-03634,HepG2,81.43,48,67.9,59.48,56.72,21.03,74.02,32.95,0 - 14.83
EXP-ZNO-03635,MCF-7,96.63,72,100.0,86.39,82.06,7.71,114.27,23.83,0 - 10.72
EXP-ZNO-03636,CHO,173.06,6,61.92,45.61,49.08,23.11,58.53,89.35,0 - 40.21
EXP-ZNO-03637,HepG2,96.15,48,80.42,66.84,71.04,14.86,83.3,32.95,0 - 14.83
EXP-ZNO-03638,MCF-7,97.43,48,95.82,79.46,74.14,14.64,106.1,27.46,0 - 12.36
EXP-ZNO-03639,CHO,141.31,6,54.49,53.27,48.9,23.74,57.92,89.35,0 - 40.21
EXP-ZNO-03640,MCF-7,133.83,48,97.03,86.92,83.46,6.33,114.75,27.46,0 - 12.36
EXP-ZNO-03641,HeLa,53.97,24,50.42,30.96,41.4,47.1,47.39,45.0,0 - 20.25
EXP-ZNO-03642,CHO,34.55,12,15.35,21.69,14.39,78.01,17.53,70.1,0 - 31.55
EXP-ZNO-03643,PC12,173.26,6,87.79,80.02,66.81,14.61,94.62,64.98,0 - 29.24
EXP-ZNO-03644,Jurkat,91.54,12,93.37,85.26,81.09,11.16,114.46,38.24,0 - 17.21
EXP-ZNO-03645,Caco-2,143.4,48,71.33,60.08,54.72,12.84,71.31,39.23,0 - 17.65
EXP-ZNO-03646,HeLa,118.79,72,77.07,61.93,60.35,15.76,75.88,30.64,0 - 13.79
EXP-ZNO-03647,CHO,109.81,48,63.64,50.73,47.96,22.86,59.49,43.15,0 - 19.42
EXP-ZNO-03648,HEK293,188.1,72,64.87,63.21,61.45,6.91,66.49,40.85,0 - 18.38
EXP-ZNO-03649,Caco-2,30.44,72,35.87,29.47,24.22,58.35,34.25,34.04,0 - 15.32
EXP-ZNO-03650,NIH-3T3,13.87,48,15.86,15.14,6.54,82.6,12.1,51.0,0 - 22.95
EXP-ZNO-03651,CHO,150.54,12,60.74,51.19,46.22,23.89,58.33,70.1,0 - 31.55
EXP-ZNO-03652,PC12,51.16,72,64.64,60.03,58.03,27.31,77.03,27.23,0 - 12.25
EXP-ZNO-03653,MCF-7,174.26,24,96.66,92.62,84.96,5.0,116.84,35.0,0 - 15.75
EXP-ZNO-03654,CHO,46.86,12,19.92,22.53,14.57,68.81,22.63,70.1,0 - 31.55
EXP-ZNO-03655,HEK293,92.5,6,31.62,34.49,29.09,50.31,34.6,97.47,0 - 43.86
EXP-ZNO-03656,Caco-2,53.06,72,51.32,48.39,43.2,32.11,55.05,34.04,0 - 15.32
EXP-ZNO-03657,HEK293,95.55,6,32.15,23.86,32.29,48.16,34.66,97.47,0 - 43.86
EXP-ZNO-03658,Caco-2,151.27,24,68.99,63.5,50.09,11.8,71.19,50.0,0 - 22.5
EXP-ZNO-03659,HepG2,4.08,12,0.0,8.33,3.95,91.4,6.45,53.53,0 - 24.09
EXP-ZNO-03660,MCF-7,77.68,12,81.95,67.51,67.62,26.43,91.81,44.61,0 - 20.07
EXP-ZNO-03661,MCF-7,46.75,24,67.19,52.52,53.61,34.25,77.79,35.0,0 - 15.75
EXP-ZNO-03662,PC12,67.64,48,81.46,72.57,63.26,23.46,86.18,31.38,0 - 14.12
EXP-ZNO-03663,NIH-3T3,13.45,12,0.91,0.91,0.0,100.0,0.25,82.85,0 - 37.28
EXP-ZNO-03664,HeLa,37.81,12,24.95,23.01,19.96,69.41,26.73,57.36,0 - 25.81
EXP-ZNO-03665,MCF-7,167.89,24,95.72,85.04,80.05,11.31,110.32,35.0,0 - 15.75
EXP-ZNO-03666,PC12,134.26,6,75.73,62.22,60.81,28.06,80.01,64.98,0 - 29.24
EXP-ZNO-03667,A549,109.54,6,74.19,59.86,63.11,26.72,83.91,61.73,0 - 27.78
EXP-ZNO-03668,NIH-3T3,76.84,12,36.64,29.49,27.17,49.37,32.91,82.85,0 - 37.28
EXP-ZNO-03669,PC12,84.38,24,76.2,69.28,59.79,22.34,84.45,40.0,0 - 18.0
EXP-ZNO-03670,Jurkat,176.45,12,100.0,93.77,84.3,5.0,122.47,38.24,0 - 17.21
EXP-ZNO-03671,Caco-2,133.57,12,60.63,49.36,44.41,25.86,60.1,63.73,0 - 28.68
EXP-ZNO-03672,Jurkat,82.51,6,80.39,73.61,60.35,31.25,91.71,48.74,0 - 21.93
EXP-ZNO-03673,A549,89.88,24,83.41,75.91,64.35,19.07,93.82,38.0,0 - 17.1
EXP-ZNO-03674,Caco-2,133.73,24,61.52,50.45,50.08,24.22,62.01,50.0,0 - 22.5
EXP-ZNO-03675,HepG2,13.11,24,7.3,14.86,5.76,89.6,10.24,42.0,0 - 18.9
EXP-ZNO-03676,CHO,38.08,12,20.49,14.72,22.66,73.62,20.61,70.1,0 - 31.55
EXP-ZNO-03677,Caco-2,165.0,12,72.36,59.51,55.36,16.76,69.66,63.73,0 - 28.68
EXP-ZNO-03678,CHO,156.4,72,70.8,63.71,58.98,11.14,69.29,37.44,0 - 16.85
EXP-ZNO-03679,PC12,88.69,72,93.18,82.64,74.16,7.21,101.83,27.23,0 - 12.25
EXP-ZNO-03680,CHO,196.63,12,58.7,51.32,50.66,21.96,59.45,70.1,0 - 31.55
EXP-ZNO-03681,NIH-3T3,109.77,6,30.28,32.11,28.72,52.07,31.32,105.59,0 - 47.52
EXP-ZNO-03682,PC12,57.87,6,45.6,43.53,41.03,52.56,52.35,64.98,0 - 29.24
EXP-ZNO-03683,MCF-7,143.36,48,98.86,91.79,84.04,6.09,116.38,27.46,0 - 12.36
EXP-ZNO-03684,Caco-2,56.48,12,33.1,23.95,25.9,59.62,32.57,63.73,0 - 28.68
EXP-ZNO-03685,NIH-3T3,132.77,12,41.41,42.52,31.78,32.84,42.41,82.85,0 - 37.28
EXP-ZNO-03686,HepG2,129.1,6,66.63,62.45,56.61,23.87,72.71,68.23,0 - 30.7
EXP-ZNO-03687,HeLa,177.47,48,78.29,70.47,66.4,6.87,82.75,35.31,0 - 15.89
EXP-ZNO-03688,A549,113.56,48,91.34,80.13,68.88,8.24,103.8,29.81,0 - 13.42
EXP-ZNO-03689,PC12,103.15,6,67.21,59.55,49.77,34.24,72.13,64.98,0 - 29.24
EXP-ZNO-03690,Jurkat,48.41,48,83.16,71.23,70.84,23.22,99.23,23.54,0 - 10.59
EXP-ZNO-03691,CHO,141.54,6,51.35,45.65,43.66,32.08,51.86,89.35,0 - 40.21
EXP-ZNO-03692,Caco-2,123.26,12,57.42,51.28,52.09,23.62,61.92,63.73,0 - 28.68
EXP-ZNO-03693,Caco-2,183.19,12,65.4,61.92,57.72,18.11,68.37,63.73,0 - 28.68
EXP-ZNO-03694,Caco-2,36.07,24,30.31,36.38,32.45,55.52,36.7,50.0,0 - 22.5
EXP-ZNO-03695,HEK293,175.87,6,50.53,45.5,38.27,34.56,47.08,97.47,0 - 43.86
EXP-ZNO-03696,Jurkat,28.01,6,31.2,29.83,20.73,71.17,36.71,48.74,0 - 21.93
EXP-ZNO-03697,Jurkat,49.54,72,92.62,80.83,79.35,17.39,109.01,20.42,0 - 9.19
EXP-ZNO-03698,HepG2,36.0,48,44.78,38.85,40.01,49.46,48.36,32.95,0 - 14.83
EXP-ZNO-03699,HeLa,184.44,24,72.72,73.52,63.72,7.16,81.55,45.0,0 - 20.25
EXP-ZNO-03700,Jurkat,107.79,72,100.0,90.05,77.17,10.57,116.74,20.42,0 - 9.19
EXP-ZNO-03701,Jurkat,79.51,12,95.53,83.8,73.07,16.73,109.55,38.24,0 - 17.21
EXP-ZNO-03702,Caco-2,72.26,48,63.05,55.6,54.92,19.86,65.8,39.23,0 - 17.65
EXP-ZNO-03703,HeLa,42.13,12,26.38,23.38,19.77,63.34,30.08,57.36,0 - 25.81
EXP-ZNO-03704,MCF-7,75.88,6,50.86,49.19,49.17,48.75,63.19,56.86,0 - 25.59
EXP-ZNO-03705,Jurkat,35.3,6,41.93,36.38,36.41,61.51,50.11,48.74,0 - 21.93
EXP-ZNO-03706,CHO,92.59,72,61.1,58.25,51.24,15.04,64.01,37.44,0 - 16.85
EXP-ZNO-03707,A549,57.1,12,51.72,51.96,44.42,43.61,63.6,48.43,0 - 21.79
EXP-ZNO-03708,HEK293,74.65,12,36.78,31.26,26.35,51.42,34.24,76.47,0 - 34.41
EXP-ZNO-03709,HEK293,129.99,12,47.44,43.36,40.0,30.43,48.26,76.47,0 - 34.41
EXP-ZNO-03710,MCF-7,72.65,72,87.18,74.57,75.12,16.39,102.12,23.83,0 - 10.72
EXP-ZNO-03711,PC12,2.51,24,5.37,0.0,0.0,99.66,1.43,40.0,0 - 18.0
EXP-ZNO-03712,PC12,164.06,6,83.5,86.84,71.07,12.51,96.75,64.98,0 - 29.24
EXP-ZNO-03713,MCF-7,118.96,12,86.79,75.63,72.73,15.89,102.08,44.61,0 - 20.07
EXP-ZNO-03714,A549,75.23,72,84.98,73.81,66.35,15.94,96.06,25.87,0 - 11.64
EXP-ZNO-03715,Jurkat,116.83,12,100.0,91.12,82.76,11.17,117.65,38.24,0 - 17.21
EXP-ZNO-03716,A549,182.97,48,91.57,86.74,74.85,7.37,106.64,29.81,0 - 13.42
EXP-ZNO-03717,CHO,171.02,12,61.69,49.55,51.98,19.35,61.1,70.1,0 - 31.55
EXP-ZNO-03718,A549,5.62,24,1.69,4.27,2.77,97.55,3.14,38.0,0 - 17.1
EXP-ZNO-03719,MCF-7,187.36,24,93.66,84.36,80.51,8.28,111.65,35.0,0 - 15.75
EXP-ZNO-03720,HEK293,102.81,48,62.47,54.99,52.16,18.65,58.86,47.08,0 - 21.18
EXP-ZNO-03721,NIH-3T3,14.79,12,5.98,1.49,0.0,92.03,4.32,82.85,0 - 37.28
EXP-ZNO-03722,HepG2,137.23,12,74.12,62.91,56.54,19.92,76.42,53.53,0 - 24.09
EXP-ZNO-03723,HepG2,55.53,12,52.86,42.01,41.37,43.24,54.03,53.53,0 - 24.09
EXP-ZNO-03724,HeLa,132.62,48,71.51,56.47,57.74,15.58,73.64,35.31,0 - 15.89
EXP-ZNO-03725,HEK293,52.87,24,32.36,31.04,26.18,56.6,31.24,60.0,0 - 27.0
EXP-ZNO-03726,Caco-2,150.72,48,72.88,70.68,61.26,5.47,77.55,39.23,0 - 17.65
EXP-ZNO-03727,MCF-7,79.72,24,74.43,67.09,60.57,24.02,90.03,35.0,0 - 15.75
EXP-ZNO-03728,HepG2,162.2,12,72.52,63.26,60.95,17.39,78.16,53.53,0 - 24.09
EXP-ZNO-03729,HeLa,69.73,12,48.57,46.07,39.14,39.15,52.92,57.36,0 - 25.81
EXP-ZNO-03730,Jurkat,20.31,6,12.02,17.75,17.05,81.73,21.79,48.74,0 - 21.93
EXP-ZNO-03731,PC12,64.4,6,45.63,42.52,42.21,51.82,52.81,64.98,0 - 29.24
EXP-ZNO-03732,HeLa,16.21,12,5.12,11.71,11.84,87.39,10.86,57.36,0 - 25.81
EXP-ZNO-03733,A549,19.02,12,25.06,20.24,13.78,81.5,23.24,48.43,0 - 21.79
EXP-ZNO-03734,PC12,172.94,24,84.81,75.01,70.0,11.22,95.57,40.0,0 - 18.0
EXP-ZNO-03735,Jurkat,112.12,72,100.0,91.06,84.94,5.39,121.82,20.42,0 - 9.19
EXP-ZNO-03736,HeLa,6.23,12,5.68,1.57,2.54,94.53,4.49,57.36,0 - 25.81
EXP-ZNO-03737,CHO,63.92,48,59.39,39.4,46.53,27.83,54.77,43.15,0 - 19.42
EXP-ZNO-03738,HepG2,35.0,24,35.62,32.71,28.51,59.43,38.42,42.0,0 - 18.9
EXP-ZNO-03739,MCF-7,154.14,6,84.49,84.04,81.99,12.08,107.2,56.86,0 - 25.59
EXP-ZNO-03740,Caco-2,107.04,12,55.17,50.66,48.17,31.64,57.04,63.73,0 - 28.68
EXP-ZNO-03741,HeLa,126.3,12,64.78,55.25,50.35,25.28,66.16,57.36,0 - 25.81
EXP-ZNO-03742,HeLa,134.98,48,75.7,67.36,59.32,16.58,75.85,35.31,0 - 15.89
EXP-ZNO-03743,CHO,141.84,72,66.49,57.11,46.28,14.63,64.34,37.44,0 - 16.85
EXP-ZNO-03744,A549,14.57,12,3.38,18.13,13.99,87.81,13.91,48.43,0 - 21.79
EXP-ZNO-03745,HepG2,49.53,24,52.41,41.2,40.9,44.13,53.27,42.0,0 - 18.9
EXP-ZNO-03746,HEK293,72.68,48,50.06,43.16,31.62,36.62,44.98,47.08,0 - 21.18
EXP-ZNO-03747,NIH-3T3,161.61,12,52.82,43.16,47.53,24.45,49.55,82.85,0 - 37.28
EXP-ZNO-03748,A549,55.81,12,52.15,44.66,39.06,50.5,57.29,48.43,0 - 21.79
EXP-ZNO-03749,Jurkat,190.62,12,100.0,84.5,78.47,9.86,116.37,38.24,0 - 17.21
EXP-ZNO-03750,HepG2,85.75,6,55.18,46.16,42.44,40.31,56.88,68.23,0 - 30.7
EXP-ZNO-03751,PC12,72.31,24,64.7,60.24,52.23,32.22,73.26,40.0,0 - 18.0
EXP-ZNO-03752,Caco-2,153.39,72,67.12,64.82,65.54,15.8,71.32,34.04,0 - 15.32
EXP-ZNO-03753,HepG2,40.87,24,41.74,33.82,31.23,55.16,42.55,42.0,0 - 18.9
EXP-ZNO-03754,CHO,101.7,12,53.27,41.19,41.17,32.59,51.04,70.1,0 - 31.55
EXP-ZNO-03755,HepG2,109.81,12,62.23,60.12,50.19,27.05,68.74,53.53,0 - 24.09
EXP-ZNO-03756,Jurkat,138.43,72,100.0,88.49,90.78,5.0,122.71,20.42,0 - 9.19
EXP-ZNO-03757,HepG2,120.8,48,71.28,66.82,59.76,11.22,81.51,32.95,0 - 14.83
EXP-ZNO-03758,Caco-2,186.58,12,61.0,58.01,45.04,22.9,62.9,63.73,0 - 28.68
EXP-ZNO-03759,A549,5.48,48,12.27,11.02,9.1,90.89,12.03,29.81,0 - 13.42
EXP-ZNO-03760,HepG2,69.28,72,75.15,66.16,64.19,18.31,79.2,28.59,0 - 12.87
EXP-ZNO-03761,PC12,127.77,12,79.08,69.35,62.85,22.17,85.75,50.98,0 - 22.94
EXP-ZNO-03762,Caco-2,160.32,24,71.48,58.66,56.65,14.78,70.49,50.0,0 - 22.5
EXP-ZNO-03763,A549,31.99,48,47.47,42.37,42.97,53.11,54.89,29.81,0 - 13.42
EXP-ZNO-03764,Jurkat,17.13,48,39.35,37.85,37.71,61.65,49.89,23.54,0 - 10.59
EXP-ZNO-03765,CHO,69.53,48,57.61,43.31,38.99,31.73,52.2,43.15,0 - 19.42
EXP-ZNO-03766,MCF-7,164.28,48,97.03,89.67,83.04,5.0,116.02,27.46,0 - 12.36
EXP-ZNO-03767,HEK293,73.55,48,43.91,35.08,37.3,36.87,43.52,47.08,0 - 21.18
EXP-ZNO-03768,HeLa,49.34,6,37.21,29.81,34.94,60.72,36.79,73.1,0 - 32.9
EXP-ZNO-03769,HeLa,53.68,12,38.32,28.55,35.52,56.73,38.91,57.36,0 - 25.81
EXP-ZNO-03770,PC12,155.77,24,93.69,78.56,69.89,8.83,99.58,40.0,0 - 18.0
EXP-ZNO-03771,HeLa,104.66,12,57.13,48.23,50.52,30.3,61.09,57.36,0 - 25.81
EXP-ZNO-03772,NIH-3T3,123.54,12,36.52,28.54,37.99,38.78,38.31,82.85,0 - 37.28
EXP-ZNO-03773,MCF-7,186.18,12,95.24,88.11,77.73,6.15,113.56,44.61,0 - 20.07
EXP-ZNO-03774,Jurkat,198.98,6,95.34,90.53,80.23,13.15,114.54,48.74,0 - 21.93
EXP-ZNO-03775,A549,81.93,24,77.71,62.98,57.93,24.81,85.53,38.0,0 - 17.1
EXP-ZNO-03776,Caco-2,132.83,72,75.25,66.06,58.7,13.53,73.15,34.04,0 - 15.32
EXP-ZNO-03777,MCF-7,166.92,24,90.29,79.23,78.79,10.91,107.88,35.0,0 - 15.75
EXP-ZNO-03778,PC12,118.16,72,73.33,65.56,67.49,19.4,86.16,27.23,0 - 12.25
EXP-ZNO-03779,HepG2,51.27,24,50.31,50.27,38.32,40.72,55.64,42.0,0 - 18.9
EXP-ZNO-03780,NIH-3T3,74.15,12,30.48,27.13,30.91,53.16,30.58,82.85,0 - 37.28
EXP-ZNO-03781,CHO,177.86,72,78.33,69.52,59.6,5.91,73.87,37.44,0 - 16.85
EXP-ZNO-03782,Jurkat,32.37,72,73.51,67.42,66.03,29.11,91.21,20.42,0 - 9.19
EXP-ZNO-03783,MCF-7,131.85,6,83.28,75.51,73.91,15.88,101.41,56.86,0 - 25.59
EXP-ZNO-03784,MCF-7,139.23,12,96.95,84.87,72.16,13.48,107.76,44.61,0 - 20.07
EXP-ZNO-03785,A549,189.37,24,97.39,84.71,80.52,7.37,108.69,38.0,0 - 17.1
EXP-ZNO-03786,Caco-2,158.95,48,69.35,62.83,65.07,11.33,73.52,39.23,0 - 17.65
EXP-ZNO-03787,HepG2,157.79,6,78.41,63.52,60.26,19.94,77.99,68.23,0 - 30.7
EXP-ZNO-03788,HepG2,77.61,6,53.37,44.13,44.06,43.31,54.86,68.23,0 - 30.7
EXP-ZNO-03789,HepG2,104.59,6,58.19,55.18,50.49,27.72,66.81,68.23,0 - 30.7
EXP-ZNO-03790,A549,77.62,24,69.63,68.05,61.31,22.99,86.2,38.0,0 - 17.1
EXP-ZNO-03791,NIH-3T3,36.82,48,27.3,22.93,20.68,62.48,24.61,51.0,0 - 22.95
EXP-ZNO-03792,HEK293,27.25,72,24.62,19.44,17.14,64.11,24.1,40.85,0 - 18.38
EXP-ZNO-03793,HEK293,0.97,48,1.94,0.07,4.63,96.81,2.28,47.08,0 - 21.18
EXP-ZNO-03794,Caco-2,143.38,48,72.89,65.42,55.04,13.7,72.01,39.23,0 - 17.65
EXP-ZNO-03795,Caco-2,30.86,12,20.85,13.17,19.48,74.97,20.5,63.73,0 - 28.68
EXP-ZNO-03796,NIH-3T3,101.54,6,32.96,29.93,28.24,52.04,31.44,105.59,0 - 47.52
EXP-ZNO-03797,CHO,35.62,72,36.33,36.07,32.61,49.0,38.76,37.44,0 - 16.85
EXP-ZNO-03798,NIH-3T3,154.71,24,50.41,45.12,47.96,19.34,51.5,65.0,0 - 29.25
EXP-ZNO-03799,A549,133.63,72,94.91,89.7,78.94,5.0,110.13,25.87,0 - 11.64
EXP-ZNO-03800,A549,89.27,72,86.98,73.26,69.98,15.13,97.58,25.87,0 - 11.64
EXP-ZNO-03801,NIH-3T3,184.18,6,49.04,40.77,38.54,27.36,46.42,105.59,0 - 47.52
EXP-ZNO-03802,MCF-7,115.41,6,79.54,66.97,70.45,25.61,92.14,56.86,0 - 25.59
EXP-ZNO-03803,A549,150.15,48,85.23,85.47,77.87,7.94,105.09,29.81,0 - 13.42
EXP-ZNO-03804,Jurkat,100.83,24,99.01,90.23,85.61,7.46,120.18,30.0,0 - 13.5
EXP-ZNO-03805,HEK293,187.92,12,56.58,42.53,51.66,19.93,55.66,76.47,0 - 34.41
EXP-ZNO-03806,MCF-7,16.07,24,28.96,24.94,26.56,74.14,33.06,35.0,0 - 15.75
EXP-ZNO-03807,NIH-3T3,163.05,72,65.27,55.13,48.68,7.97,59.71,44.25,0 - 19.91
EXP-ZNO-03808,PC12,60.35,6,44.01,36.08,32.25,59.7,45.08,64.98,0 - 29.24
EXP-ZNO-03809,Caco-2,78.58,72,66.52,61.0,57.24,13.42,70.61,34.04,0 - 15.32
EXP-ZNO-03810,PC12,89.62,24,77.97,68.52,63.98,19.56,87.04,40.0,0 - 18.0
EXP-ZNO-03811,Caco-2,78.7,12,41.05,38.82,30.63,46.37,43.17,63.73,0 - 28.68
EXP-ZNO-03812,HEK293,123.09,48,57.38,52.77,46.98,17.93,57.35,47.08,0 - 21.18
EXP-ZNO-03813,HepG2,114.68,12,68.95,55.26,56.17,22.39,72.77,53.53,0 - 24.09
EXP-ZNO-03814,MCF-7,88.15,12,78.35,71.25,62.91,23.75,92.4,44.61,0 - 20.07
EXP-ZNO-03815,Caco-2,46.03,24,40.35,33.06,30.49,50.62,40.18,50.0,0 - 22.5
EXP-ZNO-03816,NIH-3T3,156.04,12,49.5,44.66,42.21,26.43,47.77,82.85,0 - 37.28
EXP-ZNO-03817,A549,18.94,72,40.26,38.43,32.76,60.06,46.44,25.87,0 - 11.64
EXP-ZNO-03818,NIH-3T3,9.98,24,5.15,6.03,1.41,94.12,4.07,65.0,0 - 29.25
EXP-ZNO-03819,MCF-7,65.43,24,83.83,78.78,69.31,18.62,99.59,35.0,0 - 15.75
EXP-ZNO-03820,A549,3.18,24,0.42,2.6,0.0,100.0,0.57,38.0,0 - 17.1
EXP-ZNO-03821,NIH-3T3,165.47,24,56.24,45.23,38.94,20.43,50.93,65.0,0 - 29.25
EXP-ZNO-03822,NIH-3T3,48.26,48,32.34,31.63,22.14,47.35,32.69,51.0,0 - 22.95
EXP-ZNO-03823,HEK293,128.68,6,48.7,39.81,40.01,31.71,47.48,97.47,0 - 43.86
EXP-ZNO-03824,NIH-3T3,63.52,48,35.83,33.12,29.64,37.57,38.24,51.0,0 - 22.95
EXP-ZNO-03825,CHO,49.49,72,44.92,41.79,39.36,37.67,47.09,37.44,0 - 16.85
EXP-ZNO-03826,A549,175.58,12,86.9,71.82,75.57,14.68,98.58,48.43,0 - 21.79
EXP-ZNO-03827,Caco-2,97.25,6,43.44,45.83,44.4,38.41,50.37,81.23,0 - 36.55
EXP-ZNO-03828,Jurkat,6.93,12,15.63,13.68,4.21,90.99,13.41,38.24,0 - 17.21
EXP-ZNO-03829,PC12,55.33,12,57.43,43.42,42.99,51.36,56.08,50.98,0 - 22.94
EXP-ZNO-03830,PC12,98.66,12,82.66,73.66,63.26,21.96,87.5,50.98,0 - 22.94
EXP-ZNO-03831,PC12,30.04,24,34.43,25.16,25.53,66.03,36.2,40.0,0 - 18.0
EXP-ZNO-03832,Caco-2,79.81,6,32.22,36.13,32.3,52.73,38.33,81.23,0 - 36.55
EXP-ZNO-03833,A549,11.35,12,2.84,1.57,2.58,95.12,4.36,48.43,0 - 21.79
EXP-ZNO-03834,MCF-7,45.82,6,38.05,31.41,34.85,60.61,46.55,56.86,0 - 25.59
EXP-ZNO-03835,A549,56.71,12,55.67,49.08,38.74,47.27,60.81,48.43,0 - 21.79
EXP-ZNO-03836,Jurkat,14.16,12,19.71,10.04,12.84,84.12,19.91,38.24,0 - 17.21
EXP-ZNO-03837,HepG2,170.32,12,69.04,68.33,58.09,16.37,78.32,53.53,0 - 24.09
EXP-ZNO-03838,HeLa,21.42,24,11.22,15.07,12.72,81.03,15.9,45.0,0 - 20.25
EXP-ZNO-03839,HeLa,4.55,72,0.0,5.5,3.91,98.9,1.96,30.64,0 - 13.79
EXP-ZNO-03840,CHO,91.4,72,55.37,52.05,48.49,22.78,58.29,37.44,0 - 16.85
EXP-ZNO-03841,CHO,8.51,48,3.31,0.16,9.64,91.38,5.8,43.15,0 - 19.42
EXP-ZNO-03842,CHO,125.5,48,68.01,57.65,57.89,12.35,67.28,43.15,0 - 19.42
EXP-ZNO-03843,HepG2,84.38,6,52.68,49.25,47.29,34.49,60.66,68.23,0 - 30.7
EXP-ZNO-03844,HepG2,87.33,24,63.52,58.96,57.99,25.2,71.03,42.0,0 - 18.9
EXP-ZNO-03845,MCF-7,171.68,24,100.0,82.05,80.2,7.12,113.47,35.0,0 - 15.75
EXP-ZNO-03846,PC12,177.51,48,91.8,85.13,77.43,5.0,103.78,31.38,0 - 14.12
EXP-ZNO-03847,CHO,23.44,72,12.0,16.95,17.21,75.02,18.01,37.44,0 - 16.85
EXP-ZNO-03848,Caco-2,158.49,24,68.94,65.5,63.09,9.6,74.36,50.0,0 - 22.5
EXP-ZNO-03849,PC12,195.15,48,87.57,85.57,82.09,5.0,103.69,31.38,0 - 14.12
EXP-ZNO-03850,MCF-7,82.09,12,77.74,68.61,65.24,26.62,90.39,44.61,0 - 20.07
EXP-ZNO-03851,HepG2,23.82,12,30.75,28.13,18.57,72.32,28.34,53.53,0 - 24.09
EXP-ZNO-03852,HEK293,114.57,6,49.78,33.45,42.73,39.69,43.81,97.47,0 - 43.86
EXP-ZNO-03853,CHO,131.7,48,61.23,59.22,52.57,18.17,62.94,43.15,0 - 19.42
EXP-ZNO-03854,A549,35.13,24,50.74,39.48,45.33,50.08,57.4,38.0,0 - 17.1
EXP-ZNO-03855,HEK293,49.76,6,19.87,17.32,17.92,73.85,18.98,97.47,0 - 43.86
EXP-ZNO-03856,NIH-3T3,7.7,12,0.53,2.45,1.03,93.43,3.13,82.85,0 - 37.28
EXP-ZNO-03857,A549,173.33,12,90.22,79.89,65.51,14.59,99.07,48.43,0 - 21.79
EXP-ZNO-03858,Jurkat,136.03,24,100.0,90.25,83.89,9.03,119.09,30.0,0 - 13.5
EXP-ZNO-03859,PC12,29.97,72,50.3,39.67,33.54,53.08,51.18,27.23,0 - 12.25
EXP-ZNO-03860,HEK293,30.46,6,11.47,4.73,7.51,93.56,6.25,97.47,0 - 43.86
EXP-ZNO-03861,HEK293,18.79,24,17.43,11.11,12.52,82.8,13.29,60.0,0 - 27.0
EXP-ZNO-03862,HEK293,68.32,12,29.6,27.07,24.42,55.24,30.62,76.47,0 - 34.41
EXP-ZNO-03863,Jurkat,35.31,72,65.99,62.96,55.61,33.02,83.82,20.42,0 - 9.19
EXP-ZNO-03864,Caco-2,162.32,48,73.52,70.25,58.81,10.55,74.85,39.23,0 - 17.65
EXP-ZNO-03865,Caco-2,98.99,72,61.48,66.65,58.56,13.02,70.84,34.04,0 - 15.32
EXP-ZNO-03866,Caco-2,12.59,24,11.44,8.37,3.82,91.43,7.98,50.0,0 - 22.5
EXP-ZNO-03867,PC12,175.45,72,90.78,75.23,72.58,7.92,99.32,27.23,0 - 12.25
EXP-ZNO-03868,CHO,161.69,24,65.12,53.53,49.13,20.09,61.54,55.0,0 - 24.75
EXP-ZNO-03869,HepG2,71.3,72,69.08,58.3,46.49,22.85,71.51,28.59,0 - 12.87
EXP-ZNO-03870,HeLa,168.75,72,82.02,71.59,64.66,6.94,83.37,30.64,0 - 13.79
EXP-ZNO-03871,HeLa,47.42,12,34.89,29.29,33.08,56.98,37.84,57.36,0 - 25.81
EXP-ZNO-03872,NIH-3T3,39.09,48,22.95,26.04,23.45,61.0,25.21,51.0,0 - 22.95
EXP-ZNO-03873,HeLa,136.28,24,67.6,63.86,62.41,14.67,75.13,45.0,0 - 20.25
EXP-ZNO-03874,Caco-2,17.35,6,11.36,0.41,3.35,94.22,5.44,81.23,0 - 36.55
EXP-ZNO-03875,HepG2,163.73,6,62.35,62.61,56.46,22.15,72.72,68.23,0 - 30.7
EXP-ZNO-03876,PC12,158.6,72,86.73,82.31,78.47,5.0,102.31,27.23,0 - 12.25
EXP-ZNO-03877,Caco-2,1.86,6,0.0,2.4,1.9,96.12,2.46,81.23,0 - 36.55
EXP-ZNO-03878,NIH-3T3,105.73,48,56.43,50.43,50.04,15.33,54.95,51.0,0 - 22.95
EXP-ZNO-03879,PC12,14.0,24,14.76,11.25,7.44,89.73,12.52,40.0,0 - 18.0
EXP-ZNO-03880,A549,52.14,6,47.32,35.62,41.11,54.76,52.31,61.73,0 - 27.78
EXP-ZNO-03881,HEK293,9.66,48,5.47,7.15,4.94,87.1,7.95,47.08,0 - 21.18
EXP-ZNO-03882,HeLa,180.23,24,77.11,60.23,55.89,18.22,73.73,45.0,0 - 20.25
EXP-ZNO-03883,HEK293,136.65,48,65.01,55.64,58.07,12.38,62.79,47.08,0 - 21.18
EXP-ZNO-03884,CHO,21.54,24,14.85,12.52,11.57,80.81,14.56,55.0,0 - 24.75
EXP-ZNO-03885,Caco-2,180.99,24,68.03,62.15,64.32,8.44,74.44,50.0,0 - 22.5
EXP-ZNO-03886,MCF-7,114.4,72,100.0,85.87,90.97,8.18,115.54,23.83,0 - 10.72
EXP-ZNO-03887,Jurkat,85.73,72,98.1,84.75,79.35,14.13,113.32,20.42,0 - 9.19
EXP-ZNO-03888,HEK293,37.87,12,13.44,11.41,13.13,80.01,13.91,76.47,0 - 34.41
EXP-ZNO-03889,A549,125.54,12,76.62,66.92,68.61,21.19,90.07,48.43,0 - 21.79
EXP-ZNO-03890,MCF-7,40.32,6,35.66,34.12,31.5,62.52,44.64,56.86,0 - 25.59
EXP-ZNO-03891,A549,45.07,6,32.02,29.82,27.37,66.3,38.2,61.73,0 - 27.78
EXP-ZNO-03892,Jurkat,48.59,48,85.11,79.8,68.64,24.88,99.9,23.54,0 - 10.59
EXP-ZNO-03893,A549,100.8,24,88.12,80.23,74.88,15.97,99.49,38.0,0 - 17.1
EXP-ZNO-03894,PC12,86.52,6,67.0,55.97,50.93,37.6,69.73,64.98,0 - 29.24
EXP-ZNO-03895,MCF-7,93.1,6,61.55,55.35,59.83,34.94,77.65,56.86,0 - 25.59
EXP-ZNO-03896,CHO,167.47,72,83.24,69.97,59.77,6.58,74.54,37.44,0 - 16.85
EXP-ZNO-03897,HepG2,160.44,12,86.87,75.4,68.69,9.21,88.6,53.53,0 - 24.09
EXP-ZNO-03898,HeLa,146.57,12,74.32,67.21,61.71,15.94,76.23,57.36,0 - 25.81
EXP-ZNO-03899,Jurkat,172.82,12,96.43,81.85,85.82,11.08,115.57,38.24,0 - 17.21
EXP-ZNO-03900,HepG2,3.01,48,2.76,1.37,0.0,95.04,3.4,32.95,0 - 14.83
EXP-ZNO-03901,HEK293,51.31,48,45.18,31.32,33.1,48.6,37.74,47.08,0 - 21.18
EXP-ZNO-03902,PC12,190.38,24,87.32,89.1,74.96,5.0,103.01,40.0,0 - 18.0
EXP-ZNO-03903,Caco-2,91.51,12,49.62,48.75,38.9,34.37,53.09,63.73,0 - 28.68
EXP-ZNO-03904,A549,107.61,6,79.86,70.64,59.26,29.78,84.68,61.73,0 - 27.78
EXP-ZNO-03905,MCF-7,87.16,12,89.97,81.35,73.25,13.63,105.46,44.61,0 - 20.07
EXP-ZNO-03906,HEK293,170.45,12,61.26,51.49,40.46,20.1,56.1,76.47,0 - 34.41
EXP-ZNO-03907,A549,86.88,24,81.9,72.64,74.71,17.79,95.51,38.0,0 - 17.1
EXP-ZNO-03908,HepG2,142.05,48,67.01,64.72,61.22,14.42,78.84,32.95,0 - 14.83
EXP-ZNO-03909,CHO,188.4,72,77.72,62.69,56.16,5.0,72.78,37.44,0 - 16.85
EXP-ZNO-03910,CHO,164.24,48,76.86,61.3,52.32,8.8,70.21,43.15,0 - 19.42
EXP-ZNO-03911,HepG2,19.59,12,13.94,15.67,10.94,84.05,15.49,53.53,0 - 24.09
EXP-ZNO-03912,Caco-2,42.41,24,32.19,24.63,30.4,57.23,34.27,50.0,0 - 22.5
EXP-ZNO-03913,MCF-7,183.73,24,88.39,88.99,76.27,11.36,108.48,35.0,0 - 15.75
EXP-ZNO-03914,HepG2,90.61,24,65.17,63.95,55.72,19.91,74.58,42.0,0 - 18.9
EXP-ZNO-03915,HeLa,30.37,48,39.19,36.79,33.36,51.72,42.5,35.31,0 - 15.89
EXP-ZNO-03916,CHO,45.74,12,29.62,24.38,23.39,60.41,29.6,70.1,0 - 31.55
EXP-ZNO-03917,PC12,28.84,72,54.4,43.48,40.42,43.42,59.52,27.23,0 - 12.25
EXP-ZNO-03918,CHO,42.44,6,16.57,19.59,9.93,78.25,16.76,89.35,0 - 40.21
EXP-ZNO-03919,HeLa,142.53,12,64.71,56.29,56.28,22.44,68.61,57.36,0 - 25.81
EXP-ZNO-03920,Jurkat,56.08,72,92.33,84.87,76.61,19.63,107.73,20.42,0 - 9.19
EXP-ZNO-03921,Jurkat,171.31,48,100.0,89.34,79.65,8.48,118.44,23.54,0 - 10.59
EXP-ZNO-03922,A549,179.7,12,100.0,88.43,76.61,5.58,110.36,48.43,0 - 21.79
EXP-ZNO-03923,MCF-7,143.31,12,88.5,78.71,77.39,18.37,102.41,44.61,0 - 20.07
EXP-ZNO-03924,PC12,156.65,72,88.43,81.62,73.94,5.36,101.59,27.23,0 - 12.25
EXP-ZNO-03925,Jurkat,25.54,24,54.18,41.53,39.69,50.14,62.33,30.0,0 - 13.5
EXP-ZNO-03926,Jurkat,61.56,6,62.65,59.22,54.77,35.57,80.4,48.74,0 - 21.93
EXP-ZNO-03927,A549,59.77,72,79.05,73.98,63.45,23.17,89.81,25.87,0 - 11.64
EXP-ZNO-03928,HeLa,191.67,24,77.12,75.8,70.71,5.0,84.9,45.0,0 - 20.25
EXP-ZNO-03929,NIH-3T3,97.57,72,49.04,33.7,42.12,28.21,45.66,44.25,0 - 19.91
EXP-ZNO-03930,A549,127.15,6,74.25,71.13,62.33,26.04,86.22,61.73,0 - 27.78
EXP-ZNO-03931,MCF-7,129.52,12,84.86,69.08,69.12,22.24,95.73,44.61,0 - 20.07
EXP-ZNO-03932,HEK293,189.33,24,61.19,52.45,44.96,17.73,57.79,60.0,0 - 27.0
EXP-ZNO-03933,Jurkat,78.87,6,79.36,67.23,57.52,30.19,90.34,48.74,0 - 21.93
EXP-ZNO-03934,NIH-3T3,167.64,12,50.32,53.02,47.07,22.39,51.11,82.85,0 - 37.28
EXP-ZNO-03935,Jurkat,38.35,12,56.74,49.5,43.51,47.05,67.31,38.24,0 - 17.21
EXP-ZNO-03936,HeLa,107.52,24,64.95,66.08,59.11,16.68,73.43,45.0,0 - 20.25
EXP-ZNO-03937,HeLa,85.58,6,47.11,39.85,32.0,47.95,46.22,73.1,0 - 32.9
EXP-ZNO-03938,MCF-7,180.6,24,96.17,84.92,80.59,5.24,114.3,35.0,0 - 15.75
EXP-ZNO-03939,Jurkat,7.72,48,13.79,9.1,5.41,90.84,12.37,23.54,0 - 10.59
EXP-ZNO-03940,HepG2,101.07,12,67.46,54.5,55.91,25.32,70.76,53.53,0 - 24.09
EXP-ZNO-03941,CHO,67.32,48,59.7,45.07,48.65,29.29,55.22,43.15,0 - 19.42
EXP-ZNO-03942,HeLa,71.2,12,50.24,40.91,40.19,43.77,50.33,57.36,0 - 25.81
EXP-ZNO-03943,HeLa,149.18,48,74.79,72.61,65.22,9.38,80.94,35.31,0 - 15.89
EXP-ZNO-03944,Jurkat,187.87,48,100.0,99.91,88.43,5.0,124.48,23.54,0 - 10.59
EXP-ZNO-03945,CHO,37.82,24,19.51,30.55,24.99,61.84,28.18,55.0,0 - 24.75
EXP-ZNO-03946,HepG2,9.62,48,9.39,10.02,10.26,91.62,9.57,32.95,0 - 14.83
EXP-ZNO-03947,HepG2,99.17,12,57.56,54.2,58.29,30.9,66.08,53.53,0 - 24.09
EXP-ZNO-03948,Jurkat,103.21,48,100.0,93.77,83.14,7.52,120.61,23.54,0 - 10.59
EXP-ZNO-03949,HeLa,2.0,72,4.69,4.53,6.13,95.74,4.67,30.64,0 - 13.79
EXP-ZNO-03950,CHO,18.83,6,12.68,2.61,9.93,94.31,6.54,89.35,0 - 40.21
EXP-ZNO-03951,HeLa,159.02,24,72.45,62.51,60.05,13.64,76.05,45.0,0 - 20.25
EXP-ZNO-03952,HEK293,84.3,48,41.55,43.46,35.38,36.66,44.04,47.08,0 - 21.18
EXP-ZNO-03953,HEK293,22.93,6,0.0,10.83,0.11,96.89,2.72,97.47,0 - 43.86
EXP-ZNO-03954,HEK293,29.59,48,22.53,27.17,15.18,69.52,22.18,47.08,0 - 21.18
EXP-ZNO-03955,Caco-2,192.12,6,67.59,59.62,51.72,16.9,68.18,81.23,0 - 36.55
EXP-ZNO-03956,HeLa,46.56,12,36.21,33.13,35.05,58.32,38.31,57.36,0 - 25.81
EXP-ZNO-03957,NIH-3T3,94.22,48,46.46,42.92,41.72,29.38,45.84,51.0,0 - 22.95
EXP-ZNO-03958,MCF-7,164.11,72,89.27,85.46,82.54,7.8,111.44,23.83,0 - 10.72
EXP-ZNO-03959,Caco-2,185.91,24,67.97,59.12,61.85,13.64,71.17,50.0,0 - 22.5
EXP-ZNO-03960,PC12,174.19,6,81.76,74.2,70.08,15.34,92.37,64.98,0 - 29.24
EXP-ZNO-03961,Caco-2,131.77,12,61.23,58.53,52.13,20.74,65.05,63.73,0 - 28.68
EXP-ZNO-03962,NIH-3T3,13.28,12,2.16,9.37,5.87,94.6,4.33,82.85,0 - 37.28
EXP-ZNO-03963,Caco-2,163.59,12,73.08,59.04,51.15,16.78,69.12,63.73,0 - 28.68
EXP-ZNO-03964,Jurkat,21.98,12,31.64,28.13,28.95,73.1,36.84,38.24,0 - 17.21
EXP-ZNO-03965,HEK293,181.93,24,69.99,53.02,52.66,10.37,63.47,60.0,0 - 27.0
EXP-ZNO-03966,Jurkat,52.2,72,89.92,79.58,80.11,16.7,108.66,20.42,0 - 9.19
EXP-ZNO-03967,Caco-2,89.62,24,50.01,44.41,53.26,30.08,56.63,50.0,0 - 22.5
EXP-ZNO-03968,PC12,99.56,12,80.31,67.53,65.25,20.99,86.81,50.98,0 - 22.94
EXP-ZNO-03969,PC12,129.94,6,68.55,64.59,61.84,25.42,80.46,64.98,0 - 29.24
EXP-ZNO-03970,A549,35.32,24,50.67,32.82,43.34,53.79,53.6,38.0,0 - 17.1
EXP-ZNO-03971,PC12,78.98,12,71.72,54.9,60.65,29.84,76.77,50.98,0 - 22.94
EXP-ZNO-03972,PC12,107.41,12,72.33,62.16,56.14,25.54,79.86,50.98,0 - 22.94
EXP-ZNO-03973,HEK293,34.89,12,18.37,20.77,15.33,71.77,19.72,76.47,0 - 34.41
EXP-ZNO-03974,HEK293,185.38,72,69.35,59.81,53.97,8.16,65.33,40.85,0 - 18.38
EXP-ZNO-03975,MCF-7,143.82,48,100.0,86.51,82.26,6.26,115.23,27.46,0 - 12.36
EXP-ZNO-03976,MCF-7,53.12,72,77.0,69.69,59.09,25.23,90.13,23.83,0 - 10.72
EXP-ZNO-03977,Caco-2,36.77,24,30.34,28.62,25.93,61.55,31.8,50.0,0 - 22.5
EXP-ZNO-03978,Caco-2,76.62,48,62.58,56.28,50.79,22.05,64.17,39.23,0 - 17.65
EXP-ZNO-03979,HeLa,160.18,72,75.05,72.21,63.03,10.01,80.29,30.64,0 - 13.79
EXP-ZNO-03980,Caco-2,132.56,72,61.42,62.08,57.93,16.64,68.37,34.04,0 - 15.32
EXP-ZNO-03981,Caco-2,60.53,24,48.19,46.56,42.33,41.33,49.69,50.0,0 - 22.5
EXP-ZNO-03982,PC12,71.21,6,54.18,42.04,48.27,44.34,60.04,64.98,0 - 29.24
EXP-ZNO-03983,CHO,158.55,6,50.82,52.4,40.28,31.85,52.33,89.35,0 - 40.21
EXP-ZNO-03984,HeLa,178.05,48,78.16,75.97,63.07,6.99,82.99,35.31,0 - 15.89
EXP-ZNO-03985,NIH-3T3,143.62,24,50.62,41.28,40.4,23.93,48.33,65.0,0 - 29.25
EXP-ZNO-03986,A549,5.77,12,6.52,8.03,8.17,90.37,10.26,48.43,0 - 21.79
EXP-ZNO-03987,HepG2,68.47,72,80.8,70.18,66.82,13.51,83.95,28.59,0 - 12.87
EXP-ZNO-03988,MCF-7,20.68,72,51.56,43.53,39.0,55.94,55.9,23.83,0 - 10.72
EXP-ZNO-03989,A549,174.19,24,94.28,82.17,77.77,5.0,108.42,38.0,0 - 17.1
EXP-ZNO-03990,CHO,25.25,72,18.05,13.27,14.66,74.63,18.44,37.44,0 - 16.85
EXP-ZNO-03991,HEK293,15.78,24,3.6,6.62,5.15,87.34,7.49,60.0,0 - 27.0
EXP-ZNO-03992,HeLa,192.74,24,77.45,68.26,65.41,8.04,81.52,45.0,0 - 20.25
EXP-ZNO-03993,A549,154.22,48,89.74,76.17,75.99,9.54,103.2,29.81,0 - 13.42
EXP-ZNO-03994,HepG2,121.7,72,74.54,61.96,59.89,16.33,78.77,28.59,0 - 12.87
EXP-ZNO-03995,CHO,21.12,6,0.93,2.98,4.39,98.22,1.96,89.35,0 - 40.21
EXP-ZNO-03996,PC12,122.56,24,86.48,81.09,72.47,10.5,97.84,40.0,0 - 18.0
EXP-ZNO-03997,HEK293,163.84,48,69.27,56.28,48.5,9.77,63.48,47.08,0 - 21.18
EXP-ZNO-03998,HeLa,139.75,24,74.61,65.22,67.15,14.03,77.76,45.0,0 - 20.25
EXP-ZNO-03999,HEK293,62.41,6,21.47,19.75,14.43,73.11,19.44,97.47,0 - 43.86
EXP-ZNO-04000,Jurkat,71.96,48,86.16,78.61,71.97,19.38,104.17,23.54,0 - 10.59
EXP-ZNO-04001,MCF-7,198.27,48,100.0,86.06,85.12,5.0,116.47,27.46,0 - 12.36
EXP-ZNO-04002,Jurkat,45.26,6,56.33,49.95,46.63,50.56,65.61,48.74,0 - 21.93
EXP-ZNO-04003,Jurkat,146.01,72,100.0,98.89,89.07,5.0,124.4,20.42,0 - 9.19
EXP-ZNO-04004,NIH-3T3,87.45,6,26.62,27.48,23.46,55.22,28.28,105.59,0 - 47.52
EXP-ZNO-04005,A549,82.73,72,85.66,75.93,75.1,9.93,101.79,25.87,0 - 11.64
EXP-ZNO-04006,Jurkat,99.01,12,89.47,77.16,75.28,19.31,105.44,38.24,0 - 17.21
EXP-ZNO-04007,HepG2,125.41,6,56.68,52.87,50.59,32.1,63.85,68.23,0 - 30.7
EXP-ZNO-04008,Jurkat,47.32,24,74.6,68.82,61.67,32.23,88.89,30.0,0 - 13.5
EXP-ZNO-04009,CHO,126.38,48,64.64,61.57,52.62,19.39,63.33,43.15,0 - 19.42
EXP-ZNO-04010,A549,55.65,6,53.13,41.36,42.13,51.09,57.13,61.73,0 - 27.78
EXP-ZNO-04011,HeLa,15.65,12,15.21,8.94,11.6,82.37,14.94,57.36,0 - 25.81
EXP-ZNO-04012,HEK293,120.25,24,48.25,42.65,39.2,34.06,46.66,60.0,0 - 27.0
EXP-ZNO-04013,PC12,131.64,72,93.52,79.99,70.67,7.21,100.85,27.23,0 - 12.25
EXP-ZNO-04014,NIH-3T3,119.64,24,53.36,47.28,42.79,25.17,49.28,65.0,0 - 29.25
EXP-ZNO-04015,HepG2,183.33,72,78.97,76.59,69.47,5.0,89.46,28.59,0 - 12.87
EXP-ZNO-04016,HeLa,83.97,6,48.5,37.84,37.1,43.88,49.0,73.1,0 - 32.9
EXP-ZNO-04017,CHO,47.08,48,44.2,34.09,37.55,46.95,41.5,43.15,0 - 19.42
EXP-ZNO-04018,NIH-3T3,118.95,12,43.65,40.44,39.27,31.75,43.85,82.85,0 - 37.28
EXP-ZNO-04019,MCF-7,193.02,6,92.69,81.22,73.71,11.73,107.39,56.86,0 - 25.59
EXP-ZNO-04020,HepG2,173.71,48,79.92,67.1,66.84,10.07,85.09,32.95,0 - 14.83
EXP-ZNO-04021,Jurkat,198.71,48,94.77,84.48,76.87,9.92,114.66,23.54,0 - 10.59
EXP-ZNO-04022,PC12,73.48,12,68.58,72.65,55.15,28.76,78.78,50.98,0 - 22.94
EXP-ZNO-04023,Jurkat,108.71,24,95.81,92.74,85.17,10.06,118.06,30.0,0 - 13.5
EXP-ZNO-04024,MCF-7,197.34,12,88.92,82.26,78.86,10.94,108.1,44.61,0 - 20.07
EXP-ZNO-04025,Caco-2,40.2,48,46.56,32.35,29.76,51.06,40.94,39.23,0 - 17.65
EXP-ZNO-04026,Caco-2,49.91,24,42.13,32.15,30.74,52.55,39.51,50.0,0 - 22.5
EXP-ZNO-04027,CHO,119.55,72,70.25,60.63,54.05,12.41,67.54,37.44,0 - 16.85
EXP-ZNO-04028,HepG2,146.23,48,69.53,68.08,63.88,13.5,80.8,32.95,0 - 14.83
EXP-ZNO-04029,NIH-3T3,100.75,24,44.97,35.45,37.73,36.95,41.2,65.0,0 - 29.25
EXP-ZNO-04030,HepG2,113.09,72,78.48,73.92,69.74,10.81,85.93,28.59,0 - 12.87
EXP-ZNO-04031,Caco-2,189.37,48,77.44,65.49,58.69,7.44,76.38,39.23,0 - 17.65
EXP-ZNO-04032,HEK293,168.15,6,48.58,44.26,39.38,30.91,48.29,97.47,0 - 43.86
EXP-ZNO-04033,HEK293,71.54,12,45.85,32.87,29.19,50.52,36.74,76.47,0 - 34.41
EXP-ZNO-04034,MCF-7,89.14,24,80.11,71.82,64.16,22.16,94.17,35.0,0 - 15.75
EXP-ZNO-04035,HEK293,30.0,48,28.78,16.84,21.43,68.32,23.24,47.08,0 - 21.18
EXP-ZNO-04036,HEK293,8.23,24,9.54,6.9,4.4,86.24,8.91,60.0,0 - 27.0
EXP-ZNO-04037,A549,11.56,6,11.59,4.94,5.08,90.32,10.39,61.73,0 - 27.78
EXP-ZNO-04038,Caco-2,172.05,72,75.32,64.78,64.9,7.37,76.79,34.04,0 - 15.32
EXP-ZNO-04039,Jurkat,24.37,72,65.89,55.3,53.18,38.7,78.13,20.42,0 - 9.19
EXP-ZNO-04040,HepG2,174.49,72,81.5,72.07,69.82,5.0,89.34,28.59,0 - 12.87
EXP-ZNO-04041,HeLa,71.46,6,42.86,36.99,42.23,50.47,45.22,73.1,0 - 32.9
EXP-ZNO-04042,HEK293,177.19,12,58.86,55.15,47.99,19.09,57.54,76.47,0 - 34.41
EXP-ZNO-04043,NIH-3T3,134.98,48,56.16,56.58,48.42,13.71,56.1,51.0,0 - 22.95
EXP-ZNO-04044,PC12,129.82,72,89.06,73.74,69.6,11.83,95.91,27.23,0 - 12.25
EXP-ZNO-04045,PC12,190.85,6,70.64,68.63,63.61,21.75,84.05,64.98,0 - 29.24
EXP-ZNO-04046,MCF-7,188.9,24,100.0,90.98,84.94,5.0,117.36,35.0,0 - 15.75
EXP-ZNO-04047,HEK293,21.28,48,26.08,25.82,15.61,69.0,22.89,47.08,0 - 21.18
EXP-ZNO-04048,NIH-3T3,162.57,12,49.23,47.73,36.81,27.4,47.06,82.85,0 - 37.28
EXP-ZNO-04049,Jurkat,30.35,6,37.62,27.9,24.98,68.04,40.87,48.74,0 - 21.93
EXP-ZNO-04050,Jurkat,24.24,6,26.5,22.53,19.95,78.81,28.95,48.74,0 - 21.93
EXP-ZNO-04051,Caco-2,64.31,6,35.53,27.46,29.91,55.79,35.93,81.23,0 - 36.55
EXP-ZNO-04052,HEK293,143.44,6,43.54,42.7,37.98,33.81,45.82,97.47,0 - 43.86
EXP-ZNO-04053,Jurkat,114.82,48,97.84,87.65,83.49,8.45,118.32,23.54,0 - 10.59
EXP-ZNO-04054,HepG2,113.11,72,82.5,76.06,68.43,11.01,86.8,28.59,0 - 12.87
EXP-ZNO-04055,NIH-3T3,79.56,72,40.08,42.77,37.35,28.88,44.48,44.25,0 - 19.91
EXP-ZNO-04056,HEK293,19.98,72,11.72,7.47,15.44,78.24,14.16,40.85,0 - 18.38
EXP-ZNO-04057,HeLa,5.76,72,4.85,0.81,3.67,92.8,5.24,30.64,0 - 13.79
EXP-ZNO-04058,HEK293,172.29,24,69.61,58.75,50.14,10.51,63.75,60.0,0 - 27.0
EXP-ZNO-04059,Jurkat,165.25,12,100.0,86.77,86.63,5.0,121.56,38.24,0 - 17.21
EXP-ZNO-04060,A549,93.48,72,86.29,83.97,72.59,13.42,100.84,25.87,0 - 11.64
EXP-ZNO-04061,Caco-2,181.95,24,72.76,68.94,61.51,6.49,76.83,50.0,0 - 22.5
EXP-ZNO-04062,NIH-3T3,97.65,12,40.33,27.7,28.05,41.28,36.63,82.85,0 - 37.28
EXP-ZNO-04063,A549,70.06,24,71.83,65.39,64.55,25.82,85.14,38.0,0 - 17.1
EXP-ZNO-04064,HepG2,132.36,48,80.09,75.8,63.83,9.74,86.2,32.95,0 - 14.83
EXP-ZNO-04065,HEK293,87.56,12,37.66,37.39,32.84,42.65,39.73,76.47,0 - 34.41
EXP-ZNO-04066,A549,183.33,12,90.5,67.93,73.15,15.48,97.83,48.43,0 - 21.79
EXP-ZNO-04067,CHO,115.54,12,47.01,42.56,42.9,35.53,49.01,70.1,0 - 31.55
EXP-ZNO-04068,MCF-7,157.27,48,100.0,87.39,80.45,5.0,115.84,27.46,0 - 12.36
EXP-ZNO-04069,MCF-7,65.76,24,75.41,74.79,64.11,23.51,92.7,35.0,0 - 15.75
EXP-ZNO-04070,HeLa,198.53,24,77.44,70.54,58.55,7.99,80.86,45.0,0 - 20.25
EXP-ZNO-04071,HEK293,24.3,48,25.36,14.37,13.94,74.2,18.89,47.08,0 - 21.18
EXP-ZNO-04072,MCF-7,46.06,72,77.74,70.16,68.67,23.28,93.42,23.83,0 - 10.72
EXP-ZNO-04073,A549,98.85,12,76.95,68.81,55.72,28.51,83.78,48.43,0 - 21.79
EXP-ZNO-04074,PC12,25.84,6,13.32,15.26,22.33,84.81,18.28,64.98,0 - 29.24
EXP-ZNO-04075,A549,6.9,12,5.3,0.0,1.4,97.33,3.13,48.43,0 - 21.79
EXP-ZNO-04076,CHO,35.75,48,30.08,34.11,26.75,57.72,32.66,43.15,0 - 19.42
EXP-ZNO-04077,Caco-2,12.04,72,16.77,15.16,11.99,85.0,14.18,34.04,0 - 15.32
EXP-ZNO-04078,NIH-3T3,103.81,48,53.75,45.76,38.18,30.39,46.52,51.0,0 - 22.95
EXP-ZNO-04079,CHO,105.78,72,60.03,56.27,50.27,15.79,63.08,37.44,0 - 16.85
EXP-ZNO-04080,HepG2,136.97,72,84.03,77.22,73.44,6.32,90.56,28.59,0 - 12.87
EXP-ZNO-04081,A549,38.93,6,33.73,27.28,29.92,67.02,38.18,61.73,0 - 27.78
EXP-ZNO-04082,CHO,10.0,12,9.06,6.2,1.15,94.22,5.22,70.1,0 - 31.55
EXP-ZNO-04083,CHO,37.91,24,24.17,25.39,22.37,60.2,28.71,55.0,0 - 24.75
EXP-ZNO-04084,HeLa,120.16,24,68.14,59.31,50.05,25.04,67.51,45.0,0 - 20.25
EXP-ZNO-04085,A549,139.18,6,77.64,72.02,65.04,19.76,91.45,61.73,0 - 27.78
EXP-ZNO-04086,NIH-3T3,108.02,72,55.97,50.39,51.92,15.09,55.2,44.25,0 - 19.91
EXP-ZNO-04087,HepG2,90.25,24,72.46,60.42,56.57,20.85,75.2,42.0,0 - 18.9
EXP-ZNO-04088,HepG2,139.62,72,85.25,74.15,72.69,5.0,90.9,28.59,0 - 12.87
EXP-ZNO-04089,NIH-3T3,163.34,72,62.13,53.26,52.05,8.47,59.19,44.25,0 - 19.91
EXP-ZNO-04090,HeLa,45.72,12,41.79,45.92,32.36,52.42,43.89,57.36,0 - 25.81
EXP-ZNO-04091,CHO,102.37,72,68.92,60.31,56.25,13.8,66.93,37.44,0 - 16.85
EXP-ZNO-04092,A549,13.59,24,8.71,9.02,13.87,86.79,14.14,38.0,0 - 17.1
EXP-ZNO-04093,A549,85.11,6,60.68,49.05,43.95,42.16,66.01,61.73,0 - 27.78
EXP-ZNO-04094,HepG2,116.31,24,81.0,65.24,65.18,13.68,82.87,42.0,0 - 18.9
EXP-ZNO-04095,A549,149.1,72,89.77,78.73,79.2,10.82,103.48,25.87,0 - 11.64
EXP-ZNO-04096,HeLa,108.93,24,64.6,58.34,54.41,19.85,69.91,45.0,0 - 20.25
EXP-ZNO-04097,CHO,148.93,12,58.1,44.75,43.51,24.29,56.44,70.1,0 - 31.55
EXP-ZNO-04098,A549,125.28,72,93.31,85.01,77.55,5.0,108.66,25.87,0 - 11.64
EXP-ZNO-04099,HeLa,115.46,12,66.14,57.32,57.0,24.28,68.24,57.36,0 - 25.81
EXP-ZNO-04100,A549,8.8,6,2.48,0.0,0.0,96.73,2.56,61.73,0 - 27.78
EXP-ZNO-04101,CHO,152.99,48,69.3,61.28,55.34,15.09,66.43,43.15,0 - 19.42
EXP-ZNO-04102,CHO,14.13,12,6.49,9.15,8.69,85.23,10.22,70.1,0 - 31.55
EXP-ZNO-04103,CHO,168.53,6,59.29,54.85,50.0,26.09,58.09,89.35,0 - 40.21
EXP-ZNO-04104,HEK293,161.63,48,67.81,57.86,56.75,10.07,64.36,47.08,0 - 21.18
EXP-ZNO-04105,Jurkat,192.12,48,100.0,95.86,83.68,5.0,122.76,23.54,0 - 10.59
EXP-ZNO-04106,A549,178.01,24,98.89,85.8,84.7,6.54,110.5,38.0,0 - 17.1
EXP-ZNO-04107,HeLa,57.67,24,49.39,43.18,35.0,43.28,49.96,45.0,0 - 20.25
EXP-ZNO-04108,PC12,0.75,72,2.12,3.83,0.0,98.33,2.11,27.23,0 - 12.25
EXP-ZNO-04109,HEK293,194.32,72,61.36,50.71,43.84,14.69,58.74,40.85,0 - 18.38
EXP-ZNO-04110,NIH-3T3,99.6,6,32.35,27.84,26.64,49.29,32.0,105.59,0 - 47.52
EXP-ZNO-04111,HepG2,58.95,72,61.81,58.08,61.36,18.97,74.33,28.59,0 - 12.87
EXP-ZNO-04112,Jurkat,103.28,12,100.0,80.04,77.25,13.85,112.67,38.24,0 - 17.21
EXP-ZNO-04113,HEK293,173.08,24,62.88,53.79,49.03,14.06,60.32,60.0,0 - 27.0
EXP-ZNO-04114,HeLa,181.77,48,72.45,61.83,62.81,10.26,78.06,35.31,0 - 15.89
EXP-ZNO-04115,Jurkat,107.62,6,88.39,71.5,68.84,25.54,98.75,48.74,0 - 21.93
EXP-ZNO-04116,MCF-7,156.77,12,94.46,83.02,75.66,10.77,109.14,44.61,0 - 20.07
EXP-ZNO-04117,HepG2,62.46,6,46.47,37.09,35.2,51.4,46.66,68.23,0 - 30.7
EXP-ZNO-04118,NIH-3T3,127.63,6,30.71,37.0,26.85,45.86,34.23,105.59,0 - 47.52
EXP-ZNO-04119,HepG2,30.83,48,34.66,36.04,31.96,57.54,40.28,32.95,0 - 14.83
EXP-ZNO-04120,A549,106.7,48,98.48,85.44,83.08,6.74,109.92,29.81,0 - 13.42
EXP-ZNO-04121,NIH-3T3,99.02,12,40.81,40.79,32.77,41.31,38.83,82.85,0 - 37.28
EXP-ZNO-04122,HeLa,179.97,48,73.29,68.88,63.45,6.62,81.2,35.31,0 - 15.89
EXP-ZNO-04123,HeLa,79.95,48,75.81,63.3,57.64,17.94,74.33,35.31,0 - 15.89
EXP-ZNO-04124,A549,18.16,72,39.07,28.53,26.2,66.37,39.41,25.87,0 - 11.64
EXP-ZNO-04125,CHO,113.45,72,67.17,56.86,52.06,18.95,63.27,37.44,0 - 16.85
EXP-ZNO-04126,MCF-7,97.28,6,72.93,73.77,63.5,30.27,87.55,56.86,0 - 25.59
EXP-ZNO-04127,MCF-7,117.47,6,81.68,73.66,69.61,22.57,95.68,56.86,0 - 25.59
EXP-ZNO-04128,CHO,189.75,72,75.02,69.29,57.53,5.0,73.37,37.44,0 - 16.85
EXP-ZNO-04129,Jurkat,195.08,12,100.0,92.23,84.26,5.79,121.65,38.24,0 - 17.21
EXP-ZNO-04130,HEK293,124.02,12,51.19,43.33,46.29,33.73,48.29,76.47,0 - 34.41
EXP-ZNO-04131,HEK293,69.1,72,46.52,45.04,45.78,27.68,50.22,40.85,0 - 18.38
EXP-ZNO-04132,HEK293,80.14,6,25.36,27.92,25.97,55.23,30.21,97.47,0 - 43.86
EXP-ZNO-04133,PC12,159.87,24,78.4,78.24,71.01,15.26,92.5,40.0,0 - 18.0
EXP-ZNO-04134,MCF-7,160.07,72,100.0,87.85,85.87,7.55,115.35,23.83,0 - 10.72
EXP-ZNO-04135,Jurkat,63.39,24,88.61,77.91,74.14,20.68,104.25,30.0,0 - 13.5
EXP-ZNO-04136,HepG2,103.29,72,84.24,67.87,65.84,9.48,86.27,28.59,0 - 12.87
EXP-ZNO-04137,A549,39.81,48,73.43,58.56,63.74,34.34,79.03,29.81,0 - 13.42
EXP-ZNO-04138,NIH-3T3,155.42,48,63.34,48.26,46.63,13.11,56.28,51.0,0 - 22.95
EXP-ZNO-04139,NIH-3T3,152.09,24,56.38,36.55,43.27,21.68,49.93,65.0,0 - 29.25
EXP-ZNO-04140,PC12,193.18,12,84.69,71.64,64.55,16.02,91.26,50.98,0 - 22.94
EXP-ZNO-04141,Caco-2,63.53,72,62.32,52.1,49.47,25.1,61.89,34.04,0 - 15.32
EXP-ZNO-04142,MCF-7,46.62,48,64.22,63.98,58.67,34.18,80.19,27.46,0 - 12.36
EXP-ZNO-04143,CHO,99.02,12,49.17,52.42,38.06,36.38,49.69,70.1,0 - 31.55
EXP-ZNO-04144,HEK293,137.95,48,58.34,41.92,50.94,20.55,55.52,47.08,0 - 21.18
EXP-ZNO-04145,NIH-3T3,77.61,48,46.85,45.11,38.2,28.81,45.97,51.0,0 - 22.95
EXP-ZNO-04146,PC12,124.41,72,94.94,79.21,79.75,5.0,103.88,27.23,0 - 12.25
EXP-ZNO-04147,Caco-2,153.24,48,82.25,69.25,63.36,5.0,79.65,39.23,0 - 17.65
EXP-ZNO-04148,MCF-7,107.97,48,90.03,85.15,77.02,12.91,107.35,27.46,0 - 12.36
EXP-ZNO-04149,HeLa,86.31,6,46.88,40.27,38.94,41.19,50.66,73.1,0 - 32.9
EXP-ZNO-04150,HeLa,129.89,12,69.53,62.55,60.01,12.97,75.81,57.36,0 - 25.81
EXP-ZNO-04151,HepG2,129.18,24,74.14,67.44,66.48,14.09,81.76,42.0,0 - 18.9
EXP-ZNO-04152,Jurkat,107.36,6,86.22,77.09,70.38,23.72,100.76,48.74,0 - 21.93
EXP-ZNO-04153,HEK293,185.61,24,68.86,62.92,51.58,7.07,65.8,60.0,0 - 27.0
EXP-ZNO-04154,CHO,20.68,12,20.63,8.32,13.92,80.23,15.61,70.1,0 - 31.55
EXP-ZNO-04155,PC12,187.34,24,88.63,74.37,70.58,8.85,97.8,40.0,0 - 18.0
EXP-ZNO-04156,HepG2,85.32,12,60.5,54.39,52.18,30.17,66.15,53.53,0 - 24.09
EXP-ZNO-04157,MCF-7,170.01,48,97.16,78.01,86.83,5.0,114.57,27.46,0 - 12.36
EXP-ZNO-04158,Caco-2,40.54,48,34.32,34.11,31.77,51.46,38.97,39.23,0 - 17.65
EXP-ZNO-04159,CHO,9.23,6,2.12,0.0,0.2,100.0,0.41,89.35,0 - 40.21
EXP-ZNO-04160,HepG2,190.37,6,68.79,68.12,63.3,14.07,80.26,68.23,0 - 30.7
EXP-ZNO-04161,HepG2,111.12,48,76.15,68.49,60.04,12.78,82.03,32.95,0 - 14.83
EXP-ZNO-04162,Caco-2,133.0,6,54.19,57.55,45.14,29.32,58.5,81.23,0 - 36.55
EXP-ZNO-04163,HEK293,116.51,72,66.94,56.45,60.34,5.62,66.38,40.85,0 - 18.38
EXP-ZNO-04164,HEK293,147.67,24,60.32,53.21,53.2,17.4,58.93,60.0,0 - 27.0
EXP-ZNO-04165,HepG2,26.94,12,26.32,23.03,21.53,73.66,26.37,53.53,0 - 24.09
EXP-ZNO-04166,MCF-7,141.87,6,89.57,81.89,76.49,16.41,104.33,56.86,0 - 25.59
EXP-ZNO-04167,Caco-2,106.0,6,52.12,46.39,39.79,36.37,52.41,81.23,0 - 36.55
EXP-ZNO-04168,Caco-2,8.62,6,6.6,10.21,2.84,95.16,5.41,81.23,0 - 36.55
EXP-ZNO-04169,Caco-2,111.8,12,64.11,56.54,53.12,21.53,65.08,63.73,0 - 28.68
EXP-ZNO-04170,HepG2,62.61,24,57.79,55.0,53.67,29.84,66.09,42.0,0 - 18.9
EXP-ZNO-04171,PC12,179.22,12,89.03,83.63,70.17,6.62,100.7,50.98,0 - 22.94
EXP-ZNO-04172,NIH-3T3,1.52,72,0.0,6.38,5.42,97.62,2.37,44.25,0 - 19.91
EXP-ZNO-04173,MCF-7,80.21,12,64.38,64.82,58.85,31.16,82.31,44.61,0 - 20.07
EXP-ZNO-04174,HEK293,123.31,48,59.48,55.16,45.92,16.53,58.47,47.08,0 - 21.18
EXP-ZNO-04175,HepG2,118.65,48,69.32,66.7,61.43,11.93,80.97,32.95,0 - 14.83
EXP-ZNO-04176,NIH-3T3,62.74,24,34.26,29.37,26.76,48.39,32.86,65.0,0 - 29.25
EXP-ZNO-04177,MCF-7,39.01,6,49.45,36.72,39.01,57.71,52.99,56.86,0 - 25.59
EXP-ZNO-04178,NIH-3T3,101.26,48,63.55,56.44,41.91,19.38,54.22,51.0,0 - 22.95
EXP-ZNO-04179,Jurkat,26.95,48,63.39,61.64,55.36,43.66,75.92,23.54,0 - 10.59
EXP-ZNO-04180,NIH-3T3,15.34,72,13.26,8.74,7.94,86.8,9.4,44.25,0 - 19.91
EXP-ZNO-04181,NIH-3T3,189.11,48,59.84,50.27,50.43,15.16,55.59,51.0,0 - 22.95
EXP-ZNO-04182,HEK293,128.08,12,48.16,41.97,43.91,30.82,48.54,76.47,0 - 34.41
EXP-ZNO-04183,PC12,163.26,24,92.23,78.01,64.25,10.56,97.18,40.0,0 - 18.0
EXP-ZNO-04184,MCF-7,131.7,12,91.61,79.55,75.04,18.22,103.0,44.61,0 - 20.07
EXP-ZNO-04185,HeLa,67.98,24,50.09,46.04,50.02,34.91,56.97,45.0,0 - 20.25
EXP-ZNO-04186,MCF-7,112.1,24,89.35,89.11,77.54,10.62,109.45,35.0,0 - 15.75
EXP-ZNO-04187,A549,49.78,72,71.72,65.69,54.38,28.85,81.52,25.87,0 - 11.64
EXP-ZNO-04188,HepG2,180.81,24,79.14,67.33,67.25,14.35,82.78,42.0,0 - 18.9
EXP-ZNO-04189,PC12,159.63,6,83.98,71.63,67.99,14.37,92.64,64.98,0 - 29.24
EXP-ZNO-04190,Caco-2,47.33,12,27.09,27.13,24.97,64.37,29.5,63.73,0 - 28.68
EXP-ZNO-04191,NIH-3T3,60.3,6,19.52,17.0,7.58,77.6,15.03,105.59,0 - 47.52
EXP-ZNO-04192,Caco-2,123.43,6,50.52,51.49,50.17,32.92,55.95,81.23,0 - 36.55
EXP-ZNO-04193,CHO,114.12,48,62.97,55.59,50.8,18.53,62.36,43.15,0 - 19.42
EXP-ZNO-04194,HEK293,28.59,24,9.76,18.32,10.48,76.66,15.25,60.0,0 - 27.0
EXP-ZNO-04195,HEK293,3.13,12,0.25,6.55,0.0,97.13,2.1,76.47,0 - 34.41
EXP-ZNO-04196,PC12,103.14,12,76.35,67.37,65.06,22.93,84.72,50.98,0 - 22.94
EXP-ZNO-04197,PC12,5.61,12,0.0,0.0,0.63,99.4,0.45,50.98,0 - 22.94
EXP-ZNO-04198,HeLa,199.31,48,77.17,69.74,65.39,5.0,83.2,35.31,0 - 15.89
EXP-ZNO-04199,MCF-7,51.59,12,49.91,46.6,40.21,48.67,60.84,44.61,0 - 20.07
EXP-ZNO-04200,HeLa,161.8,48,81.0,65.5,64.71,8.78,81.34,35.31,0 - 15.89
EXP-ZNO-04201,MCF-7,55.25,6,57.5,53.14,41.49,50.11,63.3,56.86,0 - 25.59
EXP-ZNO-04202,HEK293,35.11,24,22.71,20.89,18.0,67.37,22.69,60.0,0 - 27.0
EXP-ZNO-04203,HeLa,94.61,24,61.78,56.82,52.32,29.31,64.07,45.0,0 - 20.25
EXP-ZNO-04204,HeLa,20.83,12,12.99,17.52,14.68,82.38,16.24,57.36,0 - 25.81
EXP-ZNO-04205,MCF-7,100.18,48,98.92,86.87,77.49,10.66,111.39,27.46,0 - 12.36
EXP-ZNO-04206,Caco-2,86.73,12,54.31,52.18,49.85,28.85,58.65,63.73,0 - 28.68
EXP-ZNO-04207,NIH-3T3,166.94,24,58.76,46.28,45.02,19.28,52.65,65.0,0 - 29.25
EXP-ZNO-04208,PC12,195.75,24,88.26,81.87,76.11,7.88,100.52,40.0,0 - 18.0
EXP-ZNO-04209,CHO,106.11,12,59.47,42.9,39.13,35.68,50.72,70.1,0 - 31.55
EXP-ZNO-04210,PC12,178.08,12,91.89,85.03,67.43,7.82,100.44,50.98,0 - 22.94
EXP-ZNO-04211,Jurkat,85.25,6,78.35,69.83,63.18,30.21,91.67,48.74,0 - 21.93
EXP-ZNO-04212,HepG2,128.92,72,75.79,75.54,65.48,10.31,85.21,28.59,0 - 12.87
EXP-ZNO-04213,MCF-7,63.15,12,74.84,58.29,57.65,35.78,80.59,44.61,0 - 20.07
EXP-ZNO-04214,PC12,160.84,48,83.46,75.99,72.03,10.21,96.36,31.38,0 - 14.12
EXP-ZNO-04215,MCF-7,21.89,48,41.55,43.94,30.47,61.34,48.5,27.46,0 - 12.36
EXP-ZNO-04216,MCF-7,133.35,6,81.15,71.16,67.08,23.33,94.13,56.86,0 - 25.59
EXP-ZNO-04217,Jurkat,63.18,48,89.74,76.54,79.64,14.9,109.1,23.54,0 - 10.59
EXP-ZNO-04218,MCF-7,44.19,12,46.78,52.84,48.8,46.41,64.25,44.61,0 - 20.07
EXP-ZNO-04219,HeLa,47.6,24,50.44,39.27,35.38,45.84,48.37,45.0,0 - 20.25
EXP-ZNO-04220,PC12,57.91,72,76.4,64.96,67.55,22.1,85.22,27.23,0 - 12.25
EXP-ZNO-04221,HEK293,193.73,72,64.85,59.37,51.06,9.67,63.49,40.85,0 - 18.38
EXP-ZNO-04222,HeLa,153.26,24,73.42,65.89,60.16,12.28,77.45,45.0,0 - 20.25
EXP-ZNO-04223,PC12,47.97,72,62.55,64.88,57.71,30.41,75.55,27.23,0 - 12.25
EXP-ZNO-04224,MCF-7,82.93,72,92.65,80.67,74.2,11.84,107.3,23.83,0 - 10.72
EXP-ZNO-04225,HeLa,99.26,24,70.65,58.09,60.91,20.41,71.78,45.0,0 - 20.25
EXP-ZNO-04226,A549,124.75,12,79.91,71.4,59.77,22.95,89.02,48.43,0 - 21.79
EXP-ZNO-04227,CHO,38.0,24,34.98,28.61,24.75,59.26,31.83,55.0,0 - 24.75
EXP-ZNO-04228,CHO,150.57,12,74.13,57.53,57.43,13.43,67.82,70.1,0 - 31.55
EXP-ZNO-04229,MCF-7,123.26,12,87.73,76.35,76.38,17.23,102.3,44.61,0 - 20.07
EXP-ZNO-04230,HEK293,118.5,72,58.0,50.29,51.25,15.93,58.54,40.85,0 - 18.38
EXP-ZNO-04231,Caco-2,167.38,48,64.65,52.92,57.51,14.94,68.42,39.23,0 - 17.65
EXP-ZNO-04232,Caco-2,128.28,12,74.18,57.81,51.99,16.42,69.44,63.73,0 - 28.68
EXP-ZNO-04233,HeLa,172.5,12,67.45,62.46,58.25,14.26,74.47,57.36,0 - 25.81
EXP-ZNO-04234,PC12,56.43,72,72.21,65.52,56.9,27.85,79.21,27.23,0 - 12.25
EXP-ZNO-04235,CHO,187.19,48,72.75,58.68,61.28,12.36,68.73,43.15,0 - 19.42
EXP-ZNO-04236,Jurkat,173.0,6,91.49,79.47,80.6,13.13,111.47,48.74,0 - 21.93
EXP-ZNO-04237,HEK293,73.64,24,39.97,33.27,31.43,44.45,38.65,60.0,0 - 27.0
EXP-ZNO-04238,HeLa,97.36,48,74.46,60.59,59.1,18.07,73.81,35.31,0 - 15.89
EXP-ZNO-04239,Jurkat,106.34,12,92.67,79.15,74.72,19.26,106.58,38.24,0 - 17.21
EXP-ZNO-04240,HeLa,92.06,12,65.15,55.78,61.6,19.39,70.94,57.36,0 - 25.81
EXP-ZNO-04241,Jurkat,21.75,12,33.36,26.23,31.35,67.62,40.95,38.24,0 - 17.21
EXP-ZNO-04242,CHO,133.72,6,49.98,35.23,38.0,38.76,46.44,89.35,0 - 40.21
EXP-ZNO-04243,NIH-3T3,13.23,48,7.14,2.48,6.92,89.04,6.65,51.0,0 - 22.95
EXP-ZNO-04244,Caco-2,12.07,48,7.97,0.45,3.16,93.57,5.08,39.23,0 - 17.65
EXP-ZNO-04245,Jurkat,127.63,72,100.0,91.21,77.17,5.0,120.58,20.42,0 - 9.19
EXP-ZNO-04246,Caco-2,43.32,72,50.5,39.82,39.55,41.96,48.47,34.04,0 - 15.32
EXP-ZNO-04247,Jurkat,115.32,48,98.44,93.1,89.24,5.28,122.72,23.54,0 - 10.59
EXP-ZNO-04248,CHO,116.23,6,38.95,43.43,35.98,41.38,44.11,89.35,0 - 40.21
EXP-ZNO-04249,PC12,56.56,72,76.52,65.07,58.52,24.26,82.47,27.23,0 - 12.25
EXP-ZNO-04250,A549,18.1,72,28.63,24.05,27.6,67.32,35.78,25.87,0 - 11.64
EXP-ZNO-04251,Caco-2,127.21,6,47.12,42.65,46.12,37.09,51.48,81.23,0 - 36.55
EXP-ZNO-04252,A549,187.79,48,94.97,81.97,78.85,9.37,106.12,29.81,0 - 13.42
EXP-ZNO-04253,HEK293,108.57,24,45.82,35.83,39.42,37.53,43.93,60.0,0 - 27.0
EXP-ZNO-04254,Caco-2,7.91,48,10.28,3.35,4.78,94.55,5.7,39.23,0 - 17.65
EXP-ZNO-04255,NIH-3T3,54.6,48,40.06,33.99,24.12,46.22,34.89,51.0,0 - 22.95
EXP-ZNO-04256,PC12,70.32,48,71.24,68.03,61.45,21.89,83.63,31.38,0 - 14.12
EXP-ZNO-04257,HepG2,99.08,72,74.04,67.5,62.7,11.95,82.28,28.59,0 - 12.87
EXP-ZNO-04258,MCF-7,95.63,24,90.25,82.79,80.55,13.91,106.99,35.0,0 - 15.75
EXP-ZNO-04259,NIH-3T3,30.87,48,28.79,19.74,17.78,69.39,21.35,51.0,0 - 22.95
EXP-ZNO-04260,A549,82.93,24,81.23,72.92,65.91,22.63,90.91,38.0,0 - 17.1
EXP-ZNO-04261,MCF-7,198.76,6,90.52,82.79,72.55,12.05,106.72,56.86,0 - 25.59
EXP-ZNO-04262,HepG2,144.96,48,80.62,73.8,54.8,12.68,83.03,32.95,0 - 14.83
EXP-ZNO-04263,Caco-2,126.42,24,66.52,57.07,49.61,21.07,65.33,50.0,0 - 22.5
EXP-ZNO-04264,HepG2,71.82,6,41.56,34.78,36.96,48.25,47.2,68.23,0 - 30.7
EXP-ZNO-04265,A549,67.82,72,89.76,78.79,73.89,12.69,101.41,25.87,0 - 11.64
EXP-ZNO-04266,HepG2,183.81,12,67.06,63.91,55.29,23.19,73.18,53.53,0 - 24.09
EXP-ZNO-04267,HeLa,129.96,24,68.82,66.01,59.69,16.16,74.54,45.0,0 - 20.25
EXP-ZNO-04268,A549,41.54,72,83.03,66.78,61.07,25.17,87.84,25.87,0 - 11.64
EXP-ZNO-04269,A549,172.16,12,84.89,68.61,62.04,18.31,92.9,48.43,0 - 21.79
EXP-ZNO-04270,NIH-3T3,47.13,72,31.37,32.71,30.37,49.49,32.79,44.25,0 - 19.91
EXP-ZNO-04271,A549,34.08,6,21.01,16.85,18.44,76.89,25.26,61.73,0 - 27.78
EXP-ZNO-04272,HEK293,186.86,12,56.66,46.01,44.89,22.79,54.04,76.47,0 - 34.41
EXP-ZNO-04273,A549,141.2,48,93.8,85.5,76.51,5.0,108.67,29.81,0 - 13.42
EXP-ZNO-04274,HeLa,29.27,72,41.42,40.0,33.86,49.89,44.42,30.64,0 - 13.79
EXP-ZNO-04275,MCF-7,167.21,72,88.23,84.98,76.69,10.75,108.15,23.83,0 - 10.72
EXP-ZNO-04276,MCF-7,108.13,24,89.62,82.83,73.06,16.15,104.04,35.0,0 - 15.75
EXP-ZNO-04277,Caco-2,35.37,12,37.13,27.54,28.91,60.87,33.69,63.73,0 - 28.68
EXP-ZNO-04278,HeLa,174.41,6,65.38,61.1,53.71,22.73,68.93,73.1,0 - 32.9
EXP-ZNO-04279,HepG2,181.73,48,81.93,73.1,69.11,7.94,87.93,32.95,0 - 14.83
EXP-ZNO-04280,NIH-3T3,18.33,12,0.0,1.89,2.52,99.21,0.85,82.85,0 - 37.28
EXP-ZNO-04281,Jurkat,196.99,12,96.36,88.0,80.24,14.57,113.39,38.24,0 - 17.21
EXP-ZNO-04282,HepG2,196.14,24,92.23,71.53,69.82,5.0,91.51,42.0,0 - 18.9
EXP-ZNO-04283,Caco-2,134.92,48,72.5,59.08,53.43,16.98,69.24,39.23,0 - 17.65
EXP-ZNO-04284,PC12,19.55,72,34.24,31.46,35.08,59.9,42.41,27.23,0 - 12.25
EXP-ZNO-04285,HEK293,185.79,6,54.82,48.3,41.62,22.23,53.84,97.47,0 - 43.86
EXP-ZNO-04286,PC12,10.63,24,11.47,5.14,3.76,94.52,7.32,40.0,0 - 18.0
EXP-ZNO-04287,A549,165.47,6,88.16,78.37,74.44,10.4,102.42,61.73,0 - 27.78
EXP-ZNO-04288,HEK293,3.28,6,1.14,1.93,0.74,97.48,1.61,97.47,0 - 43.86
EXP-ZNO-04289,MCF-7,17.36,48,36.73,34.78,28.0,62.55,44.36,27.46,0 - 12.36
EXP-ZNO-04290,HeLa,100.33,12,65.18,57.49,51.31,27.47,65.62,57.36,0 - 25.81
EXP-ZNO-04291,CHO,192.88,12,57.54,52.59,48.63,20.32,59.88,70.1,0 - 31.55
EXP-ZNO-04292,PC12,119.31,12,90.71,77.22,71.05,14.87,95.39,50.98,0 - 22.94
EXP-ZNO-04293,CHO,57.38,48,43.55,36.43,38.55,39.71,45.09,43.15,0 - 19.42
EXP-ZNO-04294,Jurkat,38.57,24,64.35,52.19,53.38,42.13,74.93,30.0,0 - 13.5
EXP-ZNO-04295,MCF-7,128.96,6,94.95,71.16,75.64,17.58,102.78,56.86,0 - 25.59
EXP-ZNO-04296,NIH-3T3,126.7,48,53.39,39.55,44.03,22.36,49.63,51.0,0 - 22.95
EXP-ZNO-04297,HepG2,43.31,24,47.43,45.38,36.66,46.38,51.03,42.0,0 - 18.9
EXP-ZNO-04298,HeLa,40.07,6,17.09,17.47,21.57,70.52,24.01,73.1,0 - 32.9
EXP-ZNO-04299,Caco-2,151.89,12,63.67,58.34,54.27,20.21,66.04,63.73,0 - 28.68
EXP-ZNO-04300,HeLa,14.26,12,0.0,3.72,9.88,92.45,5.81,57.36,0 - 25.81
EXP-ZNO-04301,A549,119.55,48,85.78,89.36,76.45,5.0,107.43,29.81,0 - 13.42
EXP-ZNO-04302,A549,102.83,6,71.87,68.36,62.9,26.87,84.75,61.73,0 - 27.78
EXP-ZNO-04303,HepG2,195.46,48,80.55,73.82,68.13,7.17,88.01,32.95,0 - 14.83
EXP-ZNO-04304,MCF-7,181.92,12,96.08,87.15,86.02,5.0,115.86,44.61,0 - 20.07
EXP-ZNO-04305,HEK293,36.6,6,17.43,11.02,11.46,78.11,15.13,97.47,0 - 43.86
EXP-ZNO-04306,A549,166.86,48,98.83,83.27,80.44,7.39,108.75,29.81,0 - 13.42
EXP-ZNO-04307,A549,12.74,6,8.21,8.48,3.98,90.67,9.81,61.73,0 - 27.78
EXP-ZNO-04308,CHO,167.74,72,67.56,68.54,50.29,10.8,68.34,37.44,0 - 16.85
EXP-ZNO-04309,Caco-2,16.51,24,9.53,7.88,7.0,87.57,9.84,50.0,0 - 22.5
EXP-ZNO-04310,HeLa,104.62,48,84.31,72.81,62.49,9.96,82.18,35.31,0 - 15.89
EXP-ZNO-04311,PC12,79.61,24,73.27,64.91,62.96,24.62,82.25,40.0,0 - 18.0
EXP-ZNO-04312,HepG2,196.94,6,76.37,65.98,58.91,18.19,78.66,68.23,0 - 30.7
EXP-ZNO-04313,CHO,132.34,6,40.25,43.59,38.81,37.16,46.65,89.35,0 - 40.21
EXP-ZNO-04314,PC12,13.42,6,7.6,4.61,5.49,91.74,8.24,64.98,0 - 29.24
EXP-ZNO-04315,PC12,45.86,48,63.41,46.2,53.04,34.65,69.28,31.38,0 - 14.12
EXP-ZNO-04316,CHO,59.8,12,40.07,33.94,39.33,54.9,37.4,70.1,0 - 31.55
EXP-ZNO-04317,HeLa,31.16,6,15.13,13.6,16.12,82.26,16.35,73.1,0 - 32.9
EXP-ZNO-04318,Caco-2,135.88,6,67.91,52.2,51.76,24.4,63.63,81.23,0 - 36.55
EXP-ZNO-04319,HeLa,192.44,6,74.32,66.17,49.95,16.16,74.2,73.1,0 - 32.9
EXP-ZNO-04320,Caco-2,59.08,12,44.3,35.03,30.56,51.85,40.63,63.73,0 - 28.68
EXP-ZNO-04321,HEK293,174.15,24,65.83,55.38,50.6,17.82,59.63,60.0,0 - 27.0
EXP-ZNO-04322,HepG2,135.73,24,67.73,66.25,63.91,16.12,78.76,42.0,0 - 18.9
EXP-ZNO-04323,HEK293,132.87,12,56.18,49.67,50.54,21.69,55.61,76.47,0 - 34.41
EXP-ZNO-04324,CHO,84.22,24,49.3,41.71,38.59,36.17,48.44,55.0,0 - 24.75
EXP-ZNO-04325,A549,8.39,72,4.56,0.0,5.18,93.07,6.18,25.87,0 - 11.64
EXP-ZNO-04326,HeLa,146.83,48,87.73,66.5,65.97,5.11,84.86,35.31,0 - 15.89
EXP-ZNO-04327,HeLa,121.78,6,56.28,57.38,52.02,31.57,61.88,73.1,0 - 32.9
EXP-ZNO-04328,CHO,9.91,48,6.23,2.69,6.91,89.83,6.99,43.15,0 - 19.42
EXP-ZNO-04329,A549,194.91,72,87.63,81.0,76.2,12.17,102.03,25.87,0 - 11.64
EXP-ZNO-04330,HEK293,184.23,48,61.01,56.3,43.8,14.88,59.31,47.08,0 - 21.18
EXP-ZNO-04331,HepG2,107.29,48,86.56,73.12,71.28,5.0,90.8,32.95,0 - 14.83
EXP-ZNO-04332,HepG2,128.52,12,76.41,63.42,59.88,16.01,79.56,53.53,0 - 24.09
EXP-ZNO-04333,A549,136.16,24,95.13,83.15,76.87,8.55,106.5,38.0,0 - 17.1
EXP-ZNO-04334,HeLa,41.89,72,47.52,48.09,49.35,35.73,56.26,30.64,0 - 13.79
EXP-ZNO-04335,HepG2,86.46,72,82.3,69.38,65.46,6.83,87.43,28.59,0 - 12.87
EXP-ZNO-04336,A549,65.78,12,71.92,58.25,54.93,38.22,74.7,48.43,0 - 21.79
EXP-ZNO-04337,HeLa,119.88,48,77.29,74.98,64.45,11.52,80.61,35.31,0 - 15.89
EXP-ZNO-04338,A549,101.07,6,61.28,56.62,54.61,37.19,72.41,61.73,0 - 27.78
EXP-ZNO-04339,HEK293,131.68,72,65.75,56.23,53.16,16.67,60.54,40.85,0 - 18.38
EXP-ZNO-04340,MCF-7,119.19,6,87.05,64.91,65.38,26.73,91.99,56.86,0 - 25.59
EXP-ZNO-04341,PC12,90.68,24,87.69,74.91,62.57,14.72,92.92,40.0,0 - 18.0
EXP-ZNO-04342,Jurkat,69.67,48,79.79,74.16,70.3,20.53,100.57,23.54,0 - 10.59
EXP-ZNO-04343,MCF-7,70.85,48,87.78,75.0,76.05,15.77,102.91,27.46,0 - 12.36
EXP-ZNO-04344,Caco-2,126.84,6,48.89,42.16,33.54,41.94,47.65,81.23,0 - 36.55
EXP-ZNO-04345,A549,187.06,72,98.14,86.88,80.14,5.0,110.62,25.87,0 - 11.64
EXP-ZNO-04346,NIH-3T3,58.22,6,26.55,19.96,17.0,71.95,19.9,105.59,0 - 47.52
EXP-ZNO-04347,MCF-7,4.53,24,0.0,1.58,2.74,100.0,0.81,35.0,0 - 15.75
EXP-ZNO-04348,HepG2,151.97,24,83.96,71.27,68.34,5.0,89.5,42.0,0 - 18.9
EXP-ZNO-04349,PC12,87.77,48,76.34,69.52,59.23,24.17,83.37,31.38,0 - 14.12
EXP-ZNO-04350,NIH-3T3,177.37,6,42.8,34.96,37.77,32.28,42.66,105.59,0 - 47.52
EXP-ZNO-04351,NIH-3T3,147.38,12,44.89,40.23,37.43,33.46,43.12,82.85,0 - 37.28
EXP-ZNO-04352,NIH-3T3,57.01,72,42.53,37.67,31.39,41.91,38.33,44.25,0 - 19.91
EXP-ZNO-04353,CHO,66.07,48,46.09,46.39,39.78,36.12,48.68,43.15,0 - 19.42
EXP-ZNO-04354,CHO,163.26,48,66.6,58.71,53.11,10.18,67.5,43.15,0 - 19.42
EXP-ZNO-04355,A549,71.18,72,85.72,83.94,74.32,11.74,102.02,25.87,0 - 11.64
EXP-ZNO-04356,MCF-7,25.15,48,53.5,44.45,39.68,55.12,57.2,27.46,0 - 12.36
EXP-ZNO-04357,A549,49.15,24,64.44,47.43,47.44,43.6,66.38,38.0,0 - 17.1
EXP-ZNO-04358,Caco-2,27.07,48,29.56,17.59,23.24,62.21,29.38,39.23,0 - 17.65
EXP-ZNO-04359,HeLa,126.69,24,71.07,59.29,59.58,18.49,72.8,45.0,0 - 20.25
EXP-ZNO-04360,NIH-3T3,186.49,72,59.76,49.58,53.6,9.4,58.18,44.25,0 - 19.91
EXP-ZNO-04361,NIH-3T3,124.07,6,34.97,33.06,32.29,42.77,36.33,105.59,0 - 47.52
EXP-ZNO-04362,HepG2,184.91,24,90.36,73.01,69.85,7.14,90.23,42.0,0 - 18.9
EXP-ZNO-04363,CHO,104.09,48,56.04,53.86,46.22,22.3,58.56,43.15,0 - 19.42
EXP-ZNO-04364,HEK293,160.09,72,62.41,63.05,58.69,9.76,64.48,40.85,0 - 18.38
EXP-ZNO-04365,Jurkat,91.43,12,86.07,87.38,78.42,19.21,107.22,38.24,0 - 17.21
EXP-ZNO-04366,PC12,168.01,48,88.39,77.4,74.62,8.98,98.89,31.38,0 - 14.12
EXP-ZNO-04367,HeLa,70.35,48,64.73,55.5,51.2,24.71,66.6,35.31,0 - 15.89
EXP-ZNO-04368,PC12,101.86,24,82.53,66.94,59.43,21.56,85.88,40.0,0 - 18.0
EXP-ZNO-04369,PC12,22.64,72,42.95,30.53,32.52,61.15,43.09,27.23,0 - 12.25
EXP-ZNO-04370,Jurkat,32.72,6,39.42,38.08,33.83,60.76,49.78,48.74,0 - 21.93
EXP-ZNO-04371,A549,144.18,12,90.16,75.03,79.22,14.28,100.84,48.43,0 - 21.79
EXP-ZNO-04372,PC12,57.72,48,75.52,66.37,56.58,25.96,81.15,31.38,0 - 14.12
EXP-ZNO-04373,Caco-2,3.12,6,0.0,5.52,1.15,100.0,0.95,81.23,0 - 36.55
EXP-ZNO-04374,PC12,5.36,48,18.01,6.5,15.12,85.78,16.05,31.38,0 - 14.12
EXP-ZNO-04375,HepG2,4.56,48,5.38,3.19,0.0,95.94,3.76,32.95,0 - 14.83
EXP-ZNO-04376,NIH-3T3,166.19,72,56.37,56.04,49.34,11.95,56.88,44.25,0 - 19.91
EXP-ZNO-04377,PC12,97.25,48,80.65,72.47,69.77,13.06,93.08,31.38,0 - 14.12
EXP-ZNO-04378,Caco-2,146.55,72,71.97,69.02,60.37,5.0,77.24,34.04,0 - 15.32
EXP-ZNO-04379,Caco-2,62.55,48,45.87,49.32,36.44,36.75,50.98,39.23,0 - 17.65
EXP-ZNO-04380,PC12,28.31,24,30.59,25.13,26.89,62.5,37.57,40.0,0 - 18.0
EXP-ZNO-04381,PC12,107.14,6,56.23,56.34,47.7,37.43,66.86,64.98,0 - 29.24
EXP-ZNO-04382,PC12,176.65,12,86.16,67.53,67.1,17.54,90.45,50.98,0 - 22.94
EXP-ZNO-04383,A549,144.4,24,85.26,74.38,74.99,13.22,99.42,38.0,0 - 17.1
EXP-ZNO-04384,Caco-2,108.29,72,72.51,64.06,61.29,8.25,75.22,34.04,0 - 15.32
EXP-ZNO-04385,Jurkat,52.01,72,82.07,65.1,68.1,30.87,92.25,20.42,0 - 9.19
EXP-ZNO-04386,MCF-7,15.93,48,30.51,16.31,17.14,76.89,28.34,27.46,0 - 12.36
EXP-ZNO-04387,Caco-2,173.77,72,69.05,65.94,52.71,11.44,72.09,34.04,0 - 15.32
EXP-ZNO-04388,Caco-2,156.22,24,62.36,65.06,51.18,15.8,68.41,50.0,0 - 22.5
EXP-ZNO-04389,MCF-7,21.2,72,46.74,38.93,39.04,56.53,53.47,23.83,0 - 10.72
EXP-ZNO-04390,HEK293,130.09,72,55.47,42.1,55.96,17.34,57.06,40.85,0 - 18.38
EXP-ZNO-04391,CHO,173.2,72,64.66,62.94,60.31,5.0,71.03,37.44,0 - 16.85
EXP-ZNO-04392,Jurkat,59.9,6,75.03,53.53,57.85,37.67,81.74,48.74,0 - 21.93
EXP-ZNO-04393,PC12,3.11,48,6.74,0.0,10.13,92.94,7.36,31.38,0 - 14.12
EXP-ZNO-04394,HepG2,168.99,72,86.91,75.11,70.37,5.0,91.04,28.59,0 - 12.87
EXP-ZNO-04395,CHO,130.36,72,81.33,56.22,56.82,9.1,70.8,37.44,0 - 16.85
EXP-ZNO-04396,HepG2,128.43,24,84.41,69.15,62.75,10.62,85.42,42.0,0 - 18.9
EXP-ZNO-04397,HepG2,14.55,6,4.57,6.63,1.43,95.27,4.71,68.23,0 - 30.7
EXP-ZNO-04398,Jurkat,55.94,72,88.59,79.93,75.52,17.8,106.78,20.42,0 - 9.19
EXP-ZNO-04399,Jurkat,45.02,48,81.19,75.68,67.73,23.44,98.84,23.54,0 - 10.59
EXP-ZNO-04400,Caco-2,118.7,6,53.1,50.18,38.68,36.34,52.99,81.23,0 - 36.55
EXP-ZNO-04401,Jurkat,160.85,72,100.0,97.08,88.76,5.0,123.99,20.42,0 - 9.19
EXP-ZNO-04402,HepG2,93.1,72,68.28,60.54,63.87,16.74,77.64,28.59,0 - 12.87
EXP-ZNO-04403,NIH-3T3,140.28,24,52.01,48.39,36.59,24.37,48.77,65.0,0 - 29.25
EXP-ZNO-04404,CHO,114.72,24,59.66,52.37,49.07,25.11,58.13,55.0,0 - 24.75
EXP-ZNO-04405,MCF-7,122.26,12,83.83,78.94,71.78,14.97,102.36,44.61,0 - 20.07
EXP-ZNO-04406,A549,55.19,24,70.17,61.13,57.86,31.26,79.5,38.0,0 - 17.1
EXP-ZNO-04407,Jurkat,38.64,6,48.02,48.34,38.77,56.41,57.81,48.74,0 - 21.93
EXP-ZNO-04408,HEK293,136.72,12,56.63,53.68,44.32,22.64,55.0,76.47,0 - 34.41
EXP-ZNO-04409,A549,104.26,24,78.63,70.15,66.47,20.67,91.06,38.0,0 - 17.1
EXP-ZNO-04410,MCF-7,106.98,12,93.08,73.31,72.3,19.39,100.95,44.61,0 - 20.07
EXP-ZNO-04411,MCF-7,89.76,6,67.08,60.9,57.34,34.85,79.66,56.86,0 - 25.59
EXP-ZNO-04412,NIH-3T3,189.29,24,60.28,56.39,48.84,14.17,56.6,65.0,0 - 29.25
EXP-ZNO-04413,Caco-2,99.01,72,74.45,62.47,59.17,9.43,74.5,34.04,0 - 15.32
EXP-ZNO-04414,HeLa,117.13,48,81.31,74.65,59.76,5.0,83.92,35.31,0 - 15.89
EXP-ZNO-04415,MCF-7,169.3,12,98.48,88.59,79.08,10.18,112.2,44.61,0 - 20.07
EXP-ZNO-04416,MCF-7,150.77,12,90.08,86.92,80.2,8.73,110.9,44.61,0 - 20.07
EXP-ZNO-04417,Jurkat,111.37,12,94.34,87.31,72.38,14.7,111.11,38.24,0 - 17.21
EXP-ZNO-04418,MCF-7,126.87,72,100.0,84.87,75.47,6.54,113.48,23.83,0 - 10.72
EXP-ZNO-04419,PC12,72.44,6,56.63,51.91,48.76,39.42,65.22,64.98,0 - 29.24
EXP-ZNO-04420,NIH-3T3,58.44,72,39.09,39.24,32.0,41.44,38.23,44.25,0 - 19.91
EXP-ZNO-04421,MCF-7,71.67,12,68.04,62.47,63.25,30.39,84.09,44.61,0 - 20.07
EXP-ZNO-04422,NIH-3T3,166.49,72,69.17,59.4,53.18,5.0,62.58,44.25,0 - 19.91
EXP-ZNO-04423,HeLa,50.74,12,40.79,39.6,34.76,52.3,43.16,57.36,0 - 25.81
EXP-ZNO-04424,MCF-7,46.94,48,67.03,64.61,57.89,34.49,80.67,27.46,0 - 12.36
EXP-ZNO-04425,Caco-2,27.34,12,22.2,16.87,16.14,75.74,20.45,63.73,0 - 28.68
EXP-ZNO-04426,Jurkat,145.06,72,100.0,95.61,89.11,5.0,123.77,20.42,0 - 9.19
EXP-ZNO-04427,HEK293,166.67,72,56.99,57.0,53.01,14.4,60.09,40.85,0 - 18.38
EXP-ZNO-04428,Jurkat,51.75,24,73.89,69.94,65.6,28.13,92.36,30.0,0 - 13.5
EXP-ZNO-04429,PC12,101.43,48,76.35,67.35,65.5,19.1,86.99,31.38,0 - 14.12
EXP-ZNO-04430,CHO,136.13,12,46.94,38.95,45.81,33.44,49.84,70.1,0 - 31.55
EXP-ZNO-04431,NIH-3T3,14.8,72,6.71,10.51,8.62,82.06,10.55,44.25,0 - 19.91
EXP-ZNO-04432,Jurkat,49.95,24,80.22,70.09,62.69,29.72,92.43,30.0,0 - 13.5
EXP-ZNO-04433,HeLa,117.76,48,83.07,67.48,58.42,10.64,80.18,35.31,0 - 15.89
EXP-ZNO-04434,CHO,161.98,24,55.96,57.9,46.21,20.96,59.7,55.0,0 - 24.75
EXP-ZNO-04435,HEK293,140.43,24,51.11,50.48,48.65,20.82,54.98,60.0,0 - 27.0
EXP-ZNO-04436,Jurkat,100.24,6,83.98,72.66,73.03,23.07,100.25,48.74,0 - 21.93
EXP-ZNO-04437,HEK293,174.07,6,48.08,43.44,44.37,28.71,49.67,97.47,0 - 43.86
EXP-ZNO-04438,Caco-2,178.4,12,77.15,68.33,59.42,11.16,75.06,63.73,0 - 28.68
EXP-ZNO-04439,HEK293,34.36,12,14.1,10.51,15.68,78.8,14.75,76.47,0 - 34.41
EXP-ZNO-04440,A549,150.36,12,93.14,81.72,73.59,9.83,104.41,48.43,0 - 21.79
EXP-ZNO-04441,Caco-2,101.82,6,53.29,43.98,41.25,36.36,52.5,81.23,0 - 36.55
EXP-ZNO-04442,HepG2,73.27,6,36.66,45.75,37.08,51.23,46.35,68.23,0 - 30.7
EXP-ZNO-04443,MCF-7,29.22,24,44.35,48.24,37.56,55.91,54.73,35.0,0 - 15.75
EXP-ZNO-04444,Caco-2,169.63,12,70.06,57.04,57.66,15.13,69.97,63.73,0 - 28.68
EXP-ZNO-04445,CHO,28.97,12,16.78,9.4,14.3,75.91,17.06,70.1,0 - 31.55
EXP-ZNO-04446,Jurkat,59.51,6,72.45,61.52,62.0,37.01,83.87,48.74,0 - 21.93
EXP-ZNO-04447,Caco-2,35.72,12,16.54,11.4,15.92,77.66,17.65,63.73,0 - 28.68
EXP-ZNO-04448,A549,121.88,72,94.24,81.25,78.75,6.13,107.74,25.87,0 - 11.64
EXP-ZNO-04449,NIH-3T3,96.79,6,29.33,27.52,22.99,58.3,27.43,105.59,0 - 47.52
EXP-ZNO-04450,A549,118.77,24,80.1,76.34,70.56,20.06,93.63,38.0,0 - 17.1
EXP-ZNO-04451,HepG2,120.22,48,74.56,63.4,60.59,13.08,80.82,32.95,0 - 14.83
EXP-ZNO-04452,HepG2,112.96,24,79.97,65.0,60.7,13.86,81.81,42.0,0 - 18.9
EXP-ZNO-04453,HEK293,199.84,24,64.25,50.13,51.06,17.81,58.75,60.0,0 - 27.0
EXP-ZNO-04454,Caco-2,65.1,72,64.04,51.44,52.03,25.32,62.39,34.04,0 - 15.32
EXP-ZNO-04455,HepG2,131.82,48,82.48,71.06,66.35,6.27,88.17,32.95,0 - 14.83
EXP-ZNO-04456,CHO,52.28,6,14.72,18.91,17.51,74.33,19.12,89.35,0 - 40.21
EXP-ZNO-04457,Jurkat,131.45,24,100.0,88.44,81.74,8.04,118.96,30.0,0 - 13.5
EXP-ZNO-04458,Jurkat,32.0,24,55.74,49.34,54.72,43.91,71.24,30.0,0 - 13.5
EXP-ZNO-04459,Jurkat,7.61,72,20.19,11.52,16.9,86.1,19.83,20.42,0 - 9.19
EXP-ZNO-04460,HeLa,52.06,24,44.17,40.52,34.05,44.49,47.77,45.0,0 - 20.25
EXP-ZNO-04461,HepG2,29.07,12,26.52,19.22,15.19,75.15,24.04,53.53,0 - 24.09
EXP-ZNO-04462,A549,154.9,72,98.17,89.85,82.16,5.0,111.52,25.87,0 - 11.64
EXP-ZNO-04463,Caco-2,82.76,72,65.18,52.38,53.38,18.3,66.26,34.04,0 - 15.32
EXP-ZNO-04464,HepG2,108.06,6,65.99,54.02,54.58,29.48,67.99,68.23,0 - 30.7
EXP-ZNO-04465,PC12,93.33,6,66.15,59.8,59.48,29.86,76.12,64.98,0 - 29.24
EXP-ZNO-04466,Caco-2,8.44,24,8.33,6.03,4.92,90.49,7.66,50.0,0 - 22.5
EXP-ZNO-04467,CHO,124.66,12,60.61,47.13,49.19,18.34,60.66,70.1,0 - 31.55
EXP-ZNO-04468,Jurkat,97.74,72,100.0,90.9,84.8,6.16,121.26,20.42,0 - 9.19
EXP-ZNO-04469,HepG2,122.88,12,64.69,59.62,50.74,27.87,68.83,53.53,0 - 24.09
EXP-ZNO-04470,HepG2,19.03,72,26.8,25.27,27.17,64.49,32.53,28.59,0 - 12.87
EXP-ZNO-04471,MCF-7,31.34,12,43.16,33.76,30.57,62.02,46.59,44.61,0 - 20.07
EXP-ZNO-04472,MCF-7,65.07,24,75.69,66.07,64.3,27.79,88.5,35.0,0 - 15.75
EXP-ZNO-04473,Caco-2,21.97,6,16.23,21.36,12.01,82.16,16.31,81.23,0 - 36.55
EXP-ZNO-04474,CHO,22.03,48,7.7,14.04,15.0,77.43,15.46,43.15,0 - 19.42
EXP-ZNO-04475,Caco-2,1.59,12,1.0,2.77,0.0,100.0,0.58,63.73,0 - 28.68
EXP-ZNO-04476,CHO,176.3,24,60.96,56.9,51.67,20.02,61.62,55.0,0 - 24.75
EXP-ZNO-04477,Jurkat,183.12,12,95.27,91.73,73.39,10.66,115.04,38.24,0 - 17.21
EXP-ZNO-04478,Jurkat,77.98,24,90.82,74.51,67.99,21.53,102.41,30.0,0 - 13.5
EXP-ZNO-04479,HepG2,106.27,24,73.72,68.11,56.65,16.49,78.97,42.0,0 - 18.9
EXP-ZNO-04480,NIH-3T3,160.11,12,51.08,43.73,44.26,26.23,48.24,82.85,0 - 37.28
EXP-ZNO-04481,MCF-7,156.13,72,100.0,85.75,82.12,5.87,115.31,23.83,0 - 10.72
EXP-ZNO-04482,PC12,194.29,72,88.51,82.79,77.75,5.0,102.68,27.23,0 - 12.25
EXP-ZNO-04483,NIH-3T3,178.68,48,64.64,55.64,51.39,7.93,60.01,51.0,0 - 22.95
EXP-ZNO-04484,HepG2,162.98,24,79.09,70.8,60.52,13.18,82.87,42.0,0 - 18.9
EXP-ZNO-04485,HeLa,27.03,24,17.54,20.54,14.48,75.16,21.18,45.0,0 - 20.25
EXP-ZNO-04486,NIH-3T3,100.91,12,38.28,34.38,31.41,39.1,38.38,82.85,0 - 37.28
EXP-ZNO-04487,PC12,27.98,12,22.95,23.21,22.29,76.78,26.48,50.98,0 - 22.94
EXP-ZNO-04488,NIH-3T3,193.44,24,53.54,48.3,41.75,22.63,50.32,65.0,0 - 29.25
EXP-ZNO-04489,MCF-7,103.33,48,97.76,75.17,80.45,9.92,109.92,27.46,0 - 12.36
EXP-ZNO-04490,HEK293,75.23,24,34.54,39.37,35.73,44.53,39.02,60.0,0 - 27.0
EXP-ZNO-04491,A549,112.16,72,90.72,79.09,76.46,10.87,103.25,25.87,0 - 11.64
EXP-ZNO-04492,PC12,12.8,6,10.59,8.3,9.52,88.68,12.02,64.98,0 - 29.24
EXP-ZNO-04493,CHO,17.03,72,17.77,14.11,11.37,78.2,16.45,37.44,0 - 16.85
EXP-ZNO-04494,CHO,179.38,24,71.17,63.21,51.12,12.32,67.7,55.0,0 - 24.75
EXP-ZNO-04495,MCF-7,146.47,48,98.35,80.29,77.33,10.81,109.88,27.46,0 - 12.36
EXP-ZNO-04496,NIH-3T3,136.25,48,45.7,52.12,45.97,20.85,50.74,51.0,0 - 22.95
EXP-ZNO-04497,NIH-3T3,132.23,12,47.46,45.94,38.56,29.1,46.09,82.85,0 - 37.28
EXP-ZNO-04498,MCF-7,136.28,12,91.81,74.46,73.22,19.47,100.97,44.61,0 - 20.07
EXP-ZNO-04499,PC12,22.86,12,14.05,13.85,23.98,78.26,22.26,50.98,0 - 22.94
EXP-ZNO-04500,Jurkat,133.36,6,92.19,82.3,77.38,15.02,110.34,48.74,0 - 21.93
EXP-ZNO-04501,Caco-2,130.83,6,63.63,51.36,43.95,31.92,58.01,81.23,0 - 36.55
EXP-ZNO-04502,Caco-2,122.57,24,67.84,52.1,54.15,17.25,67.34,50.0,0 - 22.5
EXP-ZNO-04503,MCF-7,55.05,48,78.23,69.12,62.5,27.98,89.25,27.46,0 - 12.36
EXP-ZNO-04504,HEK293,52.54,72,45.49,39.1,33.08,39.84,42.5,40.85,0 - 18.38
EXP-ZNO-04505,Jurkat,11.16,72,30.67,27.61,21.8,72.88,35.24,20.42,0 - 9.19
EXP-ZNO-04506,HeLa,21.3,6,12.69,7.23,5.44,85.73,11.57,73.1,0 - 32.9
EXP-ZNO-04507,MCF-7,136.01,48,100.0,89.19,80.41,6.04,115.52,27.46,0 - 12.36
EXP-ZNO-04508,CHO,61.26,24,47.34,37.08,38.1,46.52,42.74,55.0,0 - 24.75
EXP-ZNO-04509,HepG2,100.56,6,51.61,44.84,41.63,39.23,56.36,68.23,0 - 30.7
EXP-ZNO-04510,HepG2,161.54,24,85.26,73.73,72.49,5.0,90.81,42.0,0 - 18.9
EXP-ZNO-04511,HeLa,122.76,12,64.96,56.97,56.21,22.78,68.58,57.36,0 - 25.81
EXP-ZNO-04512,NIH-3T3,54.39,6,22.42,20.36,16.99,71.14,19.61,105.59,0 - 47.52
EXP-ZNO-04513,Caco-2,138.03,12,59.25,57.54,45.39,23.83,62.11,63.73,0 - 28.68
EXP-ZNO-04514,A549,180.08,72,93.69,80.77,76.96,9.5,105.18,25.87,0 - 11.64
EXP-ZNO-04515,PC12,96.6,12,63.34,64.09,60.64,32.17,75.09,50.98,0 - 22.94
EXP-ZNO-04516,PC12,122.57,6,77.32,72.28,61.05,22.12,85.56,64.98,0 - 29.24
EXP-ZNO-04517,CHO,29.82,12,14.87,13.12,11.19,81.76,14.17,70.1,0 - 31.55
EXP-ZNO-04518,A549,14.84,12,21.05,18.97,14.52,81.86,21.96,48.43,0 - 21.79
EXP-ZNO-04519,A549,137.16,72,96.2,83.23,82.14,5.0,109.85,25.87,0 - 11.64
EXP-ZNO-04520,HepG2,163.87,72,83.89,78.82,62.35,7.93,88.19,28.59,0 - 12.87
EXP-ZNO-04521,MCF-7,58.72,12,63.45,62.69,60.2,38.88,77.1,44.61,0 - 20.07
EXP-ZNO-04522,HeLa,82.62,72,72.97,67.65,61.89,12.04,78.01,30.64,0 - 13.79
EXP-ZNO-04523,Jurkat,50.86,24,78.68,59.87,59.24,33.74,86.75,30.0,0 - 13.5
EXP-ZNO-04524,HEK293,87.76,6,36.05,27.16,21.56,53.55,32.08,97.47,0 - 43.86
EXP-ZNO-04525,NIH-3T3,52.56,6,24.29,14.89,16.54,71.06,19.23,105.59,0 - 47.52
EXP-ZNO-04526,Jurkat,77.34,48,92.05,80.12,73.82,16.31,108.35,23.54,0 - 10.59
EXP-ZNO-04527,A549,121.26,24,86.39,79.56,78.03,14.07,100.66,38.0,0 - 17.1
EXP-ZNO-04528,HepG2,42.29,12,38.84,34.47,30.51,54.67,42.19,53.53,0 - 24.09
EXP-ZNO-04529,Jurkat,9.35,48,17.58,20.69,20.98,77.01,27.64,23.54,0 - 10.59
EXP-ZNO-04530,PC12,59.5,24,65.89,47.63,53.51,30.48,72.58,40.0,0 - 18.0
EXP-ZNO-04531,CHO,46.82,24,33.73,37.82,31.87,53.11,36.58,55.0,0 - 24.75
EXP-ZNO-04532,HEK293,116.87,24,54.74,43.33,50.81,23.63,53.77,60.0,0 - 27.0
EXP-ZNO-04533,NIH-3T3,62.24,72,47.94,40.37,36.12,36.19,42.37,44.25,0 - 19.91
EXP-ZNO-04534,Caco-2,40.24,12,13.26,26.53,19.98,71.46,22.7,63.73,0 - 28.68
EXP-ZNO-04535,HepG2,48.11,6,32.82,20.73,22.59,66.51,31.3,68.23,0 - 30.7
EXP-ZNO-04536,HEK293,109.29,12,49.0,36.34,41.91,30.87,47.69,76.47,0 - 34.41
EXP-ZNO-04537,Caco-2,87.24,72,59.02,54.81,50.03,22.84,62.8,34.04,0 - 15.32
EXP-ZNO-04538,PC12,98.98,6,69.92,59.16,60.95,28.73,77.78,64.98,0 - 29.24
EXP-ZNO-04539,NIH-3T3,166.06,72,61.1,48.14,48.35,12.33,56.42,44.25,0 - 19.91
EXP-ZNO-04540,PC12,19.99,48,34.45,32.99,25.11,66.22,37.37,31.38,0 - 14.12
EXP-ZNO-04541,MCF-7,176.6,72,100.0,77.88,76.06,6.78,112.13,23.83,0 - 10.72
EXP-ZNO-04542,MCF-7,95.67,24,85.36,80.93,79.65,13.28,105.65,35.0,0 - 15.75
EXP-ZNO-04543,Caco-2,18.48,48,19.35,7.04,11.18,82.32,14.67,39.23,0 - 17.65
EXP-ZNO-04544,Caco-2,182.86,48,79.7,67.47,56.27,12.6,74.29,39.23,0 - 17.65
EXP-ZNO-04545,A549,159.41,48,96.55,86.13,79.64,5.0,110.01,29.81,0 - 13.42
EXP-ZNO-04546,HepG2,71.86,12,53.37,51.06,46.22,36.53,59.85,53.53,0 - 24.09
EXP-ZNO-04547,Caco-2,169.41,72,78.87,70.05,60.36,5.0,78.69,34.04,0 - 15.32
EXP-ZNO-04548,HepG2,62.94,48,66.85,54.6,57.18,23.71,71.7,32.95,0 - 14.83
EXP-ZNO-04549,CHO,50.59,12,30.68,24.04,26.12,60.25,30.18,70.1,0 - 31.55
EXP-ZNO-04550,HepG2,133.74,72,82.99,71.94,68.11,9.18,87.17,28.59,0 - 12.87
EXP-ZNO-04551,CHO,56.06,48,51.53,43.58,33.29,42.33,45.6,43.15,0 - 19.42
EXP-ZNO-04552,MCF-7,53.61,72,76.46,72.77,64.31,22.43,93.3,23.83,0 - 10.72
EXP-ZNO-04553,CHO,178.75,72,77.74,61.75,59.17,8.53,71.48,37.44,0 - 16.85
EXP-ZNO-04554,HeLa,10.0,48,5.45,10.56,7.45,87.64,9.97,35.31,0 - 15.89
EXP-ZNO-04555,HEK293,184.89,24,63.45,60.34,54.67,10.97,63.29,60.0,0 - 27.0
EXP-ZNO-04556,MCF-7,138.36,24,82.73,77.14,76.49,13.61,103.48,35.0,0 - 15.75
EXP-ZNO-04557,NIH-3T3,189.21,24,61.42,48.7,48.32,17.69,54.39,65.0,0 - 29.25
EXP-ZNO-04558,MCF-7,190.49,6,93.42,86.48,82.41,6.49,113.47,56.86,0 - 25.59
EXP-ZNO-04559,HepG2,186.48,48,75.15,72.08,69.62,7.56,86.63,32.95,0 - 14.83
EXP-ZNO-04560,PC12,30.23,6,22.63,16.44,19.16,74.22,26.17,64.98,0 - 29.24
EXP-ZNO-04561,NIH-3T3,27.44,48,10.29,13.0,17.88,73.31,16.03,51.0,0 - 22.95
EXP-ZNO-04562,HEK293,23.61,72,20.19,13.59,15.25,72.49,18.8,40.85,0 - 18.38
EXP-ZNO-04563,A549,131.78,6,77.13,67.37,62.88,24.57,87.21,61.73,0 - 27.78
EXP-ZNO-04564,PC12,35.1,24,47.81,39.65,38.28,57.04,49.14,40.0,0 - 18.0
EXP-ZNO-04565,Caco-2,60.65,24,46.76,38.87,34.93,43.97,46.02,50.0,0 - 22.5
EXP-ZNO-04566,A549,120.2,6,83.75,74.33,70.83,18.91,94.88,61.73,0 - 27.78
EXP-ZNO-04567,Caco-2,92.39,24,54.46,55.92,51.54,31.18,58.35,50.0,0 - 22.5
EXP-ZNO-04568,A549,186.14,72,99.86,83.43,81.29,5.0,110.62,25.87,0 - 11.64
EXP-ZNO-04569,HeLa,129.52,6,66.89,49.49,54.99,31.26,63.42,73.1,0 - 32.9
EXP-ZNO-04570,MCF-7,193.85,48,100.0,90.11,79.57,5.0,116.19,27.46,0 - 12.36
EXP-ZNO-04571,MCF-7,39.65,48,71.47,57.73,56.66,36.82,78.8,27.46,0 - 12.36
EXP-ZNO-04572,PC12,54.81,6,37.77,34.84,34.87,58.14,44.78,64.98,0 - 29.24
EXP-ZNO-04573,CHO,19.41,12,9.75,7.22,1.16,91.53,6.7,70.1,0 - 31.55
EXP-ZNO-04574,HeLa,121.62,12,56.61,50.79,47.04,27.13,62.43,57.36,0 - 25.81
EXP-ZNO-04575,Jurkat,195.26,48,100.0,94.77,83.67,5.64,122.13,23.54,0 - 10.59
EXP-ZNO-04576,CHO,42.03,6,19.03,15.17,12.14,77.01,17.46,89.35,0 - 40.21
EXP-ZNO-04577,MCF-7,135.42,12,81.62,70.94,70.47,22.09,95.61,44.61,0 - 20.07
EXP-ZNO-04578,PC12,15.87,24,10.39,19.09,12.76,80.98,18.82,40.0,0 - 18.0
EXP-ZNO-04579,A549,38.96,6,30.05,29.97,23.6,69.77,34.99,61.73,0 - 27.78
EXP-ZNO-04580,NIH-3T3,193.08,6,55.49,44.91,48.22,20.33,51.92,105.59,0 - 47.52
EXP-ZNO-04581,A549,153.46,24,89.98,83.57,75.66,9.24,104.71,38.0,0 - 17.1
EXP-ZNO-04582,Jurkat,168.88,72,100.0,96.17,88.8,5.0,123.82,20.42,0 - 9.19
EXP-ZNO-04583,HeLa,170.72,24,80.07,66.93,65.21,10.2,80.73,45.0,0 - 20.25
EXP-ZNO-04584,MCF-7,99.78,6,80.41,72.47,61.38,26.39,91.21,56.86,0 - 25.59
EXP-ZNO-04585,Jurkat,187.04,72,100.0,89.9,85.67,5.0,121.99,20.42,0 - 9.19
EXP-ZNO-04586,HepG2,194.39,72,89.49,78.74,71.77,5.0,92.37,28.59,0 - 12.87
EXP-ZNO-04587,A549,196.91,72,97.94,84.84,73.38,7.37,107.56,25.87,0 - 11.64
EXP-ZNO-04588,A549,71.94,12,56.56,64.2,57.67,36.7,73.49,48.43,0 - 21.79
EXP-ZNO-04589,Caco-2,33.62,24,27.6,21.26,26.0,66.81,27.74,50.0,0 - 22.5
EXP-ZNO-04590,HEK293,146.63,24,60.01,56.46,50.87,16.42,59.41,60.0,0 - 27.0
EXP-ZNO-04591,MCF-7,178.32,24,100.0,89.36,81.67,5.0,116.44,35.0,0 - 15.75
EXP-ZNO-04592,HEK293,58.04,24,34.16,38.63,25.39,50.69,34.93,60.0,0 - 27.0
EXP-ZNO-04593,HEK293,99.5,48,63.77,51.36,44.68,17.84,58.0,47.08,0 - 21.18
EXP-ZNO-04594,Caco-2,21.44,12,16.7,18.69,24.02,76.84,20.26,63.73,0 - 28.68
EXP-ZNO-04595,HeLa,88.82,72,64.96,60.0,59.95,17.46,72.25,30.64,0 - 13.79
EXP-ZNO-04596,HEK293,118.18,6,48.75,34.91,34.61,41.26,42.12,97.47,0 - 43.86
EXP-ZNO-04597,NIH-3T3,20.27,24,9.77,7.14,3.98,87.18,8.03,65.0,0 - 29.25
EXP-ZNO-04598,NIH-3T3,90.75,12,33.22,26.57,34.03,45.38,34.44,82.85,0 - 37.28
EXP-ZNO-04599,Caco-2,54.3,72,55.46,46.35,44.89,30.84,56.39,34.04,0 - 15.32
EXP-ZNO-04600,NIH-3T3,167.56,24,49.58,44.7,45.63,15.76,52.47,65.0,0 - 29.25
EXP-ZNO-04601,Jurkat,176.29,48,100.0,90.39,90.54,5.0,123.03,23.54,0 - 10.59
EXP-ZNO-04602,NIH-3T3,17.88,48,10.18,8.89,6.84,87.16,8.65,51.0,0 - 22.95
EXP-ZNO-04603,HepG2,154.95,24,93.48,72.27,71.49,5.88,91.69,42.0,0 - 18.9
EXP-ZNO-04604,Caco-2,133.32,12,66.65,49.23,46.97,26.8,61.14,63.73,0 - 28.68
EXP-ZNO-04605,PC12,41.52,12,49.76,46.03,38.27,50.48,54.46,50.98,0 - 22.94
EXP-ZNO-04606,Jurkat,75.53,6,77.56,69.68,68.35,27.43,94.25,48.74,0 - 21.93
EXP-ZNO-04607,HeLa,100.36,12,50.45,52.78,48.71,34.42,58.1,57.36,0 - 25.81
EXP-ZNO-04608,NIH-3T3,129.36,12,56.34,46.83,40.37,24.84,49.54,82.85,0 - 37.28
EXP-ZNO-04609,NIH-3T3,138.33,6,42.11,37.09,30.49,40.36,38.7,105.59,0 - 47.52
EXP-ZNO-04610,MCF-7,70.45,12,72.89,66.64,64.52,26.52,88.74,44.61,0 - 20.07
EXP-ZNO-04611,HeLa,28.2,12,15.49,21.66,20.09,73.92,22.4,57.36,0 - 25.81
EXP-ZNO-04612,HepG2,170.51,6,69.76,56.09,62.44,22.84,73.83,68.23,0 - 30.7
EXP-ZNO-04613,NIH-3T3,194.07,12,49.8,48.43,35.39,22.69,48.95,82.85,0 - 37.28
EXP-ZNO-04614,HepG2,78.85,72,77.08,65.86,58.39,18.99,78.29,28.59,0 - 12.87
EXP-ZNO-04615,NIH-3T3,167.76,6,48.57,41.84,35.42,30.46,44.86,105.59,0 - 47.52
EXP-ZNO-04616,PC12,23.26,12,22.68,26.0,22.34,77.56,26.46,50.98,0 - 22.94
EXP-ZNO-04617,Jurkat,128.01,6,93.95,81.56,85.26,13.81,112.98,48.74,0 - 21.93
EXP-ZNO-04618,Jurkat,147.58,72,100.0,93.28,86.55,5.0,122.82,20.42,0 - 9.19
EXP-ZNO-04619,CHO,22.42,72,20.72,17.52,16.55,71.25,21.27,37.44,0 - 16.85
EXP-ZNO-04620,NIH-3T3,66.95,48,43.42,32.41,31.42,40.53,38.39,51.0,0 - 22.95
EXP-ZNO-04621,HeLa,8.63,48,1.79,5.96,8.77,89.66,7.74,35.31,0 - 15.89
EXP-ZNO-04622,Caco-2,126.34,6,51.36,44.79,43.44,34.38,53.5,81.23,0 - 36.55
EXP-ZNO-04623,CHO,185.82,72,69.85,58.56,56.97,9.78,68.77,37.44,0 - 16.85
EXP-ZNO-04624,CHO,21.16,24,13.03,9.2,13.5,81.57,13.7,55.0,0 - 24.75
EXP-ZNO-04625,CHO,141.87,24,60.81,51.52,47.36,22.16,59.32,55.0,0 - 24.75
EXP-ZNO-04626,NIH-3T3,76.85,72,46.48,40.61,38.91,28.14,45.72,44.25,0 - 19.91
EXP-ZNO-04627,HeLa,172.0,72,74.85,68.42,62.94,9.85,79.75,30.64,0 - 13.79
EXP-ZNO-04628,NIH-3T3,110.32,24,43.65,45.7,41.79,29.62,45.63,65.0,0 - 29.25
EXP-ZNO-04629,HepG2,131.16,12,74.92,66.35,58.94,16.82,79.14,53.53,0 - 24.09
EXP-ZNO-04630,PC12,199.39,6,79.76,66.97,71.72,16.38,90.35,64.98,0 - 29.24
EXP-ZNO-04631,PC12,73.91,12,56.98,57.36,51.22,37.43,67.81,50.98,0 - 22.94
EXP-ZNO-04632,A549,173.15,12,82.09,84.77,68.67,15.11,98.25,48.43,0 - 21.79
EXP-ZNO-04633,NIH-3T3,109.8,72,56.59,47.22,44.72,20.27,51.98,44.25,0 - 19.91
EXP-ZNO-04634,HEK293,2.96,72,4.98,0.0,1.4,98.29,1.75,40.85,0 - 18.38
EXP-ZNO-04635,Caco-2,105.42,72,70.46,66.14,56.15,12.31,72.47,34.04,0 - 15.32
EXP-ZNO-04636,HeLa,119.85,72,80.39,69.14,61.58,7.94,81.72,30.64,0 - 13.79
EXP-ZNO-04637,Jurkat,82.45,12,79.56,77.82,73.78,22.6,100.56,38.24,0 - 17.21
EXP-ZNO-04638,HEK293,101.92,6,37.6,31.07,32.11,51.5,35.06,97.47,0 - 43.86
EXP-ZNO-04639,Jurkat,30.77,12,48.47,36.93,34.5,60.38,52.28,38.24,0 - 17.21
EXP-ZNO-04640,HEK293,159.52,72,66.82,57.18,51.63,11.98,62.64,40.85,0 - 18.38
EXP-ZNO-04641,A549,176.76,6,82.15,70.26,69.76,16.41,95.07,61.73,0 - 27.78
EXP-ZNO-04642,Jurkat,50.89,6,58.43,51.18,45.08,49.4,66.85,48.74,0 - 21.93
EXP-ZNO-04643,Caco-2,162.51,6,59.6,48.84,47.6,25.7,60.36,81.23,0 - 36.55
EXP-ZNO-04644,HepG2,30.26,6,21.78,17.23,13.35,74.6,22.73,68.23,0 - 30.7
EXP-ZNO-04645,CHO,114.21,12,39.96,37.29,42.38,34.92,47.23,70.1,0 - 31.55
EXP-ZNO-04646,HeLa,46.97,6,28.08,20.46,16.52,71.14,25.59,73.1,0 - 32.9
EXP-ZNO-04647,MCF-7,16.34,12,22.19,21.4,16.03,81.66,24.03,44.61,0 - 20.07
EXP-ZNO-04648,MCF-7,108.48,6,83.6,73.42,65.09,22.12,95.55,56.86,0 - 25.59
EXP-ZNO-04649,HepG2,40.97,72,64.52,46.68,40.94,35.35,61.29,28.59,0 - 12.87
EXP-ZNO-04650,HeLa,161.29,48,69.13,62.33,63.08,12.45,76.41,35.31,0 - 15.89
EXP-ZNO-04651,PC12,68.78,24,65.61,55.87,53.32,34.38,71.66,40.0,0 - 18.0
EXP-ZNO-04652,HepG2,32.51,48,37.55,37.55,27.82,57.13,40.69,32.95,0 - 14.83
EXP-ZNO-04653,HeLa,132.62,48,66.21,68.48,61.35,10.27,77.58,35.31,0 - 15.89
EXP-ZNO-04654,CHO,26.02,24,15.41,15.32,21.1,70.88,20.79,55.0,0 - 24.75
EXP-ZNO-04655,HeLa,170.03,72,83.43,72.59,61.74,5.0,84.34,30.64,0 - 13.79
EXP-ZNO-04656,A549,56.83,72,79.33,73.39,67.67,20.61,92.06,25.87,0 - 11.64
EXP-ZNO-04657,CHO,118.31,72,60.35,56.47,46.92,16.49,62.4,37.44,0 - 16.85
EXP-ZNO-04658,Caco-2,170.69,48,68.17,61.33,60.6,11.16,72.53,39.23,0 - 17.65
EXP-ZNO-04659,PC12,27.17,48,38.99,29.81,34.42,59.74,43.2,31.38,0 - 14.12
EXP-ZNO-04660,HEK293,103.33,6,33.55,35.51,30.28,46.95,36.64,97.47,0 - 43.86
EXP-ZNO-04661,PC12,70.8,72,94.88,65.61,69.9,15.69,93.68,27.23,0 - 12.25
EXP-ZNO-04662,CHO,5.58,12,3.42,3.98,2.13,97.27,2.67,70.1,0 - 31.55
EXP-ZNO-04663,NIH-3T3,188.8,48,59.43,51.64,50.8,10.49,57.61,51.0,0 - 22.95
EXP-ZNO-04664,PC12,73.01,6,63.52,55.64,49.81,39.53,67.57,64.98,0 - 29.24
EXP-ZNO-04665,HeLa,33.08,12,31.3,30.13,25.12,62.69,33.2,57.36,0 - 25.81
EXP-ZNO-04666,A549,50.32,24,67.66,51.12,52.74,37.92,72.18,38.0,0 - 17.1
EXP-ZNO-04667,HEK293,30.94,48,33.83,19.73,20.0,65.54,25.46,47.08,0 - 21.18
EXP-ZNO-04668,A549,189.18,72,95.9,86.41,76.12,7.57,107.73,25.87,0 - 11.64
EXP-ZNO-04669,CHO,100.96,48,63.86,60.11,49.06,14.81,64.57,43.15,0 - 19.42
EXP-ZNO-04670,CHO,68.22,12,38.92,29.6,32.23,48.26,38.64,70.1,0 - 31.55
EXP-ZNO-04671,CHO,74.97,6,32.69,24.98,20.28,57.94,30.92,89.35,0 - 40.21
EXP-ZNO-04672,MCF-7,168.63,72,100.0,91.59,83.6,5.83,116.7,23.83,0 - 10.72
EXP-ZNO-04673,Jurkat,36.76,12,57.81,44.7,44.23,51.84,63.68,38.24,0 - 17.21
EXP-ZNO-04674,HEK293,121.11,48,55.94,53.74,45.32,15.21,58.18,47.08,0 - 21.18
EXP-ZNO-04675,NIH-3T3,64.88,48,39.97,42.2,33.49,37.17,40.61,51.0,0 - 22.95
EXP-ZNO-04676,PC12,89.18,24,75.14,68.15,60.74,21.9,84.42,40.0,0 - 18.0
EXP-ZNO-04677,PC12,67.96,6,37.97,36.71,31.21,54.72,46.49,64.98,0 - 29.24
EXP-ZNO-04678,PC12,160.63,72,96.55,75.61,74.5,9.09,100.37,27.23,0 - 12.25
EXP-ZNO-04679,CHO,57.29,24,38.77,32.22,32.12,53.9,36.41,55.0,0 - 24.75
EXP-ZNO-04680,PC12,83.12,72,87.19,67.05,59.86,14.47,91.13,27.23,0 - 12.25
EXP-ZNO-04681,PC12,130.67,12,74.12,70.6,64.29,19.58,86.56,50.98,0 - 22.94
EXP-ZNO-04682,CHO,128.53,24,52.42,45.45,43.43,27.67,53.98,55.0,0 - 24.75
EXP-ZNO-04683,Jurkat,53.8,12,69.48,58.35,55.87,37.94,80.68,38.24,0 - 17.21
EXP-ZNO-04684,HepG2,85.36,12,61.65,58.37,45.16,30.12,65.94,53.53,0 - 24.09
EXP-ZNO-04685,CHO,115.84,72,75.73,69.89,64.48,5.0,74.52,37.44,0 - 16.85
EXP-ZNO-04686,NIH-3T3,142.13,24,54.62,47.83,46.96,23.9,50.55,65.0,0 - 29.25
EXP-ZNO-04687,Jurkat,73.53,48,90.34,82.69,82.14,11.06,113.44,23.54,0 - 10.59
EXP-ZNO-04688,HEK293,36.81,24,27.57,22.04,21.42,65.09,25.06,60.0,0 - 27.0
EXP-ZNO-04689,CHO,81.2,72,58.74,53.67,44.7,25.71,57.28,37.44,0 - 16.85
EXP-ZNO-04690,NIH-3T3,26.39,72,20.0,9.85,16.74,76.04,15.97,44.25,0 - 19.91
EXP-ZNO-04691,Caco-2,154.08,6,64.79,55.27,50.55,22.89,64.02,81.23,0 - 36.55
EXP-ZNO-04692,HepG2,43.26,72,60.89,52.46,49.39,34.0,63.48,28.59,0 - 12.87
EXP-ZNO-04693,NIH-3T3,84.18,12,27.86,27.14,24.37,52.47,29.65,82.85,0 - 37.28
EXP-ZNO-04694,Jurkat,95.88,72,98.25,75.93,80.48,14.33,111.73,20.42,0 - 9.19
EXP-ZNO-04695,Jurkat,49.87,72,89.82,75.97,77.99,17.31,107.12,20.42,0 - 9.19
EXP-ZNO-04696,Caco-2,69.49,6,33.59,27.75,27.28,57.31,34.5,81.23,0 - 36.55
EXP-ZNO-04697,HepG2,147.38,12,72.34,68.77,63.05,11.92,82.2,53.53,0 - 24.09
EXP-ZNO-04698,A549,100.37,48,87.94,70.47,69.0,16.0,96.61,29.81,0 - 13.42
EXP-ZNO-04699,Caco-2,141.99,48,73.99,59.02,62.38,11.21,73.53,39.23,0 - 17.65
EXP-ZNO-04700,MCF-7,47.94,72,87.83,72.16,66.76,20.76,97.53,23.83,0 - 10.72
EXP-ZNO-04701,HeLa,159.37,12,69.14,60.91,56.98,20.11,71.46,57.36,0 - 25.81
EXP-ZNO-04702,Jurkat,142.22,48,99.61,93.46,89.73,5.0,123.37,23.54,0 - 10.59
EXP-ZNO-04703,CHO,29.64,48,18.48,15.93,21.13,72.59,20.66,43.15,0 - 19.42
EXP-ZNO-04704,Caco-2,152.11,12,55.9,54.13,49.01,24.91,60.99,63.73,0 - 28.68
EXP-ZNO-04705,MCF-7,0.56,6,1.81,0.0,1.77,100.0,0.78,56.86,0 - 25.59
EXP-ZNO-04706,NIH-3T3,183.11,12,52.4,43.71,46.3,20.96,50.8,82.85,0 - 37.28
EXP-ZNO-04707,CHO,125.38,24,64.88,56.99,48.92,20.42,61.79,55.0,0 - 24.75
EXP-ZNO-04708,A549,182.36,6,82.91,78.21,70.05,16.11,96.92,61.73,0 - 27.78
EXP-ZNO-04709,HepG2,20.15,6,11.73,12.57,14.82,82.44,16.0,68.23,0 - 30.7
EXP-ZNO-04710,PC12,21.61,12,15.68,15.95,12.22,83.36,18.03,50.98,0 - 22.94
EXP-ZNO-04711,HepG2,10.45,24,9.43,0.74,5.78,94.02,6.15,42.0,0 - 18.9
EXP-ZNO-04712,PC12,22.5,6,16.31,13.49,14.6,85.52,16.92,64.98,0 - 29.24
EXP-ZNO-04713,Jurkat,129.48,6,81.66,72.23,67.9,24.09,97.9,48.74,0 - 21.93
EXP-ZNO-04714,HEK293,185.18,12,53.98,46.45,48.74,20.57,55.07,76.47,0 - 34.41
EXP-ZNO-04715,PC12,10.43,48,12.37,13.61,10.34,86.85,14.54,31.38,0 - 14.12
EXP-ZNO-04716,Caco-2,176.67,24,69.07,60.51,60.94,17.61,69.57,50.0,0 - 22.5
EXP-ZNO-04717,HepG2,62.38,12,43.93,37.7,35.93,53.26,45.36,53.53,0 - 24.09
EXP-ZNO-04718,HEK293,75.04,6,34.21,35.15,21.48,56.43,31.55,97.47,0 - 43.86
EXP-ZNO-04719,HeLa,143.13,24,81.12,70.9,56.27,13.41,78.59,45.0,0 - 20.25
EXP-ZNO-04720,PC12,132.67,72,92.45,75.86,75.44,7.86,100.34,27.23,0 - 12.25
EXP-ZNO-04721,HepG2,73.76,72,74.07,65.4,56.74,19.77,76.91,28.59,0 - 12.87
EXP-ZNO-04722,HeLa,133.38,6,60.41,59.96,54.21,23.71,67.35,73.1,0 - 32.9
EXP-ZNO-04723,CHO,158.95,6,53.75,46.26,44.91,29.99,53.49,89.35,0 - 40.21
EXP-ZNO-04724,NIH-3T3,130.83,12,48.3,47.89,40.41,33.61,44.88,82.85,0 - 37.28
EXP-ZNO-04725,PC12,21.45,48,32.72,31.56,20.54,71.65,32.81,31.38,0 - 14.12
EXP-ZNO-04726,HepG2,152.61,6,74.75,66.89,63.56,15.04,80.85,68.23,0 - 30.7
EXP-ZNO-04727,HEK293,145.86,72,62.13,64.39,50.33,11.22,62.92,40.85,0 - 18.38
EXP-ZNO-04728,PC12,28.32,48,45.92,35.05,35.24,51.57,50.53,31.38,0 - 14.12
EXP-ZNO-04729,HEK293,164.08,48,65.83,50.65,48.99,15.02,60.01,47.08,0 - 21.18
EXP-ZNO-04730,A549,16.45,12,4.92,1.98,3.52,98.21,3.24,48.43,0 - 21.79
EXP-ZNO-04731,A549,18.16,72,32.83,31.36,28.57,64.85,39.76,25.87,0 - 11.64
EXP-ZNO-04732,MCF-7,83.94,48,88.19,76.81,65.42,18.51,99.65,27.46,0 - 12.36
EXP-ZNO-04733,Jurkat,79.6,24,86.73,77.84,67.07,22.45,101.21,30.0,0 - 13.5
EXP-ZNO-04734,PC12,28.62,48,35.07,34.23,30.03,59.91,42.2,31.38,0 - 14.12
EXP-ZNO-04735,CHO,52.35,48,37.47,39.51,39.37,40.17,44.32,43.15,0 - 19.42
EXP-ZNO-04736,NIH-3T3,191.48,6,49.97,40.46,44.26,27.64,47.11,105.59,0 - 47.52
EXP-ZNO-04737,Jurkat,158.19,72,100.0,88.42,84.31,5.0,121.43,20.42,0 - 9.19
EXP-ZNO-04738,PC12,78.28,72,91.36,71.44,74.7,10.47,97.7,27.23,0 - 12.25
EXP-ZNO-04739,MCF-7,96.38,24,85.32,76.49,71.15,16.26,101.35,35.0,0 - 15.75
EXP-ZNO-04740,HEK293,93.78,12,38.18,36.78,32.11,41.41,40.17,76.47,0 - 34.41
EXP-ZNO-04741,HEK293,17.77,6,3.64,0.0,8.3,93.74,4.34,97.47,0 - 43.86
EXP-ZNO-04742,MCF-7,138.34,48,96.19,86.28,85.42,7.47,114.07,27.46,0 - 12.36
EXP-ZNO-04743,MCF-7,166.81,6,89.01,76.4,72.8,15.4,103.1,56.86,0 - 25.59
EXP-ZNO-04744,PC12,181.7,12,92.11,74.02,71.2,7.45,99.45,50.98,0 - 22.94
EXP-ZNO-04745,Jurkat,22.27,48,44.21,41.82,33.38,57.21,53.97,23.54,0 - 10.59
EXP-ZNO-04746,PC12,94.37,48,84.99,75.89,67.71,11.88,94.99,31.38,0 - 14.12
EXP-ZNO-04747,HEK293,199.11,72,67.39,65.06,51.37,5.0,66.68,40.85,0 - 18.38
EXP-ZNO-04748,HeLa,196.24,72,81.3,69.3,65.54,5.0,83.99,30.64,0 - 13.79
EXP-ZNO-04749,HeLa,110.64,24,64.46,60.25,60.74,19.94,71.07,45.0,0 - 20.25
EXP-ZNO-04750,HepG2,139.99,12,71.02,61.87,63.81,22.28,75.51,53.53,0 - 24.09
EXP-ZNO-04751,NIH-3T3,125.84,48,53.81,43.87,43.33,21.83,50.34,51.0,0 - 22.95
EXP-ZNO-04752,HepG2,59.59,12,41.97,41.68,37.12,48.81,48.1,53.53,0 - 24.09
EXP-ZNO-04753,CHO,169.62,24,66.83,59.51,55.27,14.88,65.83,55.0,0 - 24.75
EXP-ZNO-04754,CHO,165.48,6,56.86,47.37,48.04,27.1,55.92,89.35,0 - 40.21
EXP-ZNO-04755,HeLa,81.37,6,50.5,45.01,46.48,42.51,52.57,73.1,0 - 32.9
EXP-ZNO-04756,A549,145.0,48,87.86,84.7,78.07,7.66,105.79,29.81,0 - 13.42
EXP-ZNO-04757,HeLa,22.23,48,32.73,35.64,29.2,62.64,34.95,35.31,0 - 15.89
EXP-ZNO-04758,Caco-2,167.87,12,60.81,61.07,54.38,18.7,66.62,63.73,0 - 28.68
EXP-ZNO-04759,Caco-2,104.12,48,72.22,60.93,57.49,15.69,70.64,39.23,0 - 17.65
EXP-ZNO-04760,A549,122.24,48,100.0,82.45,71.94,6.69,107.78,29.81,0 - 13.42
EXP-ZNO-04761,HeLa,20.62,72,27.48,22.07,25.27,71.02,27.09,30.64,0 - 13.79
EXP-ZNO-04762,CHO,109.07,72,64.23,59.79,53.96,11.72,66.64,37.44,0 - 16.85
EXP-ZNO-04763,MCF-7,174.46,72,100.0,89.53,80.32,5.0,116.22,23.83,0 - 10.72
EXP-ZNO-04764,HeLa,128.66,6,59.6,52.04,50.68,27.81,63.42,73.1,0 - 32.9
EXP-ZNO-04765,Jurkat,98.2,24,100.0,85.78,84.14,7.5,119.26,30.0,0 - 13.5
EXP-ZNO-04766,PC12,193.11,12,85.15,76.47,67.09,13.46,94.11,50.98,0 - 22.94
EXP-ZNO-04767,NIH-3T3,190.12,48,66.91,53.02,48.4,9.26,59.17,51.0,0 - 22.95
EXP-ZNO-04768,CHO,68.86,24,44.03,39.93,31.75,43.6,42.98,55.0,0 - 24.75
EXP-ZNO-04769,HepG2,84.83,12,69.82,54.87,49.41,29.77,67.96,53.53,0 - 24.09
EXP-ZNO-04770,Caco-2,152.84,48,59.81,55.2,55.01,18.34,65.86,39.23,0 - 17.65
EXP-ZNO-04771,MCF-7,93.91,24,86.25,76.2,69.5,18.32,99.93,35.0,0 - 15.75
EXP-ZNO-04772,A549,15.59,72,28.43,37.53,27.15,68.74,37.22,25.87,0 - 11.64
EXP-ZNO-04773,PC12,24.83,12,20.84,20.81,17.17,80.57,22.52,50.98,0 - 22.94
EXP-ZNO-04774,A549,126.94,48,92.43,84.25,80.05,7.16,107.46,29.81,0 - 13.42
EXP-ZNO-04775,PC12,44.92,24,51.63,40.42,37.72,49.53,54.37,40.0,0 - 18.0
EXP-ZNO-04776,HepG2,104.87,6,72.3,50.3,54.87,26.97,70.09,68.23,0 - 30.7
EXP-ZNO-04777,CHO,3.34,6,0.96,0.61,0.0,97.86,1.22,89.35,0 - 40.21
EXP-ZNO-04778,NIH-3T3,169.99,24,60.06,51.0,49.62,16.11,55.24,65.0,0 - 29.25
EXP-ZNO-04779,HEK293,150.98,72,60.32,51.6,51.91,12.66,60.57,40.85,0 - 18.38
EXP-ZNO-04780,Caco-2,94.55,24,56.98,52.19,47.8,27.94,59.3,50.0,0 - 22.5
EXP-ZNO-04781,MCF-7,73.83,24,89.83,76.41,73.07,13.73,104.4,35.0,0 - 15.75
EXP-ZNO-04782,A549,31.18,48,47.14,44.76,39.99,53.49,54.47,29.81,0 - 13.42
EXP-ZNO-04783,Caco-2,114.85,24,64.03,54.35,49.94,22.74,63.73,50.0,0 - 22.5
EXP-ZNO-04784,Caco-2,183.93,12,73.71,63.63,58.47,14.09,72.21,63.73,0 - 28.68
EXP-ZNO-04785,Caco-2,170.78,48,84.17,71.62,59.55,5.0,79.81,39.23,0 - 17.65
EXP-ZNO-04786,HepG2,161.14,72,79.92,76.27,66.96,5.0,89.22,28.59,0 - 12.87
EXP-ZNO-04787,PC12,125.39,72,85.77,79.42,72.31,10.14,97.57,27.23,0 - 12.25
EXP-ZNO-04788,HepG2,6.42,48,4.05,0.0,9.91,92.85,6.17,32.95,0 - 14.83
EXP-ZNO-04789,A549,183.9,72,94.36,79.34,77.69,9.32,105.32,25.87,0 - 11.64
EXP-ZNO-04790,HeLa,14.45,12,13.87,7.3,11.23,92.14,9.48,57.36,0 - 25.81
EXP-ZNO-04791,Jurkat,91.37,24,100.0,92.64,80.88,7.58,119.91,30.0,0 - 13.5
EXP-ZNO-04792,HeLa,197.47,48,89.01,73.82,64.33,5.0,86.02,35.31,0 - 15.89
EXP-ZNO-04793,PC12,44.85,12,41.65,43.71,38.15,51.96,51.32,50.98,0 - 22.94
EXP-ZNO-04794,HepG2,12.51,48,18.41,18.15,16.42,79.07,20.3,32.95,0 - 14.83
EXP-ZNO-04795,CHO,138.41,48,66.97,59.26,59.95,14.18,66.77,43.15,0 - 19.42
EXP-ZNO-04796,HEK293,139.14,72,62.57,52.1,53.32,16.93,59.38,40.85,0 - 18.38
EXP-ZNO-04797,A549,78.55,48,92.92,74.63,68.33,13.48,99.95,29.81,0 - 13.42
EXP-ZNO-04798,MCF-7,42.37,6,43.51,32.99,26.48,63.33,44.95,56.86,0 - 25.59
EXP-ZNO-04799,MCF-7,184.28,12,91.67,86.38,85.57,8.85,112.13,44.61,0 - 20.07
EXP-ZNO-04800,Jurkat,55.26,6,68.89,54.34,53.51,42.96,76.02,48.74,0 - 21.93
EXP-ZNO-04801,Jurkat,183.95,48,100.0,93.5,88.32,6.9,121.97,23.54,0 - 10.59
EXP-ZNO-04802,PC12,19.66,24,26.0,21.99,23.42,74.74,28.34,40.0,0 - 18.0
EXP-ZNO-04803,MCF-7,194.43,48,100.0,87.82,81.57,5.0,116.14,27.46,0 - 12.36
EXP-ZNO-04804,HepG2,171.22,24,77.98,68.12,68.16,12.45,83.8,42.0,0 - 18.9
EXP-ZNO-04805,NIH-3T3,97.64,48,45.6,44.31,35.06,26.67,46.15,51.0,0 - 22.95
EXP-ZNO-04806,PC12,142.26,24,82.93,71.47,67.98,12.96,93.18,40.0,0 - 18.0
EXP-ZNO-04807,HepG2,34.68,48,43.23,32.62,35.41,51.45,45.28,32.95,0 - 14.83
EXP-ZNO-04808,NIH-3T3,189.84,12,54.8,53.64,43.51,13.38,55.07,82.85,0 - 37.28
EXP-ZNO-04809,NIH-3T3,130.99,48,51.78,49.37,45.75,21.53,51.09,51.0,0 - 22.95
EXP-ZNO-04810,HepG2,19.77,72,33.49,31.02,33.8,60.71,37.87,28.59,0 - 12.87
EXP-ZNO-04811,NIH-3T3,176.74,6,43.5,44.96,40.46,29.66,45.35,105.59,0 - 47.52
EXP-ZNO-04812,A549,2.55,6,4.54,2.46,0.0,99.62,1.76,61.73,0 - 27.78
EXP-ZNO-04813,MCF-7,55.74,12,64.23,58.6,49.85,41.44,72.99,44.61,0 - 20.07
EXP-ZNO-04814,A549,39.02,6,29.95,25.92,26.26,71.65,33.59,61.73,0 - 27.78
EXP-ZNO-04815,NIH-3T3,192.69,48,51.22,50.58,46.04,14.07,54.16,51.0,0 - 22.95
EXP-ZNO-04816,Caco-2,121.42,72,74.81,59.45,61.6,11.74,73.39,34.04,0 - 15.32
EXP-ZNO-04817,CHO,153.02,72,64.36,58.56,63.48,9.05,68.99,37.44,0 - 16.85
EXP-ZNO-04818,HEK293,138.52,72,62.98,55.94,58.2,12.15,62.6,40.85,0 - 18.38
EXP-ZNO-04819,CHO,129.16,24,67.39,55.26,48.18,21.47,61.43,55.0,0 - 24.75
EXP-ZNO-04820,PC12,55.81,24,65.91,62.13,58.71,28.76,76.97,40.0,0 - 18.0
EXP-ZNO-04821,HEK293,39.87,12,16.45,15.02,9.14,77.41,15.48,76.47,0 - 34.41
EXP-ZNO-04822,Jurkat,142.53,12,100.0,83.87,75.39,12.97,113.63,38.24,0 - 17.21
EXP-ZNO-04823,Caco-2,171.02,24,75.97,61.02,62.26,13.44,73.12,50.0,0 - 22.5
EXP-ZNO-04824,Jurkat,19.22,6,16.72,14.71,14.75,86.27,19.02,48.74,0 - 21.93
EXP-ZNO-04825,NIH-3T3,39.41,48,16.09,12.53,17.53,67.28,19.27,51.0,0 - 22.95
EXP-ZNO-04826,HepG2,124.56,6,59.46,54.17,54.94,25.32,68.88,68.23,0 - 30.7
EXP-ZNO-04827,Jurkat,14.5,12,17.72,11.95,12.87,85.27,19.02,38.24,0 - 17.21
EXP-ZNO-04828,MCF-7,181.22,12,97.94,86.67,75.78,8.42,112.18,44.61,0 - 20.07
EXP-ZNO-04829,CHO,156.24,6,61.16,51.94,39.52,25.63,56.82,89.35,0 - 40.21
EXP-ZNO-04830,HeLa,155.57,24,72.31,65.82,56.52,16.0,74.81,45.0,0 - 20.25
EXP-ZNO-04831,PC12,67.47,72,75.9,67.93,65.21,17.35,87.95,27.23,0 - 12.25
EXP-ZNO-04832,NIH-3T3,22.16,12,19.79,11.65,8.02,81.42,12.96,82.85,0 - 37.28
EXP-ZNO-04833,Jurkat,74.78,12,94.09,81.74,70.73,17.57,107.77,38.24,0 - 17.21
EXP-ZNO-04834,HepG2,75.6,24,64.82,60.94,58.49,27.89,70.28,42.0,0 - 18.9
EXP-ZNO-04835,Caco-2,137.22,24,60.61,61.51,54.07,17.91,66.98,50.0,0 - 22.5
EXP-ZNO-04836,A549,75.38,72,89.32,82.53,76.36,10.0,104.04,25.87,0 - 11.64
EXP-ZNO-04837,NIH-3T3,121.05,24,46.57,36.31,33.1,33.73,42.29,65.0,0 - 29.25
EXP-ZNO-04838,A549,6.37,24,1.23,4.61,3.17,94.26,5.14,38.0,0 - 17.1
EXP-ZNO-04839,HeLa,19.54,24,14.12,13.19,11.89,84.86,14.16,45.0,0 - 20.25
EXP-ZNO-04840,NIH-3T3,140.57,24,48.36,52.87,42.65,27.08,48.37,65.0,0 - 29.25
EXP-ZNO-04841,Caco-2,103.32,12,50.55,50.27,42.76,32.79,54.79,63.73,0 - 28.68
EXP-ZNO-04842,PC12,99.74,72,89.04,79.76,69.9,9.09,98.57,27.23,0 - 12.25
EXP-ZNO-04843,NIH-3T3,105.44,6,32.21,30.61,26.6,53.0,30.82,105.59,0 - 47.52
EXP-ZNO-04844,MCF-7,114.31,24,100.0,89.21,82.59,5.27,116.42,35.0,0 - 15.75
EXP-ZNO-04845,HeLa,87.34,72,71.61,59.12,57.08,12.36,75.57,30.64,0 - 13.79
EXP-ZNO-04846,HepG2,99.24,72,75.82,70.76,60.54,13.78,81.87,28.59,0 - 12.87
EXP-ZNO-04847,HeLa,123.26,72,68.94,63.11,63.29,15.61,74.94,30.64,0 - 13.79
EXP-ZNO-04848,CHO,108.2,72,55.8,56.35,50.31,18.91,60.93,37.44,0 - 16.85
EXP-ZNO-04849,A549,181.54,12,98.24,83.95,80.92,5.0,110.25,48.43,0 - 21.79
EXP-ZNO-04850,A549,45.67,6,42.26,41.26,37.27,57.11,50.01,61.73,0 - 27.78
EXP-ZNO-04851,HepG2,134.18,6,74.03,67.52,62.17,18.55,78.73,68.23,0 - 30.7
EXP-ZNO-04852,HeLa,176.55,6,71.99,61.36,59.85,19.19,72.98,73.1,0 - 32.9
EXP-ZNO-04853,PC12,127.35,6,65.33,55.58,55.26,28.13,75.47,64.98,0 - 29.24
EXP-ZNO-04854,MCF-7,158.1,72,97.05,88.89,79.62,5.0,115.23,23.83,0 - 10.72
EXP-ZNO-04855,HeLa,81.26,72,66.54,59.71,52.32,16.91,71.66,30.64,0 - 13.79
EXP-ZNO-04856,HEK293,168.54,48,61.75,46.64,55.99,15.01,59.7,47.08,0 - 21.18
EXP-ZNO-04857,NIH-3T3,35.15,12,6.45,7.17,1.97,90.13,6.08,82.85,0 - 37.28
EXP-ZNO-04858,Caco-2,49.96,72,50.64,40.87,47.6,35.19,53.01,34.04,0 - 15.32
EXP-ZNO-04859,HepG2,159.95,24,76.05,69.52,69.2,10.4,84.86,42.0,0 - 18.9
EXP-ZNO-04860,NIH-3T3,60.15,24,32.53,22.33,21.8,57.92,27.33,65.0,0 - 29.25
EXP-ZNO-04861,HEK293,147.97,24,46.88,46.58,51.99,23.79,52.93,60.0,0 - 27.0
EXP-ZNO-04862,A549,156.93,72,100.0,85.45,83.1,6.2,110.62,25.87,0 - 11.64
EXP-ZNO-04863,A549,26.89,72,56.65,52.02,47.29,46.8,63.39,25.87,0 - 11.64
EXP-ZNO-04864,CHO,50.89,6,25.08,22.67,17.41,68.05,24.3,89.35,0 - 40.21
EXP-ZNO-04865,Caco-2,150.88,72,69.27,63.86,57.22,12.69,71.89,34.04,0 - 15.32
EXP-ZNO-04866,Caco-2,67.07,24,55.57,50.03,42.66,31.96,56.09,50.0,0 - 22.5
EXP-ZNO-04867,Jurkat,100.6,12,88.94,88.89,81.06,13.99,112.17,38.24,0 - 17.21
EXP-ZNO-04868,HeLa,50.34,12,38.28,30.14,27.42,54.53,39.02,57.36,0 - 25.81
EXP-ZNO-04869,CHO,103.48,6,39.92,36.01,32.54,48.66,39.54,89.35,0 - 40.21
EXP-ZNO-04870,PC12,36.3,72,60.35,51.52,51.52,39.37,66.52,27.23,0 - 12.25
EXP-ZNO-04871,A549,20.25,24,29.6,23.78,25.59,68.58,34.84,38.0,0 - 17.1
EXP-ZNO-04872,PC12,190.37,12,84.32,80.52,64.05,16.15,92.55,50.98,0 - 22.94
EXP-ZNO-04873,PC12,116.01,48,85.43,72.17,69.39,14.5,93.23,31.38,0 - 14.12
EXP-ZNO-04874,HeLa,24.1,6,10.69,15.17,16.75,85.64,14.11,73.1,0 - 32.9
EXP-ZNO-04875,PC12,152.41,72,92.79,78.72,78.51,6.89,102.0,27.23,0 - 12.25
EXP-ZNO-04876,A549,170.57,72,96.49,83.81,76.87,5.0,109.08,25.87,0 - 11.64
EXP-ZNO-04877,HepG2,26.33,72,33.08,37.44,35.25,55.19,41.92,28.59,0 - 12.87
EXP-ZNO-04878,HEK293,20.85,48,9.93,12.55,9.84,83.34,11.62,47.08,0 - 21.18
EXP-ZNO-04879,MCF-7,52.01,48,81.16,74.55,64.47,25.01,93.22,27.46,0 - 12.36
EXP-ZNO-04880,Jurkat,57.9,24,93.66,72.67,66.17,24.38,100.58,30.0,0 - 13.5
EXP-ZNO-04881,HEK293,190.31,72,69.24,55.62,58.21,8.18,65.31,40.85,0 - 18.38
EXP-ZNO-04882,A549,147.45,12,92.06,78.33,77.98,9.72,104.4,48.43,0 - 21.79
EXP-ZNO-04883,CHO,148.86,6,59.9,51.22,43.03,26.91,56.4,89.35,0 - 40.21
EXP-ZNO-04884,MCF-7,144.18,6,84.33,67.48,67.26,23.13,94.39,56.86,0 - 25.59
EXP-ZNO-04885,CHO,5.94,24,7.13,2.45,7.34,92.28,6.08,55.0,0 - 24.75
EXP-ZNO-04886,Jurkat,127.52,12,91.84,83.22,72.33,15.85,108.91,38.24,0 - 17.21
EXP-ZNO-04887,HepG2,191.69,48,77.93,68.28,68.09,11.28,84.42,32.95,0 - 14.83
EXP-ZNO-04888,CHO,13.63,6,4.55,2.58,6.29,92.38,5.45,89.35,0 - 40.21
EXP-ZNO-04889,CHO,56.35,48,43.97,46.41,40.35,39.54,46.83,43.15,0 - 19.42
EXP-ZNO-04890,Caco-2,98.02,12,56.06,50.2,41.73,34.54,54.84,63.73,0 - 28.68
EXP-ZNO-04891,HeLa,175.06,48,77.91,72.56,65.59,7.15,82.73,35.31,0 - 15.89
EXP-ZNO-04892,MCF-7,166.0,12,98.89,84.99,77.87,9.49,111.83,44.61,0 - 20.07
EXP-ZNO-04893,HepG2,89.53,72,89.73,73.66,65.2,10.76,87.56,28.59,0 - 12.87
EXP-ZNO-04894,CHO,76.13,12,43.47,35.49,33.64,43.65,42.51,70.1,0 - 31.55
EXP-ZNO-04895,A549,92.92,48,87.13,80.5,75.62,12.04,101.79,29.81,0 - 13.42
EXP-ZNO-04896,HepG2,119.06,72,89.61,79.82,71.17,5.0,92.47,28.59,0 - 12.87
EXP-ZNO-04897,MCF-7,193.98,6,98.46,85.32,76.77,7.49,112.83,56.86,0 - 25.59
EXP-ZNO-04898,Jurkat,86.84,6,70.02,62.27,59.6,33.64,85.1,48.74,0 - 21.93
EXP-ZNO-04899,PC12,130.04,12,84.46,75.07,67.15,14.96,92.86,50.98,0 - 22.94
EXP-ZNO-04900,HeLa,4.62,12,0.0,8.32,5.33,95.43,4.33,57.36,0 - 25.81
EXP-ZNO-04901,Jurkat,71.17,72,99.07,83.96,76.78,16.01,111.7,20.42,0 - 9.19
EXP-ZNO-04902,PC12,194.05,6,82.06,74.96,62.49,15.7,91.06,64.98,0 - 29.24
EXP-ZNO-04903,PC12,162.0,48,82.92,78.46,74.11,8.22,98.16,31.38,0 - 14.12
EXP-ZNO-04904,Caco-2,171.74,48,69.86,55.5,57.51,14.05,70.2,39.23,0 - 17.65
EXP-ZNO-04905,NIH-3T3,31.38,6,17.54,8.14,4.25,82.67,11.23,105.59,0 - 47.52
EXP-ZNO-04906,HEK293,182.69,6,53.97,42.48,40.63,24.66,51.79,97.47,0 - 43.86
EXP-ZNO-04907,HeLa,184.93,24,66.73,62.71,61.21,9.39,77.24,45.0,0 - 20.25
EXP-ZNO-04908,HeLa,133.71,6,60.39,54.35,53.72,29.83,63.37,73.1,0 - 32.9
EXP-ZNO-04909,CHO,170.13,48,64.95,63.09,51.25,17.14,64.41,43.15,0 - 19.42
EXP-ZNO-04910,Caco-2,100.33,12,47.4,42.32,39.3,44.42,47.04,63.73,0 - 28.68
EXP-ZNO-04911,HepG2,13.74,24,1.9,3.21,4.28,92.69,5.42,42.0,0 - 18.9
EXP-ZNO-04912,MCF-7,95.78,6,84.08,70.28,68.13,25.0,93.85,56.86,0 - 25.59
EXP-ZNO-04913,HeLa,10.11,24,4.25,1.14,1.95,99.43,1.6,45.0,0 - 20.25
EXP-ZNO-04914,HEK293,63.97,6,15.99,23.89,16.61,70.69,20.34,97.47,0 - 43.86
EXP-ZNO-04915,CHO,69.45,48,61.99,52.18,44.55,29.14,56.1,43.15,0 - 19.42
EXP-ZNO-04916,HepG2,181.12,48,81.63,73.89,67.34,8.57,87.39,32.95,0 - 14.83
EXP-ZNO-04917,A549,58.34,24,62.68,53.66,51.61,37.65,71.4,38.0,0 - 17.1
EXP-ZNO-04918,A549,23.83,12,31.51,24.65,26.94,70.64,34.46,48.43,0 - 21.79
EXP-ZNO-04919,HEK293,90.69,72,52.95,52.52,48.85,25.65,53.52,40.85,0 - 18.38
EXP-ZNO-04920,CHO,24.95,12,11.28,11.7,11.34,87.07,10.96,70.1,0 - 31.55
EXP-ZNO-04921,A549,172.06,48,100.0,90.3,80.92,6.61,110.85,29.81,0 - 13.42
EXP-ZNO-04922,HeLa,78.74,12,45.65,36.29,34.9,42.29,48.66,57.36,0 - 25.81
EXP-ZNO-04923,HeLa,170.67,24,69.07,67.33,61.76,13.03,76.66,45.0,0 - 20.25
EXP-ZNO-04924,Jurkat,43.0,24,77.57,65.68,59.28,32.16,88.63,30.0,0 - 13.5
EXP-ZNO-04925,MCF-7,23.55,12,29.27,27.59,25.72,74.25,33.41,44.61,0 - 20.07
EXP-ZNO-04926,HEK293,199.43,72,73.73,61.78,59.07,5.0,68.32,40.85,0 - 18.38
EXP-ZNO-04927,HepG2,186.51,24,76.66,67.16,60.41,14.67,80.99,42.0,0 - 18.9
EXP-ZNO-04928,MCF-7,177.03,6,87.41,76.29,69.51,19.2,99.69,56.86,0 - 25.59
EXP-ZNO-04929,MCF-7,111.49,6,79.86,70.4,68.61,24.11,93.46,56.86,0 - 25.59
EXP-ZNO-04930,NIH-3T3,168.23,48,55.1,48.23,51.34,16.47,54.18,51.0,0 - 22.95
EXP-ZNO-04931,NIH-3T3,186.64,12,54.42,45.07,41.51,26.06,48.67,82.85,0 - 37.28
EXP-ZNO-04932,HEK293,199.38,12,63.52,53.61,54.63,9.15,63.21,76.47,0 - 34.41
EXP-ZNO-04933,HeLa,164.85,72,82.71,67.3,62.81,10.42,80.85,30.64,0 - 13.79
EXP-ZNO-04934,HEK293,178.67,48,67.55,64.44,50.79,7.44,65.51,47.08,0 - 21.18
EXP-ZNO-04935,CHO,176.99,48,66.72,61.58,53.15,10.95,67.57,43.15,0 - 19.42
EXP-ZNO-04936,Jurkat,144.93,6,90.28,75.13,79.99,16.12,108.24,48.74,0 - 21.93
EXP-ZNO-04937,HEK293,119.78,12,53.85,37.84,40.39,31.44,48.27,76.47,0 - 34.41
EXP-ZNO-04938,A549,9.98,12,17.09,7.85,11.41,89.42,13.92,48.43,0 - 21.79
EXP-ZNO-04939,A549,127.2,6,76.08,64.08,66.44,23.74,87.51,61.73,0 - 27.78
EXP-ZNO-04940,NIH-3T3,153.41,24,50.6,47.49,41.96,20.76,50.53,65.0,0 - 29.25
EXP-ZNO-04941,MCF-7,76.03,72,86.47,70.14,71.4,18.16,99.31,23.83,0 - 10.72
EXP-ZNO-04942,MCF-7,103.02,12,90.4,75.54,75.38,21.2,100.15,44.61,0 - 20.07
EXP-ZNO-04943,HEK293,103.13,24,52.64,45.81,47.14,26.19,52.17,60.0,0 - 27.0
EXP-ZNO-04944,HEK293,19.66,6,2.05,1.96,3.24,90.04,5.24,97.47,0 - 43.86
EXP-ZNO-04945,HeLa,67.54,24,58.0,47.39,42.71,37.16,56.54,45.0,0 - 20.25
EXP-ZNO-04946,HEK293,156.88,72,68.76,70.33,52.31,8.09,66.39,40.85,0 - 18.38
EXP-ZNO-04947,PC12,88.5,24,68.23,61.4,57.94,27.73,77.83,40.0,0 - 18.0
EXP-ZNO-04948,A549,142.53,12,83.01,74.8,73.61,16.35,96.83,48.43,0 - 21.79
EXP-ZNO-04949,NIH-3T3,97.61,12,38.03,33.46,29.83,43.14,36.42,82.85,0 - 37.28
EXP-ZNO-04950,CHO,9.66,72,5.92,6.76,10.68,89.11,8.32,37.44,0 - 16.85
EXP-ZNO-04951,PC12,191.34,6,79.69,70.27,67.0,18.01,89.15,64.98,0 - 29.24
EXP-ZNO-04952,PC12,111.55,24,79.59,67.55,66.17,18.09,88.47,40.0,0 - 18.0
EXP-ZNO-04953,PC12,23.57,6,16.93,11.42,6.51,88.64,13.52,64.98,0 - 29.24
EXP-ZNO-04954,Jurkat,170.26,72,100.0,97.2,85.17,5.0,123.31,20.42,0 - 9.19
EXP-ZNO-04955,NIH-3T3,123.08,12,51.04,32.55,40.3,34.49,43.11,82.85,0 - 37.28
EXP-ZNO-04956,PC12,190.01,24,94.82,80.43,80.11,5.0,104.13,40.0,0 - 18.0
EXP-ZNO-04957,HepG2,25.18,24,22.15,30.02,21.9,69.91,28.63,42.0,0 - 18.9
EXP-ZNO-04958,HeLa,93.22,72,83.82,66.39,65.38,11.4,80.83,30.64,0 - 13.79
EXP-ZNO-04959,A549,106.5,12,89.01,76.27,69.4,15.76,98.13,48.43,0 - 21.79
EXP-ZNO-04960,PC12,133.99,6,78.47,63.91,59.89,27.97,80.82,64.98,0 - 29.24
EXP-ZNO-04961,Caco-2,161.6,72,80.91,65.67,59.28,7.97,76.89,34.04,0 - 15.32
EXP-ZNO-04962,HEK293,120.62,72,61.36,51.79,50.16,12.73,60.52,40.85,0 - 18.38
EXP-ZNO-04963,Caco-2,30.79,6,5.06,10.49,8.58,86.79,9.95,81.23,0 - 36.55
EXP-ZNO-04964,HEK293,39.39,24,14.06,25.6,15.64,67.47,21.47,60.0,0 - 27.0
EXP-ZNO-04965,NIH-3T3,71.47,6,24.65,16.16,16.67,71.36,19.34,105.59,0 - 47.52
EXP-ZNO-04966,CHO,124.25,12,47.36,52.32,46.31,26.83,54.77,70.1,0 - 31.55
EXP-ZNO-04967,Caco-2,163.2,24,73.25,59.51,55.05,12.03,72.03,50.0,0 - 22.5
EXP-ZNO-04968,CHO,123.85,12,45.56,45.64,45.32,29.33,52.28,70.1,0 - 31.55
EXP-ZNO-04969,HeLa,10.78,12,6.18,2.94,7.02,94.01,5.72,57.36,0 - 25.81
EXP-ZNO-04970,MCF-7,141.1,72,100.0,90.59,88.6,5.0,117.97,23.83,0 - 10.72
EXP-ZNO-04971,HeLa,40.13,6,17.67,25.77,22.48,70.13,25.71,73.1,0 - 32.9
EXP-ZNO-04972,CHO,197.0,72,69.61,61.05,62.35,5.0,71.94,37.44,0 - 16.85
EXP-ZNO-04973,MCF-7,121.59,12,89.06,76.17,73.24,15.37,103.17,44.61,0 - 20.07
EXP-ZNO-04974,HepG2,93.11,24,74.52,66.62,58.32,18.55,78.09,42.0,0 - 18.9
EXP-ZNO-04975,CHO,49.67,12,34.63,33.02,26.55,59.51,32.5,70.1,0 - 31.55
EXP-ZNO-04976,PC12,25.85,12,18.59,24.8,18.86,74.99,26.19,50.98,0 - 22.94
EXP-ZNO-04977,CHO,183.1,48,70.5,65.67,58.8,6.04,71.78,43.15,0 - 19.42
EXP-ZNO-04978,Jurkat,83.4,6,75.92,71.02,61.81,32.0,89.84,48.74,0 - 21.93
EXP-ZNO-04979,Jurkat,89.69,12,100.0,89.35,73.86,12.07,114.98,38.24,0 - 17.21
EXP-ZNO-04980,HeLa,136.63,48,65.84,63.65,56.33,15.5,73.41,35.31,0 - 15.89
EXP-ZNO-04981,NIH-3T3,50.59,72,35.58,36.47,25.26,45.07,35.07,44.25,0 - 19.91
EXP-ZNO-04982,HEK293,85.94,48,51.21,45.21,42.56,28.18,50.42,47.08,0 - 21.18
EXP-ZNO-04983,Caco-2,141.9,24,67.55,68.75,57.65,15.49,70.99,50.0,0 - 22.5
EXP-ZNO-04984,Jurkat,178.84,24,100.0,92.97,80.98,5.0,121.67,30.0,0 - 13.5
EXP-ZNO-04985,HepG2,129.24,24,69.37,57.87,48.28,25.83,70.23,42.0,0 - 18.9
EXP-ZNO-04986,PC12,155.14,24,92.2,80.9,70.72,9.34,99.49,40.0,0 - 18.0
EXP-ZNO-04987,Jurkat,10.35,6,7.11,7.02,7.73,89.79,11.36,48.74,0 - 21.93
EXP-ZNO-04988,HEK293,132.29,12,58.08,49.06,37.44,29.32,50.94,76.47,0 - 34.41
EXP-ZNO-04989,CHO,88.96,6,41.52,36.43,31.62,51.33,38.56,89.35,0 - 40.21
EXP-ZNO-04990,MCF-7,33.06,48,62.97,60.96,53.31,37.6,76.17,27.46,0 - 12.36
EXP-ZNO-04991,MCF-7,23.94,24,34.75,34.45,31.15,66.36,42.01,35.0,0 - 15.75
EXP-ZNO-04992,HepG2,1.99,6,10.21,3.29,3.8,93.61,6.62,68.23,0 - 30.7
EXP-ZNO-04993,A549,49.33,12,57.27,45.52,41.66,48.32,60.45,48.43,0 - 21.79
EXP-ZNO-04994,HepG2,101.88,48,78.05,69.33,67.4,9.52,85.43,32.95,0 - 14.83
EXP-ZNO-04995,Caco-2,7.47,72,8.0,11.41,10.62,89.33,9.73,34.04,0 - 15.32
EXP-ZNO-04996,Caco-2,70.41,6,41.43,27.95,32.24,51.72,39.38,81.23,0 - 36.55
EXP-ZNO-04997,A549,85.95,24,83.03,69.27,68.71,20.7,92.34,38.0,0 - 17.1
EXP-ZNO-04998,Caco-2,184.91,24,62.49,59.55,54.33,16.13,67.94,50.0,0 - 22.5
EXP-ZNO-04999,HEK293,177.36,48,68.89,56.46,51.65,8.94,64.2,47.08,0 - 21.18
EXP-ZNO-05000,PC12,56.3,24,64.66,57.42,53.51,30.68,73.87,40.0,0 - 18.0
